model,seed,family,fold,split,population,date,loss_sum,rows
S,123,fixed,main,development_holdout,P0_legacy,2017-02-06,30.130063795009267,38
S,123,fixed,main,development_holdout,P0_legacy,2017-02-07,30.1831265905066,38
S,123,fixed,main,development_holdout,P0_legacy,2017-02-08,31.70180522627282,38
S,123,fixed,main,development_holdout,P0_legacy,2017-02-09,26.64793942369976,38
S,123,fixed,main,development_holdout,P0_legacy,2017-02-10,25.898991488625455,38
S,123,fixed,main,development_holdout,P0_legacy,2017-02-13,30.707173756491287,38
S,123,fixed,main,development_holdout,P0_legacy,2017-02-14,23.65233849344105,38
S,123,fixed,main,development_holdout,P0_legacy,2017-02-15,39.14759214836677,38
S,123,fixed,main,development_holdout,P0_legacy,2017-02-16,43.09034106959805,38
S,123,fixed,main,development_holdout,P0_legacy,2017-02-17,28.695630180258945,38
S,123,fixed,main,development_holdout,P0_legacy,2017-02-20,29.92359821192077,38
S,123,fixed,main,development_holdout,P0_legacy,2017-02-21,28.680810806488765,38
S,123,fixed,main,development_holdout,P0_legacy,2017-02-22,36.01113150681043,38
S,123,fixed,main,development_holdout,P0_legacy,2017-02-23,39.23350768930247,38
S,123,fixed,main,development_holdout,P0_legacy,2017-02-24,34.02333268974815,38
S,123,fixed,main,development_holdout,P0_legacy,2017-02-27,40.17005132648391,38
S,123,fixed,main,development_holdout,P0_legacy,2017-02-28,26.247157632001752,38
S,123,fixed,main,development_holdout,P0_legacy,2017-03-02,46.11709886002321,38
S,123,fixed,main,development_holdout,P0_legacy,2017-03-03,45.13406477027534,38
S,123,fixed,main,development_holdout,P0_legacy,2017-03-06,44.191466720460184,38
S,123,fixed,main,development_holdout,P0_legacy,2017-03-07,40.80740057331686,38
S,123,fixed,main,development_holdout,P0_legacy,2017-03-08,34.546530410487335,38
S,123,fixed,main,development_holdout,P0_legacy,2017-03-09,42.23797006508876,38
S,123,fixed,main,development_holdout,P0_legacy,2017-03-10,39.2263150413401,38
S,123,fixed,main,development_holdout,P0_legacy,2017-03-13,37.851193132955196,38
S,123,fixed,main,development_holdout,P0_legacy,2017-03-14,34.933218470974644,38
S,123,fixed,main,development_holdout,P0_legacy,2017-03-15,40.39947744338718,38
S,123,fixed,main,development_holdout,P0_legacy,2017-03-16,31.463662280412464,38
S,123,fixed,main,development_holdout,P0_legacy,2017-03-17,36.002489373261994,38
S,123,fixed,main,development_holdout,P0_legacy,2017-03-20,30.083792452286975,38
S,123,fixed,main,development_holdout,P0_legacy,2017-03-21,22.906334478265304,38
S,123,fixed,main,development_holdout,P0_legacy,2017-03-22,21.814509706203633,38
S,123,fixed,main,development_holdout,P0_legacy,2017-03-23,33.59673449299868,38
S,123,fixed,main,development_holdout,P0_legacy,2017-03-24,34.8353025926562,38
S,123,fixed,main,development_holdout,P0_legacy,2017-03-27,44.21157261979778,38
S,123,fixed,main,development_holdout,P0_legacy,2017-03-28,31.72281602078301,38
S,123,fixed,main,development_holdout,P0_legacy,2017-03-29,38.8110961738198,38
S,123,fixed,main,development_holdout,P0_legacy,2017-03-30,40.1629185419554,38
S,123,fixed,main,development_holdout,P0_legacy,2017-03-31,29.03085097623391,38
S,123,fixed,main,development_holdout,P0_legacy,2017-04-03,37.872205471145605,38
S,123,fixed,main,development_holdout,P0_legacy,2017-04-04,37.004146600572916,38
S,123,fixed,main,development_holdout,P0_legacy,2017-04-05,43.11835523317861,38
S,123,fixed,main,development_holdout,P0_legacy,2017-04-06,34.996469464523805,38
S,123,fixed,main,development_holdout,P0_legacy,2017-04-07,41.201398183936995,38
S,123,fixed,main,development_holdout,P0_legacy,2017-04-10,42.442739966989606,38
S,123,fixed,main,development_holdout,P0_legacy,2017-04-11,30.134888473680856,38
S,123,fixed,main,development_holdout,P0_legacy,2017-04-12,36.14082691322337,38
S,123,fixed,main,development_holdout,P0_legacy,2017-04-13,40.79470330706386,38
S,123,fixed,main,development_holdout,P0_legacy,2017-04-14,36.004439243525354,38
S,123,fixed,main,development_holdout,P0_legacy,2017-04-17,36.067693990028324,38
S,123,fixed,main,development_holdout,P0_legacy,2017-04-18,39.774335838540985,38
S,123,fixed,main,development_holdout,P0_legacy,2017-04-19,35.9149807875125,38
S,123,fixed,main,development_holdout,P0_legacy,2017-04-20,35.40932096742948,38
S,123,fixed,main,development_holdout,P0_legacy,2017-04-21,34.83814246385394,38
S,123,fixed,main,development_holdout,P0_legacy,2017-04-24,37.229787582176336,38
S,123,fixed,main,development_holdout,P0_legacy,2017-04-25,42.80126135409391,38
S,123,fixed,main,development_holdout,P0_legacy,2017-04-26,36.093649810381855,38
S,123,fixed,main,development_holdout,P0_legacy,2017-04-27,31.734517636397698,38
S,123,fixed,main,development_holdout,P0_legacy,2017-04-28,40.018945072656834,38
S,123,fixed,main,development_holdout,P0_legacy,2017-05-02,41.42519493857184,38
S,123,fixed,main,development_holdout,P0_legacy,2017-05-04,35.21869645922975,38
S,123,fixed,main,development_holdout,P0_legacy,2017-05-08,35.506942037943766,38
S,123,fixed,main,development_holdout,P0_legacy,2017-05-10,43.98273704022583,38
S,123,fixed,main,development_holdout,P0_legacy,2017-05-11,42.457492137156024,38
S,123,fixed,main,development_holdout,P0_legacy,2017-05-12,41.334772722212705,38
S,123,fixed,main,development_holdout,P0_legacy,2017-05-15,43.12730888109378,38
S,123,fixed,main,development_holdout,P0_legacy,2017-05-16,43.12367264888044,38
S,123,fixed,main,development_holdout,P0_legacy,2017-05-17,41.82654722305658,38
S,123,fixed,main,development_holdout,P0_legacy,2017-05-18,35.95397459819946,38
S,123,fixed,main,development_holdout,P0_legacy,2017-05-19,35.323258369941286,38
S,123,fixed,main,development_holdout,P0_legacy,2017-05-22,39.26263171668056,38
S,123,fixed,main,development_holdout,P0_legacy,2017-05-23,41.98429268897068,38
S,123,fixed,main,development_holdout,P0_legacy,2017-05-24,40.446405412736354,38
S,123,fixed,main,development_holdout,P0_legacy,2017-05-25,31.086566437312182,38
S,123,fixed,main,development_holdout,P0_legacy,2017-05-26,33.930975615908544,38
S,123,fixed,main,development_holdout,P0_legacy,2017-05-29,38.001341730092086,38
S,123,fixed,main,development_holdout,P0_legacy,2017-05-30,40.62898972543563,38
S,123,fixed,main,development_holdout,P0_legacy,2017-05-31,42.531741292380545,38
S,123,fixed,main,development_holdout,P0_legacy,2017-06-01,39.75819663648115,38
S,123,fixed,main,development_holdout,P0_legacy,2017-06-02,39.32505000942484,38
S,123,fixed,main,development_holdout,P0_legacy,2017-06-05,40.70498259638109,38
S,123,fixed,main,development_holdout,P0_legacy,2017-06-07,39.26057003689205,38
S,123,fixed,main,development_holdout,P0_legacy,2017-06-08,38.77068984728326,38
S,123,fixed,main,development_holdout,P0_legacy,2017-06-09,31.435681281308632,38
S,123,fixed,main,development_holdout,P0_legacy,2017-06-12,40.54322542662327,38
S,123,fixed,main,development_holdout,P0_legacy,2017-06-13,40.76382741944311,38
S,123,fixed,main,development_holdout,P0_legacy,2017-06-14,42.6852734848909,38
S,123,fixed,main,development_holdout,P0_legacy,2017-06-15,37.87379383883422,38
S,123,fixed,main,development_holdout,P0_legacy,2017-06-16,37.268869389782445,38
S,123,fixed,main,development_holdout,P0_legacy,2017-06-19,39.032188601505915,38
S,123,fixed,main,development_holdout,P0_legacy,2017-06-20,43.057677957887634,38
S,123,fixed,main,development_holdout,P0_legacy,2017-06-21,39.85204540339778,38
S,123,fixed,main,development_holdout,P0_legacy,2017-06-22,44.134395529047666,38
S,123,fixed,main,development_holdout,P0_legacy,2017-06-23,39.15983025515356,38
S,123,fixed,main,development_holdout,P0_legacy,2017-06-26,34.2505235440129,38
S,123,fixed,main,development_holdout,P0_legacy,2017-06-27,45.48831277085931,38
S,123,fixed,main,development_holdout,P0_legacy,2017-06-28,41.886496837160024,38
S,123,fixed,main,development_holdout,P0_legacy,2017-06-29,42.74032352308409,38
S,123,fixed,main,development_holdout,P0_legacy,2017-06-30,36.67216403355151,38
S,123,fixed,main,development_holdout,P1_valid_cache_endpoints,2017-02-06,29.905535324931833,37
S,123,fixed,main,development_holdout,P1_valid_cache_endpoints,2017-02-07,29.59244176285746,37
S,123,fixed,main,development_holdout,P1_valid_cache_endpoints,2017-02-08,31.378868928158884,37
S,123,fixed,main,development_holdout,P1_valid_cache_endpoints,2017-02-09,26.072073364091345,37
S,123,fixed,main,development_holdout,P1_valid_cache_endpoints,2017-02-10,25.60159757356278,37
S,123,fixed,main,development_holdout,P1_valid_cache_endpoints,2017-02-13,30.386653469682223,37
S,123,fixed,main,development_holdout,P1_valid_cache_endpoints,2017-02-14,23.381879348577286,37
S,123,fixed,main,development_holdout,P1_valid_cache_endpoints,2017-02-15,38.31021741346596,37
S,123,fixed,main,development_holdout,P1_valid_cache_endpoints,2017-02-16,42.30672916956225,37
S,123,fixed,main,development_holdout,P1_valid_cache_endpoints,2017-02-17,28.36959860562694,37
S,123,fixed,main,development_holdout,P1_valid_cache_endpoints,2017-02-20,29.26429270813157,37
S,123,fixed,main,development_holdout,P1_valid_cache_endpoints,2017-02-21,28.38897983425114,37
S,123,fixed,main,development_holdout,P1_valid_cache_endpoints,2017-02-22,35.6032475185001,37
S,123,fixed,main,development_holdout,P1_valid_cache_endpoints,2017-02-23,38.688941346636796,37
S,123,fixed,main,development_holdout,P1_valid_cache_endpoints,2017-02-24,33.525804677567095,37
S,123,fixed,main,development_holdout,P1_valid_cache_endpoints,2017-02-27,39.90932614800023,37
S,123,fixed,main,development_holdout,P1_valid_cache_endpoints,2017-02-28,25.217810745253043,37
S,123,fixed,main,development_holdout,P1_valid_cache_endpoints,2017-03-02,45.67884894332004,37
S,123,fixed,main,development_holdout,P1_valid_cache_endpoints,2017-03-03,44.884125011246205,37
S,123,fixed,main,development_holdout,P1_valid_cache_endpoints,2017-03-06,43.781937198723966,37
S,123,fixed,main,development_holdout,P1_valid_cache_endpoints,2017-03-07,40.58842498533549,37
S,123,fixed,main,development_holdout,P1_valid_cache_endpoints,2017-03-08,34.14139437017281,37
S,123,fixed,main,development_holdout,P1_valid_cache_endpoints,2017-03-09,41.82043455312335,37
S,123,fixed,main,development_holdout,P1_valid_cache_endpoints,2017-03-10,38.81223341775448,37
S,123,fixed,main,development_holdout,P1_valid_cache_endpoints,2017-03-13,36.959826440998675,37
S,123,fixed,main,development_holdout,P1_valid_cache_endpoints,2017-03-14,34.10294926749048,37
S,123,fixed,main,development_holdout,P1_valid_cache_endpoints,2017-03-15,40.33123091892956,37
S,123,fixed,main,development_holdout,P1_valid_cache_endpoints,2017-03-16,30.638805639773473,37
S,123,fixed,main,development_holdout,P1_valid_cache_endpoints,2017-03-17,35.633397813359906,37
S,123,fixed,main,development_holdout,P1_valid_cache_endpoints,2017-03-20,29.79962714862292,37
S,123,fixed,main,development_holdout,P1_valid_cache_endpoints,2017-03-21,22.271196534431375,37
S,123,fixed,main,development_holdout,P1_valid_cache_endpoints,2017-03-22,21.63149735973124,37
S,123,fixed,main,development_holdout,P1_valid_cache_endpoints,2017-03-23,32.66583941604555,37
S,123,fixed,main,development_holdout,P1_valid_cache_endpoints,2017-03-24,32.33150188121317,35
S,123,fixed,main,development_holdout,P1_valid_cache_endpoints,2017-03-27,43.80296878008125,37
S,123,fixed,main,development_holdout,P1_valid_cache_endpoints,2017-03-28,31.486197164933603,37
S,123,fixed,main,development_holdout,P1_valid_cache_endpoints,2017-03-29,38.2548051579675,37
S,123,fixed,main,development_holdout,P1_valid_cache_endpoints,2017-03-30,39.223525837649916,37
S,123,fixed,main,development_holdout,P1_valid_cache_endpoints,2017-03-31,28.295558940300452,37
S,123,fixed,main,development_holdout,P1_valid_cache_endpoints,2017-04-03,37.24301917274582,37
S,123,fixed,main,development_holdout,P1_valid_cache_endpoints,2017-04-04,36.68413984604074,37
S,123,fixed,main,development_holdout,P1_valid_cache_endpoints,2017-04-05,42.09119113463839,37
S,123,fixed,main,development_holdout,P1_valid_cache_endpoints,2017-04-06,34.322337318803136,37
S,123,fixed,main,development_holdout,P1_valid_cache_endpoints,2017-04-07,40.39154361790214,37
S,123,fixed,main,development_holdout,P1_valid_cache_endpoints,2017-04-10,41.46195969723873,37
S,123,fixed,main,development_holdout,P1_valid_cache_endpoints,2017-04-11,29.518949423770195,37
S,123,fixed,main,development_holdout,P1_valid_cache_endpoints,2017-04-12,35.00505047021028,37
S,123,fixed,main,development_holdout,P1_valid_cache_endpoints,2017-04-13,40.295122289482975,37
S,123,fixed,main,development_holdout,P1_valid_cache_endpoints,2017-04-14,35.287917975783266,37
S,123,fixed,main,development_holdout,P1_valid_cache_endpoints,2017-04-17,35.77595360530033,37
S,123,fixed,main,development_holdout,P1_valid_cache_endpoints,2017-04-18,38.878540437418,37
S,123,fixed,main,development_holdout,P1_valid_cache_endpoints,2017-04-19,35.64877396705098,37
S,123,fixed,main,development_holdout,P1_valid_cache_endpoints,2017-04-20,34.871878482116045,37
S,123,fixed,main,development_holdout,P1_valid_cache_endpoints,2017-04-21,34.23885452259029,37
S,123,fixed,main,development_holdout,P1_valid_cache_endpoints,2017-04-24,36.47971683054838,37
S,123,fixed,main,development_holdout,P1_valid_cache_endpoints,2017-04-25,42.3620639546042,37
S,123,fixed,main,development_holdout,P1_valid_cache_endpoints,2017-04-26,35.42677952014765,37
S,123,fixed,main,development_holdout,P1_valid_cache_endpoints,2017-04-27,30.8441154652369,37
S,123,fixed,main,development_holdout,P1_valid_cache_endpoints,2017-04-28,39.14642218352603,37
S,123,fixed,main,development_holdout,P1_valid_cache_endpoints,2017-05-02,40.83577957579523,37
S,123,fixed,main,development_holdout,P1_valid_cache_endpoints,2017-05-04,34.49956084150564,37
S,123,fixed,main,development_holdout,P1_valid_cache_endpoints,2017-05-08,35.17099332380863,37
S,123,fixed,main,development_holdout,P1_valid_cache_endpoints,2017-05-10,42.94606092960262,37
S,123,fixed,main,development_holdout,P1_valid_cache_endpoints,2017-05-11,41.579777282920645,37
S,123,fixed,main,development_holdout,P1_valid_cache_endpoints,2017-05-12,40.68263032809772,37
S,123,fixed,main,development_holdout,P1_valid_cache_endpoints,2017-05-15,42.31874279853265,37
S,123,fixed,main,development_holdout,P1_valid_cache_endpoints,2017-05-16,42.23938871574907,37
S,123,fixed,main,development_holdout,P1_valid_cache_endpoints,2017-05-17,41.10772071282887,37
S,123,fixed,main,development_holdout,P1_valid_cache_endpoints,2017-05-18,35.11957054676347,37
S,123,fixed,main,development_holdout,P1_valid_cache_endpoints,2017-05-19,34.05324233291019,37
S,123,fixed,main,development_holdout,P1_valid_cache_endpoints,2017-05-22,38.50169339145528,37
S,123,fixed,main,development_holdout,P1_valid_cache_endpoints,2017-05-23,41.38945185298352,37
S,123,fixed,main,development_holdout,P1_valid_cache_endpoints,2017-05-24,39.984467287635624,37
S,123,fixed,main,development_holdout,P1_valid_cache_endpoints,2017-05-25,30.920028287383474,37
S,123,fixed,main,development_holdout,P1_valid_cache_endpoints,2017-05-26,33.07019306221317,37
S,123,fixed,main,development_holdout,P1_valid_cache_endpoints,2017-05-29,37.672740332692115,37
S,123,fixed,main,development_holdout,P1_valid_cache_endpoints,2017-05-30,40.187858691629174,37
S,123,fixed,main,development_holdout,P1_valid_cache_endpoints,2017-05-31,41.97746033371904,37
S,123,fixed,main,development_holdout,P1_valid_cache_endpoints,2017-06-01,38.77045960542844,37
S,123,fixed,main,development_holdout,P1_valid_cache_endpoints,2017-06-02,38.39183227271688,37
S,123,fixed,main,development_holdout,P1_valid_cache_endpoints,2017-06-05,39.68575262550153,37
S,123,fixed,main,development_holdout,P1_valid_cache_endpoints,2017-06-07,38.7661126804107,37
S,123,fixed,main,development_holdout,P1_valid_cache_endpoints,2017-06-08,38.11874696683577,37
S,123,fixed,main,development_holdout,P1_valid_cache_endpoints,2017-06-09,31.154133563821006,37
S,123,fixed,main,development_holdout,P1_valid_cache_endpoints,2017-06-12,39.36903768468805,37
S,123,fixed,main,development_holdout,P1_valid_cache_endpoints,2017-06-13,39.47152050737458,37
S,123,fixed,main,development_holdout,P1_valid_cache_endpoints,2017-06-14,41.3549841371,37
S,123,fixed,main,development_holdout,P1_valid_cache_endpoints,2017-06-15,36.985727685857405,37
S,123,fixed,main,development_holdout,P1_valid_cache_endpoints,2017-06-16,35.854055787003944,37
S,123,fixed,main,development_holdout,P1_valid_cache_endpoints,2017-06-19,38.20888706232444,37
S,123,fixed,main,development_holdout,P1_valid_cache_endpoints,2017-06-20,42.083875845049725,37
S,123,fixed,main,development_holdout,P1_valid_cache_endpoints,2017-06-21,39.02390769604331,37
S,123,fixed,main,development_holdout,P1_valid_cache_endpoints,2017-06-22,42.66904981477991,37
S,123,fixed,main,development_holdout,P1_valid_cache_endpoints,2017-06-23,37.85334606842353,37
S,123,fixed,main,development_holdout,P1_valid_cache_endpoints,2017-06-26,33.35910137960479,37
S,123,fixed,main,development_holdout,P1_valid_cache_endpoints,2017-06-27,44.85915354084138,37
S,123,fixed,main,development_holdout,P1_valid_cache_endpoints,2017-06-28,40.339886683326455,37
S,123,fixed,main,development_holdout,P1_valid_cache_endpoints,2017-06-29,41.60299280204587,37
S,123,fixed,main,development_holdout,P1_valid_cache_endpoints,2017-06-30,36.39092186200711,37
S,123,fixed,main,development_holdout,P2_candidate_clock,2017-02-06,26.451232647111087,33
S,123,fixed,main,development_holdout,P2_candidate_clock,2017-02-07,26.739481170577918,33
S,123,fixed,main,development_holdout,P2_candidate_clock,2017-02-08,29.590267764424546,33
S,123,fixed,main,development_holdout,P2_candidate_clock,2017-02-09,22.66310520853631,33
S,123,fixed,main,development_holdout,P2_candidate_clock,2017-02-10,22.2984801295935,33
S,123,fixed,main,development_holdout,P2_candidate_clock,2017-02-13,27.69877349216061,33
S,123,fixed,main,development_holdout,P2_candidate_clock,2017-02-14,20.392691216161015,33
S,123,fixed,main,development_holdout,P2_candidate_clock,2017-02-15,33.89930846379911,33
S,123,fixed,main,development_holdout,P2_candidate_clock,2017-02-16,38.56506685102514,33
S,123,fixed,main,development_holdout,P2_candidate_clock,2017-02-17,25.737049472676496,33
S,123,fixed,main,development_holdout,P2_candidate_clock,2017-02-20,23.579657046695367,33
S,123,fixed,main,development_holdout,P2_candidate_clock,2017-02-21,26.262817397246035,33
S,123,fixed,main,development_holdout,P2_candidate_clock,2017-02-22,27.510536945194705,33
S,123,fixed,main,development_holdout,P2_candidate_clock,2017-02-23,34.32260651080979,33
S,123,fixed,main,development_holdout,P2_candidate_clock,2017-02-24,31.28239361854417,33
S,123,fixed,main,development_holdout,P2_candidate_clock,2017-02-27,36.71535034501924,33
S,123,fixed,main,development_holdout,P2_candidate_clock,2017-02-28,22.06329546265155,33
S,123,fixed,main,development_holdout,P2_candidate_clock,2017-03-02,39.65026613539706,33
S,123,fixed,main,development_holdout,P2_candidate_clock,2017-03-03,42.5739475550214,33
S,123,fixed,main,development_holdout,P2_candidate_clock,2017-03-06,38.232057640492954,33
S,123,fixed,main,development_holdout,P2_candidate_clock,2017-03-07,36.60284009101267,33
S,123,fixed,main,development_holdout,P2_candidate_clock,2017-03-08,30.653337045615334,33
S,123,fixed,main,development_holdout,P2_candidate_clock,2017-03-09,37.09195489645013,33
S,123,fixed,main,development_holdout,P2_candidate_clock,2017-03-10,33.91736690868644,33
S,123,fixed,main,development_holdout,P2_candidate_clock,2017-03-13,33.86077864378579,33
S,123,fixed,main,development_holdout,P2_candidate_clock,2017-03-14,28.473541050528176,33
S,123,fixed,main,development_holdout,P2_candidate_clock,2017-03-15,32.95506460912317,33
S,123,fixed,main,development_holdout,P2_candidate_clock,2017-03-16,27.437252712675082,33
S,123,fixed,main,development_holdout,P2_candidate_clock,2017-03-17,30.843721081968255,33
S,123,fixed,main,development_holdout,P2_candidate_clock,2017-03-20,27.754572601420605,33
S,123,fixed,main,development_holdout,P2_candidate_clock,2017-03-21,16.688362218280425,33
S,123,fixed,main,development_holdout,P2_candidate_clock,2017-03-22,20.066456788399968,33
S,123,fixed,main,development_holdout,P2_candidate_clock,2017-03-23,29.046483230081243,33
S,123,fixed,main,development_holdout,P2_candidate_clock,2017-03-24,27.226232335479004,33
S,123,fixed,main,development_holdout,P2_candidate_clock,2017-03-27,40.19680059597918,33
S,123,fixed,main,development_holdout,P2_candidate_clock,2017-03-28,27.079207527868395,33
S,123,fixed,main,development_holdout,P2_candidate_clock,2017-03-29,34.55579529807378,33
S,123,fixed,main,development_holdout,P2_candidate_clock,2017-03-30,34.816384176890814,33
S,123,fixed,main,development_holdout,P2_candidate_clock,2017-03-31,24.8142387802976,33
S,123,fixed,main,development_holdout,P2_candidate_clock,2017-04-03,32.685422270372385,33
S,123,fixed,main,development_holdout,P2_candidate_clock,2017-04-04,31.184752620532787,33
S,123,fixed,main,development_holdout,P2_candidate_clock,2017-04-05,37.904937378265764,33
S,123,fixed,main,development_holdout,P2_candidate_clock,2017-04-06,29.79264339222666,33
S,123,fixed,main,development_holdout,P2_candidate_clock,2017-04-07,34.81621481333496,33
S,123,fixed,main,development_holdout,P2_candidate_clock,2017-04-10,37.87117684935922,33
S,123,fixed,main,development_holdout,P2_candidate_clock,2017-04-11,26.466581855243362,33
S,123,fixed,main,development_holdout,P2_candidate_clock,2017-04-12,32.31296137561619,33
S,123,fixed,main,development_holdout,P2_candidate_clock,2017-04-13,35.61446483467997,33
S,123,fixed,main,development_holdout,P2_candidate_clock,2017-04-14,31.468539942756962,33
S,123,fixed,main,development_holdout,P2_candidate_clock,2017-04-17,28.245148822420937,33
S,123,fixed,main,development_holdout,P2_candidate_clock,2017-04-18,34.4195468049837,33
S,123,fixed,main,development_holdout,P2_candidate_clock,2017-04-19,30.920846461202533,33
S,123,fixed,main,development_holdout,P2_candidate_clock,2017-04-20,32.360891830361986,33
S,123,fixed,main,development_holdout,P2_candidate_clock,2017-04-21,30.102634532409205,33
S,123,fixed,main,development_holdout,P2_candidate_clock,2017-04-24,32.38245196302262,33
S,123,fixed,main,development_holdout,P2_candidate_clock,2017-04-25,39.006028478849885,33
S,123,fixed,main,development_holdout,P2_candidate_clock,2017-04-26,31.61857431296342,33
S,123,fixed,main,development_holdout,P2_candidate_clock,2017-04-27,28.124616040968323,33
S,123,fixed,main,development_holdout,P2_candidate_clock,2017-04-28,34.68984539046009,33
S,123,fixed,main,development_holdout,P2_candidate_clock,2017-05-02,35.9885350640907,33
S,123,fixed,main,development_holdout,P2_candidate_clock,2017-05-04,31.67639001795643,33
S,123,fixed,main,development_holdout,P2_candidate_clock,2017-05-08,31.62684503260744,33
S,123,fixed,main,development_holdout,P2_candidate_clock,2017-05-10,38.635249546188746,33
S,123,fixed,main,development_holdout,P2_candidate_clock,2017-05-11,35.025991168771796,33
S,123,fixed,main,development_holdout,P2_candidate_clock,2017-05-12,34.363536212726366,33
S,123,fixed,main,development_holdout,P2_candidate_clock,2017-05-15,35.407210772000035,33
S,123,fixed,main,development_holdout,P2_candidate_clock,2017-05-16,38.116806359944015,33
S,123,fixed,main,development_holdout,P2_candidate_clock,2017-05-17,37.57495922691594,33
S,123,fixed,main,development_holdout,P2_candidate_clock,2017-05-18,32.01878126135751,33
S,123,fixed,main,development_holdout,P2_candidate_clock,2017-05-19,30.33525341535112,33
S,123,fixed,main,development_holdout,P2_candidate_clock,2017-05-22,33.26743759933404,33
S,123,fixed,main,development_holdout,P2_candidate_clock,2017-05-23,37.22539079780662,33
S,123,fixed,main,development_holdout,P2_candidate_clock,2017-05-24,36.871263927246886,33
S,123,fixed,main,development_holdout,P2_candidate_clock,2017-05-25,27.607956971871317,33
S,123,fixed,main,development_holdout,P2_candidate_clock,2017-05-26,30.380187851383354,33
S,123,fixed,main,development_holdout,P2_candidate_clock,2017-05-29,33.588764252291575,33
S,123,fixed,main,development_holdout,P2_candidate_clock,2017-05-30,36.554855661788885,33
S,123,fixed,main,development_holdout,P2_candidate_clock,2017-05-31,38.25245072260243,33
S,123,fixed,main,development_holdout,P2_candidate_clock,2017-06-01,34.633729054892044,33
S,123,fixed,main,development_holdout,P2_candidate_clock,2017-06-02,34.991409760936406,33
S,123,fixed,main,development_holdout,P2_candidate_clock,2017-06-05,35.6954319774743,33
S,123,fixed,main,development_holdout,P2_candidate_clock,2017-06-07,35.16117584752669,33
S,123,fixed,main,development_holdout,P2_candidate_clock,2017-06-08,33.0246191518305,33
S,123,fixed,main,development_holdout,P2_candidate_clock,2017-06-09,29.40334227293093,33
S,123,fixed,main,development_holdout,P2_candidate_clock,2017-06-12,34.22864951925324,33
S,123,fixed,main,development_holdout,P2_candidate_clock,2017-06-13,35.10786620331959,33
S,123,fixed,main,development_holdout,P2_candidate_clock,2017-06-14,37.15274379715127,33
S,123,fixed,main,development_holdout,P2_candidate_clock,2017-06-15,33.11597951574035,33
S,123,fixed,main,development_holdout,P2_candidate_clock,2017-06-16,30.89555534547771,33
S,123,fixed,main,development_holdout,P2_candidate_clock,2017-06-19,34.565278498627684,33
S,123,fixed,main,development_holdout,P2_candidate_clock,2017-06-20,37.6089701980463,33
S,123,fixed,main,development_holdout,P2_candidate_clock,2017-06-21,33.80246549579451,33
S,123,fixed,main,development_holdout,P2_candidate_clock,2017-06-22,38.31065346541966,33
S,123,fixed,main,development_holdout,P2_candidate_clock,2017-06-23,34.76983469109491,33
S,123,fixed,main,development_holdout,P2_candidate_clock,2017-06-26,29.563448998478503,33
S,123,fixed,main,development_holdout,P2_candidate_clock,2017-06-27,38.30962851678938,33
S,123,fixed,main,development_holdout,P2_candidate_clock,2017-06-28,35.904988969086965,33
S,123,fixed,main,development_holdout,P2_candidate_clock,2017-06-29,37.672514939800266,33
S,123,fixed,main,development_holdout,P2_candidate_clock,2017-06-30,33.90407295970175,33
S,123,fixed,main,development_holdout,P3_intersection,2017-02-06,26.451232647111087,33
S,123,fixed,main,development_holdout,P3_intersection,2017-02-07,26.739481170577918,33
S,123,fixed,main,development_holdout,P3_intersection,2017-02-08,29.590267764424546,33
S,123,fixed,main,development_holdout,P3_intersection,2017-02-09,22.66310520853631,33
S,123,fixed,main,development_holdout,P3_intersection,2017-02-10,22.2984801295935,33
S,123,fixed,main,development_holdout,P3_intersection,2017-02-13,27.69877349216061,33
S,123,fixed,main,development_holdout,P3_intersection,2017-02-14,20.392691216161015,33
S,123,fixed,main,development_holdout,P3_intersection,2017-02-15,33.89930846379911,33
S,123,fixed,main,development_holdout,P3_intersection,2017-02-16,38.56506685102514,33
S,123,fixed,main,development_holdout,P3_intersection,2017-02-17,25.737049472676496,33
S,123,fixed,main,development_holdout,P3_intersection,2017-02-20,23.579657046695367,33
S,123,fixed,main,development_holdout,P3_intersection,2017-02-21,26.262817397246035,33
S,123,fixed,main,development_holdout,P3_intersection,2017-02-22,27.510536945194705,33
S,123,fixed,main,development_holdout,P3_intersection,2017-02-23,34.32260651080979,33
S,123,fixed,main,development_holdout,P3_intersection,2017-02-24,31.28239361854417,33
S,123,fixed,main,development_holdout,P3_intersection,2017-02-27,36.71535034501924,33
S,123,fixed,main,development_holdout,P3_intersection,2017-02-28,22.06329546265155,33
S,123,fixed,main,development_holdout,P3_intersection,2017-03-02,39.65026613539706,33
S,123,fixed,main,development_holdout,P3_intersection,2017-03-03,42.5739475550214,33
S,123,fixed,main,development_holdout,P3_intersection,2017-03-06,38.232057640492954,33
S,123,fixed,main,development_holdout,P3_intersection,2017-03-07,36.60284009101267,33
S,123,fixed,main,development_holdout,P3_intersection,2017-03-08,30.653337045615334,33
S,123,fixed,main,development_holdout,P3_intersection,2017-03-09,37.09195489645013,33
S,123,fixed,main,development_holdout,P3_intersection,2017-03-10,33.91736690868644,33
S,123,fixed,main,development_holdout,P3_intersection,2017-03-13,33.86077864378579,33
S,123,fixed,main,development_holdout,P3_intersection,2017-03-14,28.473541050528176,33
S,123,fixed,main,development_holdout,P3_intersection,2017-03-15,32.95506460912317,33
S,123,fixed,main,development_holdout,P3_intersection,2017-03-16,27.437252712675082,33
S,123,fixed,main,development_holdout,P3_intersection,2017-03-17,30.843721081968255,33
S,123,fixed,main,development_holdout,P3_intersection,2017-03-20,27.754572601420605,33
S,123,fixed,main,development_holdout,P3_intersection,2017-03-21,16.688362218280425,33
S,123,fixed,main,development_holdout,P3_intersection,2017-03-22,20.066456788399968,33
S,123,fixed,main,development_holdout,P3_intersection,2017-03-23,29.046483230081243,33
S,123,fixed,main,development_holdout,P3_intersection,2017-03-24,24.986186708150935,31
S,123,fixed,main,development_holdout,P3_intersection,2017-03-27,40.19680059597918,33
S,123,fixed,main,development_holdout,P3_intersection,2017-03-28,27.079207527868395,33
S,123,fixed,main,development_holdout,P3_intersection,2017-03-29,34.55579529807378,33
S,123,fixed,main,development_holdout,P3_intersection,2017-03-30,34.816384176890814,33
S,123,fixed,main,development_holdout,P3_intersection,2017-03-31,24.8142387802976,33
S,123,fixed,main,development_holdout,P3_intersection,2017-04-03,32.685422270372385,33
S,123,fixed,main,development_holdout,P3_intersection,2017-04-04,31.184752620532787,33
S,123,fixed,main,development_holdout,P3_intersection,2017-04-05,37.904937378265764,33
S,123,fixed,main,development_holdout,P3_intersection,2017-04-06,29.79264339222666,33
S,123,fixed,main,development_holdout,P3_intersection,2017-04-07,34.81621481333496,33
S,123,fixed,main,development_holdout,P3_intersection,2017-04-10,37.87117684935922,33
S,123,fixed,main,development_holdout,P3_intersection,2017-04-11,26.466581855243362,33
S,123,fixed,main,development_holdout,P3_intersection,2017-04-12,32.31296137561619,33
S,123,fixed,main,development_holdout,P3_intersection,2017-04-13,35.61446483467997,33
S,123,fixed,main,development_holdout,P3_intersection,2017-04-14,31.468539942756962,33
S,123,fixed,main,development_holdout,P3_intersection,2017-04-17,28.245148822420937,33
S,123,fixed,main,development_holdout,P3_intersection,2017-04-18,34.4195468049837,33
S,123,fixed,main,development_holdout,P3_intersection,2017-04-19,30.920846461202533,33
S,123,fixed,main,development_holdout,P3_intersection,2017-04-20,32.360891830361986,33
S,123,fixed,main,development_holdout,P3_intersection,2017-04-21,30.102634532409205,33
S,123,fixed,main,development_holdout,P3_intersection,2017-04-24,32.38245196302262,33
S,123,fixed,main,development_holdout,P3_intersection,2017-04-25,39.006028478849885,33
S,123,fixed,main,development_holdout,P3_intersection,2017-04-26,31.61857431296342,33
S,123,fixed,main,development_holdout,P3_intersection,2017-04-27,28.124616040968323,33
S,123,fixed,main,development_holdout,P3_intersection,2017-04-28,34.68984539046009,33
S,123,fixed,main,development_holdout,P3_intersection,2017-05-02,35.9885350640907,33
S,123,fixed,main,development_holdout,P3_intersection,2017-05-04,31.67639001795643,33
S,123,fixed,main,development_holdout,P3_intersection,2017-05-08,31.62684503260744,33
S,123,fixed,main,development_holdout,P3_intersection,2017-05-10,38.635249546188746,33
S,123,fixed,main,development_holdout,P3_intersection,2017-05-11,35.025991168771796,33
S,123,fixed,main,development_holdout,P3_intersection,2017-05-12,34.363536212726366,33
S,123,fixed,main,development_holdout,P3_intersection,2017-05-15,35.407210772000035,33
S,123,fixed,main,development_holdout,P3_intersection,2017-05-16,38.116806359944015,33
S,123,fixed,main,development_holdout,P3_intersection,2017-05-17,37.57495922691594,33
S,123,fixed,main,development_holdout,P3_intersection,2017-05-18,32.01878126135751,33
S,123,fixed,main,development_holdout,P3_intersection,2017-05-19,30.33525341535112,33
S,123,fixed,main,development_holdout,P3_intersection,2017-05-22,33.26743759933404,33
S,123,fixed,main,development_holdout,P3_intersection,2017-05-23,37.22539079780662,33
S,123,fixed,main,development_holdout,P3_intersection,2017-05-24,36.871263927246886,33
S,123,fixed,main,development_holdout,P3_intersection,2017-05-25,27.607956971871317,33
S,123,fixed,main,development_holdout,P3_intersection,2017-05-26,30.380187851383354,33
S,123,fixed,main,development_holdout,P3_intersection,2017-05-29,33.588764252291575,33
S,123,fixed,main,development_holdout,P3_intersection,2017-05-30,36.554855661788885,33
S,123,fixed,main,development_holdout,P3_intersection,2017-05-31,38.25245072260243,33
S,123,fixed,main,development_holdout,P3_intersection,2017-06-01,34.633729054892044,33
S,123,fixed,main,development_holdout,P3_intersection,2017-06-02,34.991409760936406,33
S,123,fixed,main,development_holdout,P3_intersection,2017-06-05,35.6954319774743,33
S,123,fixed,main,development_holdout,P3_intersection,2017-06-07,35.16117584752669,33
S,123,fixed,main,development_holdout,P3_intersection,2017-06-08,33.0246191518305,33
S,123,fixed,main,development_holdout,P3_intersection,2017-06-09,29.40334227293093,33
S,123,fixed,main,development_holdout,P3_intersection,2017-06-12,34.22864951925324,33
S,123,fixed,main,development_holdout,P3_intersection,2017-06-13,35.10786620331959,33
S,123,fixed,main,development_holdout,P3_intersection,2017-06-14,37.15274379715127,33
S,123,fixed,main,development_holdout,P3_intersection,2017-06-15,33.11597951574035,33
S,123,fixed,main,development_holdout,P3_intersection,2017-06-16,30.89555534547771,33
S,123,fixed,main,development_holdout,P3_intersection,2017-06-19,34.565278498627684,33
S,123,fixed,main,development_holdout,P3_intersection,2017-06-20,37.6089701980463,33
S,123,fixed,main,development_holdout,P3_intersection,2017-06-21,33.80246549579451,33
S,123,fixed,main,development_holdout,P3_intersection,2017-06-22,38.31065346541966,33
S,123,fixed,main,development_holdout,P3_intersection,2017-06-23,34.76983469109491,33
S,123,fixed,main,development_holdout,P3_intersection,2017-06-26,29.563448998478503,33
S,123,fixed,main,development_holdout,P3_intersection,2017-06-27,38.30962851678938,33
S,123,fixed,main,development_holdout,P3_intersection,2017-06-28,35.904988969086965,33
S,123,fixed,main,development_holdout,P3_intersection,2017-06-29,37.672514939800266,33
S,123,fixed,main,development_holdout,P3_intersection,2017-06-30,33.90407295970175,33
S,123,fixed,main,validation,P0_legacy,2016-11-24,30.93742379337914,38
S,123,fixed,main,validation,P0_legacy,2016-11-25,28.218380707082023,38
S,123,fixed,main,validation,P0_legacy,2016-11-28,29.154682675853838,38
S,123,fixed,main,validation,P0_legacy,2016-11-29,32.3477692618264,38
S,123,fixed,main,validation,P0_legacy,2016-11-30,20.964981450947857,38
S,123,fixed,main,validation,P0_legacy,2016-12-01,28.776750319412486,38
S,123,fixed,main,validation,P0_legacy,2016-12-02,34.156386065647496,38
S,123,fixed,main,validation,P0_legacy,2016-12-05,29.812716904144555,38
S,123,fixed,main,validation,P0_legacy,2016-12-06,35.46477526265066,38
S,123,fixed,main,validation,P0_legacy,2016-12-07,29.668960071627744,38
S,123,fixed,main,validation,P0_legacy,2016-12-08,27.23482770114543,38
S,123,fixed,main,validation,P0_legacy,2016-12-09,35.794465844282186,38
S,123,fixed,main,validation,P0_legacy,2016-12-12,23.84640968533265,38
S,123,fixed,main,validation,P0_legacy,2016-12-13,28.503453040818243,38
S,123,fixed,main,validation,P0_legacy,2016-12-14,31.590213423017605,38
S,123,fixed,main,validation,P0_legacy,2016-12-15,22.992367169524158,38
S,123,fixed,main,validation,P0_legacy,2016-12-16,28.75099715261417,38
S,123,fixed,main,validation,P0_legacy,2016-12-19,34.55897793563021,38
S,123,fixed,main,validation,P0_legacy,2016-12-20,26.180500120932543,38
S,123,fixed,main,validation,P0_legacy,2016-12-21,23.800268905875082,38
S,123,fixed,main,validation,P0_legacy,2016-12-22,32.3680534034886,38
S,123,fixed,main,validation,P0_legacy,2016-12-23,37.819763788941145,38
S,123,fixed,main,validation,P0_legacy,2016-12-26,28.500575326022858,38
S,123,fixed,main,validation,P0_legacy,2016-12-27,25.38045796303484,38
S,123,fixed,main,validation,P0_legacy,2016-12-28,28.207757191696484,38
S,123,fixed,main,validation,P0_legacy,2016-12-29,17.3085695102183,38
S,123,fixed,main,validation,P0_legacy,2017-01-02,27.26184146281771,38
S,123,fixed,main,validation,P0_legacy,2017-01-03,32.95044271663764,38
S,123,fixed,main,validation,P0_legacy,2017-01-04,24.488104996383502,38
S,123,fixed,main,validation,P0_legacy,2017-01-05,23.854367553723232,38
S,123,fixed,main,validation,P0_legacy,2017-01-06,24.709813952234676,38
S,123,fixed,main,validation,P0_legacy,2017-01-09,21.67762777109279,38
S,123,fixed,main,validation,P0_legacy,2017-01-10,27.202303937729614,38
S,123,fixed,main,validation,P0_legacy,2017-01-11,40.66185688612085,38
S,123,fixed,main,validation,P0_legacy,2017-01-12,24.73776806307573,38
S,123,fixed,main,validation,P0_legacy,2017-01-13,32.929156626253885,38
S,123,fixed,main,validation,P0_legacy,2017-01-16,30.823911882676594,38
S,123,fixed,main,validation,P0_legacy,2017-01-17,30.581331061140858,38
S,123,fixed,main,validation,P0_legacy,2017-01-18,40.35606517320897,38
S,123,fixed,main,validation,P0_legacy,2017-01-19,47.94659909009703,38
S,123,fixed,main,validation,P0_legacy,2017-01-20,32.74808078186921,38
S,123,fixed,main,validation,P0_legacy,2017-01-23,29.556042187308353,38
S,123,fixed,main,validation,P0_legacy,2017-01-24,34.337396894953564,38
S,123,fixed,main,validation,P0_legacy,2017-01-25,27.436062476868543,38
S,123,fixed,main,validation,P0_legacy,2017-01-26,26.28149576565883,38
S,123,fixed,main,validation,P0_legacy,2017-01-31,29.7278848031075,38
S,123,fixed,main,validation,P0_legacy,2017-02-01,44.498812329543895,38
S,123,fixed,main,validation,P0_legacy,2017-02-02,30.086263977096433,38
S,123,fixed,main,validation,P0_legacy,2017-02-03,27.09693344236699,38
S,123,fixed,main,validation,P1_valid_cache_endpoints,2016-11-24,30.72893974697236,37
S,123,fixed,main,validation,P1_valid_cache_endpoints,2016-11-25,25.49524753703231,33
S,123,fixed,main,validation,P1_valid_cache_endpoints,2016-11-28,28.066785256000202,37
S,123,fixed,main,validation,P1_valid_cache_endpoints,2016-11-29,31.903943277271377,37
S,123,fixed,main,validation,P1_valid_cache_endpoints,2016-11-30,20.82258490070558,37
S,123,fixed,main,validation,P1_valid_cache_endpoints,2016-12-01,28.37268228418624,37
S,123,fixed,main,validation,P1_valid_cache_endpoints,2016-12-02,30.66431628413266,35
S,123,fixed,main,validation,P1_valid_cache_endpoints,2016-12-05,24.488761019301393,32
S,123,fixed,main,validation,P1_valid_cache_endpoints,2016-12-06,33.98494181620566,35
S,123,fixed,main,validation,P1_valid_cache_endpoints,2016-12-07,29.341491387254194,37
S,123,fixed,main,validation,P1_valid_cache_endpoints,2016-12-08,26.929534963930006,37
S,123,fixed,main,validation,P1_valid_cache_endpoints,2016-12-09,31.185218069409935,33
S,123,fixed,main,validation,P1_valid_cache_endpoints,2016-12-12,21.623761310111682,35
S,123,fixed,main,validation,P1_valid_cache_endpoints,2016-12-13,28.18408430262416,37
S,123,fixed,main,validation,P1_valid_cache_endpoints,2016-12-14,31.381197976751963,37
S,123,fixed,main,validation,P1_valid_cache_endpoints,2016-12-15,22.823678339667847,37
S,123,fixed,main,validation,P1_valid_cache_endpoints,2016-12-16,28.638770238011023,37
S,123,fixed,main,validation,P1_valid_cache_endpoints,2016-12-19,33.864130585662814,37
S,123,fixed,main,validation,P1_valid_cache_endpoints,2016-12-20,26.042783559253778,37
S,123,fixed,main,validation,P1_valid_cache_endpoints,2016-12-21,23.640259374705035,37
S,123,fixed,main,validation,P1_valid_cache_endpoints,2016-12-22,31.668277462910208,35
S,123,fixed,main,validation,P1_valid_cache_endpoints,2016-12-23,37.141842418369784,37
S,123,fixed,main,validation,P1_valid_cache_endpoints,2016-12-26,28.290643611125144,37
S,123,fixed,main,validation,P1_valid_cache_endpoints,2016-12-27,25.18879440646898,37
S,123,fixed,main,validation,P1_valid_cache_endpoints,2016-12-28,28.070314640804206,37
S,123,fixed,main,validation,P1_valid_cache_endpoints,2016-12-29,17.18726110909079,37
S,123,fixed,main,validation,P1_valid_cache_endpoints,2017-01-02,24.38173952712957,31
S,123,fixed,main,validation,P1_valid_cache_endpoints,2017-01-03,32.691285391176606,37
S,123,fixed,main,validation,P1_valid_cache_endpoints,2017-01-04,24.388354146998335,37
S,123,fixed,main,validation,P1_valid_cache_endpoints,2017-01-05,23.626181797475173,37
S,123,fixed,main,validation,P1_valid_cache_endpoints,2017-01-06,24.315492578644516,37
S,123,fixed,main,validation,P1_valid_cache_endpoints,2017-01-09,21.581633751099425,37
S,123,fixed,main,validation,P1_valid_cache_endpoints,2017-01-10,26.963597926962702,37
S,123,fixed,main,validation,P1_valid_cache_endpoints,2017-01-11,40.54893135331553,37
S,123,fixed,main,validation,P1_valid_cache_endpoints,2017-01-12,24.595277099297817,37
S,123,fixed,main,validation,P1_valid_cache_endpoints,2017-01-13,30.78828674530454,35
S,123,fixed,main,validation,P1_valid_cache_endpoints,2017-01-16,28.358884706034253,35
S,123,fixed,main,validation,P1_valid_cache_endpoints,2017-01-17,30.264186560327083,37
S,123,fixed,main,validation,P1_valid_cache_endpoints,2017-01-18,36.98516909174138,35
S,123,fixed,main,validation,P1_valid_cache_endpoints,2017-01-19,47.768408680068156,37
S,123,fixed,main,validation,P1_valid_cache_endpoints,2017-01-20,32.50312215365465,37
S,123,fixed,main,validation,P1_valid_cache_endpoints,2017-01-23,29.268384641866376,37
S,123,fixed,main,validation,P1_valid_cache_endpoints,2017-01-24,34.02688927863497,37
S,123,fixed,main,validation,P1_valid_cache_endpoints,2017-01-25,27.26620924132845,37
S,123,fixed,main,validation,P1_valid_cache_endpoints,2017-01-26,26.033522237142588,37
S,123,fixed,main,validation,P1_valid_cache_endpoints,2017-01-31,29.45974384209429,37
S,123,fixed,main,validation,P1_valid_cache_endpoints,2017-02-01,44.36974118655524,37
S,123,fixed,main,validation,P1_valid_cache_endpoints,2017-02-02,29.842259050168423,37
S,123,fixed,main,validation,P1_valid_cache_endpoints,2017-02-03,26.95487309244893,37
S,123,fixed,main,validation,P2_candidate_clock,2016-11-24,28.36073919734396,33
S,123,fixed,main,validation,P2_candidate_clock,2016-11-25,24.314925888760882,33
S,123,fixed,main,validation,P2_candidate_clock,2016-11-28,21.930625108913034,33
S,123,fixed,main,validation,P2_candidate_clock,2016-11-29,27.88356123647789,33
S,123,fixed,main,validation,P2_candidate_clock,2016-11-30,17.99044017920069,33
S,123,fixed,main,validation,P2_candidate_clock,2016-12-01,23.747298382397428,33
S,123,fixed,main,validation,P2_candidate_clock,2016-12-02,25.063231768144774,33
S,123,fixed,main,validation,P2_candidate_clock,2016-12-05,27.30499389410175,33
S,123,fixed,main,validation,P2_candidate_clock,2016-12-06,30.529346510967535,33
S,123,fixed,main,validation,P2_candidate_clock,2016-12-07,25.84509676364657,33
S,123,fixed,main,validation,P2_candidate_clock,2016-12-08,23.332164512593874,33
S,123,fixed,main,validation,P2_candidate_clock,2016-12-09,32.33878709820144,33
S,123,fixed,main,validation,P2_candidate_clock,2016-12-12,19.606564575365493,33
S,123,fixed,main,validation,P2_candidate_clock,2016-12-13,26.21988410900365,33
S,123,fixed,main,validation,P2_candidate_clock,2016-12-14,28.639253058773054,33
S,123,fixed,main,validation,P2_candidate_clock,2016-12-15,20.408635582008607,33
S,123,fixed,main,validation,P2_candidate_clock,2016-12-16,24.27860784298934,33
S,123,fixed,main,validation,P2_candidate_clock,2016-12-19,29.42241559690537,33
S,123,fixed,main,validation,P2_candidate_clock,2016-12-20,21.56126305952796,33
S,123,fixed,main,validation,P2_candidate_clock,2016-12-21,21.864220530429133,33
S,123,fixed,main,validation,P2_candidate_clock,2016-12-22,26.905724449665893,33
S,123,fixed,main,validation,P2_candidate_clock,2016-12-23,30.69288366409593,33
S,123,fixed,main,validation,P2_candidate_clock,2016-12-26,25.6127412276271,33
S,123,fixed,main,validation,P2_candidate_clock,2016-12-27,18.481615427812937,33
S,123,fixed,main,validation,P2_candidate_clock,2016-12-28,24.523449711724496,33
S,123,fixed,main,validation,P2_candidate_clock,2016-12-29,15.723682406908386,33
S,123,fixed,main,validation,P2_candidate_clock,2017-01-02,23.712166577746203,33
S,123,fixed,main,validation,P2_candidate_clock,2017-01-03,26.523848342826067,33
S,123,fixed,main,validation,P2_candidate_clock,2017-01-04,22.984533264456957,33
S,123,fixed,main,validation,P2_candidate_clock,2017-01-05,21.570808421798752,33
S,123,fixed,main,validation,P2_candidate_clock,2017-01-06,20.28509680971274,33
S,123,fixed,main,validation,P2_candidate_clock,2017-01-09,20.18200375561772,33
S,123,fixed,main,validation,P2_candidate_clock,2017-01-10,22.393449396383385,33
S,123,fixed,main,validation,P2_candidate_clock,2017-01-11,38.944257676160554,33
S,123,fixed,main,validation,P2_candidate_clock,2017-01-12,21.983135596439194,33
S,123,fixed,main,validation,P2_candidate_clock,2017-01-13,29.262377987888087,33
S,123,fixed,main,validation,P2_candidate_clock,2017-01-16,28.104724409297308,33
S,123,fixed,main,validation,P2_candidate_clock,2017-01-17,26.665412201150495,33
S,123,fixed,main,validation,P2_candidate_clock,2017-01-18,34.35091156744233,33
S,123,fixed,main,validation,P2_candidate_clock,2017-01-19,39.07084001054397,33
S,123,fixed,main,validation,P2_candidate_clock,2017-01-20,29.784121406592096,33
S,123,fixed,main,validation,P2_candidate_clock,2017-01-23,26.66537229098556,33
S,123,fixed,main,validation,P2_candidate_clock,2017-01-24,30.801401153923237,33
S,123,fixed,main,validation,P2_candidate_clock,2017-01-25,25.43071401601271,33
S,123,fixed,main,validation,P2_candidate_clock,2017-01-26,24.508548084958992,33
S,123,fixed,main,validation,P2_candidate_clock,2017-01-31,27.116803341278715,33
S,123,fixed,main,validation,P2_candidate_clock,2017-02-01,36.93688130806263,33
S,123,fixed,main,validation,P2_candidate_clock,2017-02-02,27.90814681182612,33
S,123,fixed,main,validation,P2_candidate_clock,2017-02-03,24.931669746270398,33
S,123,fixed,main,validation,P3_intersection,2016-11-24,28.36073919734396,33
S,123,fixed,main,validation,P3_intersection,2016-11-25,22.400558759451556,29
S,123,fixed,main,validation,P3_intersection,2016-11-28,21.930625108913034,33
S,123,fixed,main,validation,P3_intersection,2016-11-29,27.88356123647789,33
S,123,fixed,main,validation,P3_intersection,2016-11-30,17.99044017920069,33
S,123,fixed,main,validation,P3_intersection,2016-12-01,23.747298382397428,33
S,123,fixed,main,validation,P3_intersection,2016-12-02,23.926378824127276,32
S,123,fixed,main,validation,P3_intersection,2016-12-05,22.52030801350018,28
S,123,fixed,main,validation,P3_intersection,2016-12-06,29.5018877267332,31
S,123,fixed,main,validation,P3_intersection,2016-12-07,25.84509676364657,33
S,123,fixed,main,validation,P3_intersection,2016-12-08,23.332164512593874,33
S,123,fixed,main,validation,P3_intersection,2016-12-09,28.18191919927841,29
S,123,fixed,main,validation,P3_intersection,2016-12-12,17.815229451356615,31
S,123,fixed,main,validation,P3_intersection,2016-12-13,26.21988410900365,33
S,123,fixed,main,validation,P3_intersection,2016-12-14,28.639253058773054,33
S,123,fixed,main,validation,P3_intersection,2016-12-15,20.408635582008607,33
S,123,fixed,main,validation,P3_intersection,2016-12-16,24.27860784298934,33
S,123,fixed,main,validation,P3_intersection,2016-12-19,29.42241559690537,33
S,123,fixed,main,validation,P3_intersection,2016-12-20,21.56126305952796,33
S,123,fixed,main,validation,P3_intersection,2016-12-21,21.864220530429133,33
S,123,fixed,main,validation,P3_intersection,2016-12-22,26.496605492707765,31
S,123,fixed,main,validation,P3_intersection,2016-12-23,30.69288366409593,33
S,123,fixed,main,validation,P3_intersection,2016-12-26,25.6127412276271,33
S,123,fixed,main,validation,P3_intersection,2016-12-27,18.481615427812937,33
S,123,fixed,main,validation,P3_intersection,2016-12-28,24.523449711724496,33
S,123,fixed,main,validation,P3_intersection,2016-12-29,15.723682406908386,33
S,123,fixed,main,validation,P3_intersection,2017-01-02,21.932514371328278,28
S,123,fixed,main,validation,P3_intersection,2017-01-03,26.523848342826067,33
S,123,fixed,main,validation,P3_intersection,2017-01-04,22.984533264456957,33
S,123,fixed,main,validation,P3_intersection,2017-01-05,21.570808421798752,33
S,123,fixed,main,validation,P3_intersection,2017-01-06,20.28509680971274,33
S,123,fixed,main,validation,P3_intersection,2017-01-09,20.18200375561772,33
S,123,fixed,main,validation,P3_intersection,2017-01-10,22.393449396383385,33
S,123,fixed,main,validation,P3_intersection,2017-01-11,38.944257676160554,33
S,123,fixed,main,validation,P3_intersection,2017-01-12,21.983135596439194,33
S,123,fixed,main,validation,P3_intersection,2017-01-13,27.414182535850934,31
S,123,fixed,main,validation,P3_intersection,2017-01-16,26.037646466150257,31
S,123,fixed,main,validation,P3_intersection,2017-01-17,26.665412201150495,33
S,123,fixed,main,validation,P3_intersection,2017-01-18,33.20477535986085,32
S,123,fixed,main,validation,P3_intersection,2017-01-19,39.07084001054397,33
S,123,fixed,main,validation,P3_intersection,2017-01-20,29.784121406592096,33
S,123,fixed,main,validation,P3_intersection,2017-01-23,26.66537229098556,33
S,123,fixed,main,validation,P3_intersection,2017-01-24,30.801401153923237,33
S,123,fixed,main,validation,P3_intersection,2017-01-25,25.43071401601271,33
S,123,fixed,main,validation,P3_intersection,2017-01-26,24.508548084958992,33
S,123,fixed,main,validation,P3_intersection,2017-01-31,27.116803341278715,33
S,123,fixed,main,validation,P3_intersection,2017-02-01,36.93688130806263,33
S,123,fixed,main,validation,P3_intersection,2017-02-02,27.90814681182612,33
S,123,fixed,main,validation,P3_intersection,2017-02-03,24.931669746270398,33
