model,seed,family,condition,fold,split,population,asset_id,rows,nll,accuracy,macro_f1,mcc,brier,equal_asset_nll,down,flat,up,max_probability_sum_error
UA,42,distribution_shift_sensitivity,peer_lag1,main,development_holdout,P0_legacy,KR7000030007_t,3265,0.6803571418130244,0.7197549770290965,0.40110151026092145,0.1700484747658003,0.3966908465228336,0.6803571418130244,424,2361,480,1.043081283569336e-07
UA,42,distribution_shift_sensitivity,peer_lag1,main,development_holdout,P0_legacy,KR7000100008_t,3248,0.9212365196196827,0.5529556650246306,0.44615337244260167,0.21100452431940453,0.5545574641381265,0.9212365196196827,748,1699,801,1.043081283569336e-07
UA,42,distribution_shift_sensitivity,peer_lag1,main,development_holdout,P0_legacy,KR7000120006_t,3192,0.7316265322215755,0.6719924812030075,0.4307609229178615,0.20596710906292548,0.4283380307786257,0.7316265322215753,532,2148,512,1.043081283569336e-07
UA,42,distribution_shift_sensitivity,peer_lag1,main,development_holdout,P0_legacy,KR7000150003_t,3233,0.9240371765212251,0.543767398700897,0.4641248972026058,0.22811291623546703,0.5530108531695832,0.9240371765212251,791,1671,771,1.043081283569336e-07
UA,42,distribution_shift_sensitivity,peer_lag1,main,development_holdout,P0_legacy,KR7000270009_t,3267,0.8826718051736544,0.581267217630854,0.4988953383107273,0.2774390234122353,0.5268001319311669,0.8826718051736544,799,1751,717,1.0803341865539551e-07
UA,42,distribution_shift_sensitivity,peer_lag1,main,development_holdout,P0_legacy,KR7000660001_t,3267,1.0334942902471007,0.4695439240893786,0.4526346995279755,0.19236882901146268,0.6232014299463281,1.0334942902471007,1013,1249,1005,1.043081283569336e-07
UA,42,distribution_shift_sensitivity,peer_lag1,main,development_holdout,P0_legacy,KR7000720003_t,3267,1.0294150050520265,0.45454545454545453,0.44942359691554845,0.17942065576357563,0.6237506207659889,1.0294150050520265,1165,1039,1063,1.043081283569336e-07
UA,42,distribution_shift_sensitivity,peer_lag1,main,development_holdout,P0_legacy,KR7000810002_t,3262,0.8825438475205178,0.5885959534028203,0.46622258295382224,0.22838868567952644,0.5279491684530278,0.8825438475205178,718,1847,697,1.043081283569336e-07
UA,42,distribution_shift_sensitivity,peer_lag1,main,development_holdout,P0_legacy,KR7001040005_t,3261,0.9301663528967536,0.5433915976694266,0.4317635767898688,0.1809271534609048,0.5603175543278398,0.9301663528967535,778,1745,738,1.1548399925231934e-07
UA,42,distribution_shift_sensitivity,peer_lag1,main,development_holdout,P0_legacy,KR7001450006_t,3259,0.9338622138543521,0.5489413930653575,0.47920384323556126,0.24731816822588545,0.5580981195386712,0.9338622138543522,754,1652,853,1.0803341865539551e-07
UA,42,distribution_shift_sensitivity,peer_lag1,main,development_holdout,P0_legacy,KR7002380004_t,3233,0.9818229510848403,0.5013918960717599,0.4817566965054594,0.23485634090605853,0.5919926126300457,0.9818229510848403,914,1341,978,1.043081283569336e-07
UA,42,distribution_shift_sensitivity,peer_lag1,main,development_holdout,P0_legacy,KR7002550002_t,2702,0.8402372688164598,0.5895632864544782,0.5095605479562361,0.2827781814909212,0.5009017438648327,0.8402372688164598,594,1491,617,1.043081283569336e-07
UA,42,distribution_shift_sensitivity,peer_lag1,main,development_holdout,P0_legacy,KR7002790004_t,3247,0.8153046433124967,0.6359716661533723,0.4343462006639347,0.19679334029082102,0.48259858496871605,0.8153046433124965,622,2094,531,1.043081283569336e-07
UA,42,distribution_shift_sensitivity,peer_lag1,main,development_holdout,P0_legacy,KR7003550001_t,3267,1.0485461377872838,0.4444444444444444,0.43772674722357435,0.16104758475769426,0.6323027800519964,1.0485461377872838,1081,1191,995,1.1175870895385742e-07
UA,42,distribution_shift_sensitivity,peer_lag1,main,development_holdout,P0_legacy,KR7004020004_t,3267,0.9956049300904299,0.4845423936333027,0.45257467434668114,0.18641210808969255,0.6026043119532786,0.99560493009043,932,1481,854,1.043081283569336e-07
UA,42,distribution_shift_sensitivity,peer_lag1,main,development_holdout,P0_legacy,KR7004170007_t,3265,0.9631612129671628,0.5160796324655437,0.44823735681436633,0.20449988666779054,0.5778904759677937,0.9631612129671631,834,1561,870,1.1175870895385742e-07
UA,42,distribution_shift_sensitivity,peer_lag1,main,development_holdout,P0_legacy,KR7005300009_t,2466,0.9803304603086409,0.4845904298459043,0.46691139845888857,0.20947359033594684,0.595856855801385,0.9803304603086411,932,654,880,1.1175870895385742e-07
UA,42,distribution_shift_sensitivity,peer_lag1,main,development_holdout,P0_legacy,KR7005380001_t,3267,0.7450378378303545,0.6914600550964187,0.4179495203249613,0.20773645205593363,0.43353754964524793,0.7450378378303546,513,2227,527,8.940696716308594e-08
UA,42,distribution_shift_sensitivity,peer_lag1,main,development_holdout,P0_legacy,KR7005440003_t,3251,0.8801833999718128,0.5761304214087973,0.41747683878593134,0.16394721315573446,0.5300547873628633,0.8801833999718128,655,1897,699,1.0337680578231812e-07
UA,42,distribution_shift_sensitivity,peer_lag1,main,development_holdout,P0_legacy,KR7005490008_t,3267,0.9608778829435722,0.5191307009488828,0.41976178537418846,0.1742454930397448,0.5781662148978597,0.9608778829435722,824,1624,819,1.043081283569336e-07
UA,42,distribution_shift_sensitivity,peer_lag1,main,development_holdout,P0_legacy,KR7005830005_t,3249,0.9616933668493234,0.528470298553401,0.49314391314615463,0.2515188991433029,0.5778625233657256,0.9616933668493234,802,1606,841,1.043081283569336e-07
UA,42,distribution_shift_sensitivity,peer_lag1,main,development_holdout,P0_legacy,KR7005930003_t,3267,1.0373138555881287,0.4478114478114478,0.40569744539262764,0.12124158747050019,0.6294100794068687,1.0373138555881287,1271,703,1293,1.043081283569336e-07
UA,42,distribution_shift_sensitivity,peer_lag1,main,development_holdout,P0_legacy,KR7006400006_t,3265,0.6964315210673373,0.7151607963246555,0.4399705602094351,0.214839869982378,0.4028866553995975,0.6964315210673373,451,2363,451,1.043081283569336e-07
UA,42,distribution_shift_sensitivity,peer_lag1,main,development_holdout,P0_legacy,KR7006800007_t,3267,1.0460499469384834,0.438322620140802,0.4144479993558863,0.16439048373154666,0.6305396984023197,1.0460499469384834,1121,1089,1057,1.043081283569336e-07
UA,42,distribution_shift_sensitivity,peer_lag1,main,development_holdout,P0_legacy,KR7007070006_t,3261,1.0025133548405427,0.49248696718797913,0.4796425486111155,0.22103379794566938,0.6034192707338143,1.0025133548405427,940,1456,865,1.1920928955078125e-07
UA,42,distribution_shift_sensitivity,peer_lag1,main,development_holdout,P0_legacy,KR7008770000_t,3259,1.0284017922162583,0.46824179196072413,0.4543854115350157,0.200763363819182,0.6212779001053507,1.0284017922162583,1076,1153,1030,1.043081283569336e-07
UA,42,distribution_shift_sensitivity,peer_lag1,main,development_holdout,P0_legacy,KR7009150004_t,3267,1.023750580300696,0.4588307315580043,0.43799728390501697,0.17374886603727285,0.6206747712826594,1.023750580300696,995,1262,1010,1.0803341865539551e-07
UA,42,distribution_shift_sensitivity,peer_lag1,main,development_holdout,P1_valid_cache_endpoints,KR7000030007_t,3265,0.6803571418130244,0.7197549770290965,0.40110151026092145,0.1700484747658003,0.3966908465228336,0.6803571418130244,424,2361,480,1.043081283569336e-07
UA,42,distribution_shift_sensitivity,peer_lag1,main,development_holdout,P1_valid_cache_endpoints,KR7000100008_t,3248,0.9212365196196827,0.5529556650246306,0.44615337244260167,0.21100452431940453,0.5545574641381265,0.9212365196196827,748,1699,801,1.043081283569336e-07
UA,42,distribution_shift_sensitivity,peer_lag1,main,development_holdout,P1_valid_cache_endpoints,KR7000120006_t,3192,0.7316265322215755,0.6719924812030075,0.4307609229178615,0.20596710906292548,0.4283380307786257,0.7316265322215753,532,2148,512,1.043081283569336e-07
UA,42,distribution_shift_sensitivity,peer_lag1,main,development_holdout,P1_valid_cache_endpoints,KR7000150003_t,3233,0.9240371765212251,0.543767398700897,0.4641248972026058,0.22811291623546703,0.5530108531695832,0.9240371765212251,791,1671,771,1.043081283569336e-07
UA,42,distribution_shift_sensitivity,peer_lag1,main,development_holdout,P1_valid_cache_endpoints,KR7000270009_t,3267,0.8826718051736544,0.581267217630854,0.4988953383107273,0.2774390234122353,0.5268001319311669,0.8826718051736544,799,1751,717,1.0803341865539551e-07
UA,42,distribution_shift_sensitivity,peer_lag1,main,development_holdout,P1_valid_cache_endpoints,KR7000660001_t,3267,1.0334942902471007,0.4695439240893786,0.4526346995279755,0.19236882901146268,0.6232014299463281,1.0334942902471007,1013,1249,1005,1.043081283569336e-07
UA,42,distribution_shift_sensitivity,peer_lag1,main,development_holdout,P1_valid_cache_endpoints,KR7000720003_t,3267,1.0294150050520265,0.45454545454545453,0.44942359691554845,0.17942065576357563,0.6237506207659889,1.0294150050520265,1165,1039,1063,1.043081283569336e-07
UA,42,distribution_shift_sensitivity,peer_lag1,main,development_holdout,P1_valid_cache_endpoints,KR7000810002_t,3262,0.8825438475205178,0.5885959534028203,0.46622258295382224,0.22838868567952644,0.5279491684530278,0.8825438475205178,718,1847,697,1.043081283569336e-07
UA,42,distribution_shift_sensitivity,peer_lag1,main,development_holdout,P1_valid_cache_endpoints,KR7001040005_t,3261,0.9301663528967536,0.5433915976694266,0.4317635767898688,0.1809271534609048,0.5603175543278398,0.9301663528967535,778,1745,738,1.1548399925231934e-07
UA,42,distribution_shift_sensitivity,peer_lag1,main,development_holdout,P1_valid_cache_endpoints,KR7001450006_t,3259,0.9338622138543521,0.5489413930653575,0.47920384323556126,0.24731816822588545,0.5580981195386712,0.9338622138543522,754,1652,853,1.0803341865539551e-07
UA,42,distribution_shift_sensitivity,peer_lag1,main,development_holdout,P1_valid_cache_endpoints,KR7002380004_t,3233,0.9818229510848403,0.5013918960717599,0.4817566965054594,0.23485634090605853,0.5919926126300457,0.9818229510848403,914,1341,978,1.043081283569336e-07
UA,42,distribution_shift_sensitivity,peer_lag1,main,development_holdout,P1_valid_cache_endpoints,KR7002550002_t,2702,0.8402372688164598,0.5895632864544782,0.5095605479562361,0.2827781814909212,0.5009017438648327,0.8402372688164598,594,1491,617,1.043081283569336e-07
UA,42,distribution_shift_sensitivity,peer_lag1,main,development_holdout,P1_valid_cache_endpoints,KR7002790004_t,3247,0.8153046433124967,0.6359716661533723,0.4343462006639347,0.19679334029082102,0.48259858496871605,0.8153046433124965,622,2094,531,1.043081283569336e-07
UA,42,distribution_shift_sensitivity,peer_lag1,main,development_holdout,P1_valid_cache_endpoints,KR7003550001_t,3267,1.0485461377872838,0.4444444444444444,0.43772674722357435,0.16104758475769426,0.6323027800519964,1.0485461377872838,1081,1191,995,1.1175870895385742e-07
UA,42,distribution_shift_sensitivity,peer_lag1,main,development_holdout,P1_valid_cache_endpoints,KR7004020004_t,3267,0.9956049300904299,0.4845423936333027,0.45257467434668114,0.18641210808969255,0.6026043119532786,0.99560493009043,932,1481,854,1.043081283569336e-07
UA,42,distribution_shift_sensitivity,peer_lag1,main,development_holdout,P1_valid_cache_endpoints,KR7004170007_t,3265,0.9631612129671628,0.5160796324655437,0.44823735681436633,0.20449988666779054,0.5778904759677937,0.9631612129671631,834,1561,870,1.1175870895385742e-07
UA,42,distribution_shift_sensitivity,peer_lag1,main,development_holdout,P1_valid_cache_endpoints,KR7005300009_t,2466,0.9803304603086409,0.4845904298459043,0.46691139845888857,0.20947359033594684,0.595856855801385,0.9803304603086411,932,654,880,1.1175870895385742e-07
UA,42,distribution_shift_sensitivity,peer_lag1,main,development_holdout,P1_valid_cache_endpoints,KR7005380001_t,3267,0.7450378378303545,0.6914600550964187,0.4179495203249613,0.20773645205593363,0.43353754964524793,0.7450378378303546,513,2227,527,8.940696716308594e-08
UA,42,distribution_shift_sensitivity,peer_lag1,main,development_holdout,P1_valid_cache_endpoints,KR7005440003_t,3251,0.8801833999718128,0.5761304214087973,0.41747683878593134,0.16394721315573446,0.5300547873628633,0.8801833999718128,655,1897,699,1.0337680578231812e-07
UA,42,distribution_shift_sensitivity,peer_lag1,main,development_holdout,P1_valid_cache_endpoints,KR7005490008_t,3267,0.9608778829435722,0.5191307009488828,0.41976178537418846,0.1742454930397448,0.5781662148978597,0.9608778829435722,824,1624,819,1.043081283569336e-07
UA,42,distribution_shift_sensitivity,peer_lag1,main,development_holdout,P1_valid_cache_endpoints,KR7005830005_t,3249,0.9616933668493234,0.528470298553401,0.49314391314615463,0.2515188991433029,0.5778625233657256,0.9616933668493234,802,1606,841,1.043081283569336e-07
UA,42,distribution_shift_sensitivity,peer_lag1,main,development_holdout,P1_valid_cache_endpoints,KR7005930003_t,3267,1.0373138555881287,0.4478114478114478,0.40569744539262764,0.12124158747050019,0.6294100794068687,1.0373138555881287,1271,703,1293,1.043081283569336e-07
UA,42,distribution_shift_sensitivity,peer_lag1,main,development_holdout,P1_valid_cache_endpoints,KR7006400006_t,3265,0.6964315210673373,0.7151607963246555,0.4399705602094351,0.214839869982378,0.4028866553995975,0.6964315210673373,451,2363,451,1.043081283569336e-07
UA,42,distribution_shift_sensitivity,peer_lag1,main,development_holdout,P1_valid_cache_endpoints,KR7006800007_t,3267,1.0460499469384834,0.438322620140802,0.4144479993558863,0.16439048373154666,0.6305396984023197,1.0460499469384834,1121,1089,1057,1.043081283569336e-07
UA,42,distribution_shift_sensitivity,peer_lag1,main,development_holdout,P1_valid_cache_endpoints,KR7007070006_t,3261,1.0025133548405427,0.49248696718797913,0.4796425486111155,0.22103379794566938,0.6034192707338143,1.0025133548405427,940,1456,865,1.1920928955078125e-07
UA,42,distribution_shift_sensitivity,peer_lag1,main,development_holdout,P1_valid_cache_endpoints,KR7008770000_t,3259,1.0284017922162583,0.46824179196072413,0.4543854115350157,0.200763363819182,0.6212779001053507,1.0284017922162583,1076,1153,1030,1.043081283569336e-07
UA,42,distribution_shift_sensitivity,peer_lag1,main,development_holdout,P1_valid_cache_endpoints,KR7009150004_t,3267,1.023750580300696,0.4588307315580043,0.43799728390501697,0.17374886603727285,0.6206747712826594,1.023750580300696,995,1262,1010,1.0803341865539551e-07
UA,42,distribution_shift_sensitivity,peer_lag1,main,development_holdout,P2_candidate_clock,KR7000030007_t,3265,0.6803571418130244,0.7197549770290965,0.40110151026092145,0.1700484747658003,0.3966908465228336,0.6803571418130244,424,2361,480,1.043081283569336e-07
UA,42,distribution_shift_sensitivity,peer_lag1,main,development_holdout,P2_candidate_clock,KR7000100008_t,3248,0.9212365196196827,0.5529556650246306,0.44615337244260167,0.21100452431940453,0.5545574641381265,0.9212365196196827,748,1699,801,1.043081283569336e-07
UA,42,distribution_shift_sensitivity,peer_lag1,main,development_holdout,P2_candidate_clock,KR7000120006_t,3192,0.7316265322215755,0.6719924812030075,0.4307609229178615,0.20596710906292548,0.4283380307786257,0.7316265322215753,532,2148,512,1.043081283569336e-07
UA,42,distribution_shift_sensitivity,peer_lag1,main,development_holdout,P2_candidate_clock,KR7000150003_t,3233,0.9240371765212251,0.543767398700897,0.4641248972026058,0.22811291623546703,0.5530108531695832,0.9240371765212251,791,1671,771,1.043081283569336e-07
UA,42,distribution_shift_sensitivity,peer_lag1,main,development_holdout,P2_candidate_clock,KR7000270009_t,3267,0.8826718051736544,0.581267217630854,0.4988953383107273,0.2774390234122353,0.5268001319311669,0.8826718051736544,799,1751,717,1.0803341865539551e-07
UA,42,distribution_shift_sensitivity,peer_lag1,main,development_holdout,P2_candidate_clock,KR7000660001_t,3267,1.0334942902471007,0.4695439240893786,0.4526346995279755,0.19236882901146268,0.6232014299463281,1.0334942902471007,1013,1249,1005,1.043081283569336e-07
UA,42,distribution_shift_sensitivity,peer_lag1,main,development_holdout,P2_candidate_clock,KR7000720003_t,3267,1.0294150050520265,0.45454545454545453,0.44942359691554845,0.17942065576357563,0.6237506207659889,1.0294150050520265,1165,1039,1063,1.043081283569336e-07
UA,42,distribution_shift_sensitivity,peer_lag1,main,development_holdout,P2_candidate_clock,KR7000810002_t,3262,0.8825438475205178,0.5885959534028203,0.46622258295382224,0.22838868567952644,0.5279491684530278,0.8825438475205178,718,1847,697,1.043081283569336e-07
UA,42,distribution_shift_sensitivity,peer_lag1,main,development_holdout,P2_candidate_clock,KR7001040005_t,3261,0.9301663528967536,0.5433915976694266,0.4317635767898688,0.1809271534609048,0.5603175543278398,0.9301663528967535,778,1745,738,1.1548399925231934e-07
UA,42,distribution_shift_sensitivity,peer_lag1,main,development_holdout,P2_candidate_clock,KR7001450006_t,3259,0.9338622138543521,0.5489413930653575,0.47920384323556126,0.24731816822588545,0.5580981195386712,0.9338622138543522,754,1652,853,1.0803341865539551e-07
UA,42,distribution_shift_sensitivity,peer_lag1,main,development_holdout,P2_candidate_clock,KR7002380004_t,3233,0.9818229510848403,0.5013918960717599,0.4817566965054594,0.23485634090605853,0.5919926126300457,0.9818229510848403,914,1341,978,1.043081283569336e-07
UA,42,distribution_shift_sensitivity,peer_lag1,main,development_holdout,P2_candidate_clock,KR7002550002_t,2702,0.8402372688164598,0.5895632864544782,0.5095605479562361,0.2827781814909212,0.5009017438648327,0.8402372688164598,594,1491,617,1.043081283569336e-07
UA,42,distribution_shift_sensitivity,peer_lag1,main,development_holdout,P2_candidate_clock,KR7002790004_t,3247,0.8153046433124967,0.6359716661533723,0.4343462006639347,0.19679334029082102,0.48259858496871605,0.8153046433124965,622,2094,531,1.043081283569336e-07
UA,42,distribution_shift_sensitivity,peer_lag1,main,development_holdout,P2_candidate_clock,KR7003550001_t,3267,1.0485461377872838,0.4444444444444444,0.43772674722357435,0.16104758475769426,0.6323027800519964,1.0485461377872838,1081,1191,995,1.1175870895385742e-07
UA,42,distribution_shift_sensitivity,peer_lag1,main,development_holdout,P2_candidate_clock,KR7004020004_t,3267,0.9956049300904299,0.4845423936333027,0.45257467434668114,0.18641210808969255,0.6026043119532786,0.99560493009043,932,1481,854,1.043081283569336e-07
UA,42,distribution_shift_sensitivity,peer_lag1,main,development_holdout,P2_candidate_clock,KR7004170007_t,3265,0.9631612129671628,0.5160796324655437,0.44823735681436633,0.20449988666779054,0.5778904759677937,0.9631612129671631,834,1561,870,1.1175870895385742e-07
UA,42,distribution_shift_sensitivity,peer_lag1,main,development_holdout,P2_candidate_clock,KR7005300009_t,2466,0.9803304603086409,0.4845904298459043,0.46691139845888857,0.20947359033594684,0.595856855801385,0.9803304603086411,932,654,880,1.1175870895385742e-07
UA,42,distribution_shift_sensitivity,peer_lag1,main,development_holdout,P2_candidate_clock,KR7005380001_t,3267,0.7450378378303545,0.6914600550964187,0.4179495203249613,0.20773645205593363,0.43353754964524793,0.7450378378303546,513,2227,527,8.940696716308594e-08
UA,42,distribution_shift_sensitivity,peer_lag1,main,development_holdout,P2_candidate_clock,KR7005440003_t,3251,0.8801833999718128,0.5761304214087973,0.41747683878593134,0.16394721315573446,0.5300547873628633,0.8801833999718128,655,1897,699,1.0337680578231812e-07
UA,42,distribution_shift_sensitivity,peer_lag1,main,development_holdout,P2_candidate_clock,KR7005490008_t,3267,0.9608778829435722,0.5191307009488828,0.41976178537418846,0.1742454930397448,0.5781662148978597,0.9608778829435722,824,1624,819,1.043081283569336e-07
UA,42,distribution_shift_sensitivity,peer_lag1,main,development_holdout,P2_candidate_clock,KR7005830005_t,3249,0.9616933668493234,0.528470298553401,0.49314391314615463,0.2515188991433029,0.5778625233657256,0.9616933668493234,802,1606,841,1.043081283569336e-07
UA,42,distribution_shift_sensitivity,peer_lag1,main,development_holdout,P2_candidate_clock,KR7005930003_t,3267,1.0373138555881287,0.4478114478114478,0.40569744539262764,0.12124158747050019,0.6294100794068687,1.0373138555881287,1271,703,1293,1.043081283569336e-07
UA,42,distribution_shift_sensitivity,peer_lag1,main,development_holdout,P2_candidate_clock,KR7006400006_t,3265,0.6964315210673373,0.7151607963246555,0.4399705602094351,0.214839869982378,0.4028866553995975,0.6964315210673373,451,2363,451,1.043081283569336e-07
UA,42,distribution_shift_sensitivity,peer_lag1,main,development_holdout,P2_candidate_clock,KR7006800007_t,3267,1.0460499469384834,0.438322620140802,0.4144479993558863,0.16439048373154666,0.6305396984023197,1.0460499469384834,1121,1089,1057,1.043081283569336e-07
UA,42,distribution_shift_sensitivity,peer_lag1,main,development_holdout,P2_candidate_clock,KR7007070006_t,3261,1.0025133548405427,0.49248696718797913,0.4796425486111155,0.22103379794566938,0.6034192707338143,1.0025133548405427,940,1456,865,1.1920928955078125e-07
UA,42,distribution_shift_sensitivity,peer_lag1,main,development_holdout,P2_candidate_clock,KR7008770000_t,3259,1.0284017922162583,0.46824179196072413,0.4543854115350157,0.200763363819182,0.6212779001053507,1.0284017922162583,1076,1153,1030,1.043081283569336e-07
UA,42,distribution_shift_sensitivity,peer_lag1,main,development_holdout,P2_candidate_clock,KR7009150004_t,3267,1.023750580300696,0.4588307315580043,0.43799728390501697,0.17374886603727285,0.6206747712826594,1.023750580300696,995,1262,1010,1.0803341865539551e-07
UA,42,distribution_shift_sensitivity,peer_lag1,main,development_holdout,P3_intersection,KR7000030007_t,3265,0.6803571418130244,0.7197549770290965,0.40110151026092145,0.1700484747658003,0.3966908465228336,0.6803571418130244,424,2361,480,1.043081283569336e-07
UA,42,distribution_shift_sensitivity,peer_lag1,main,development_holdout,P3_intersection,KR7000100008_t,3248,0.9212365196196827,0.5529556650246306,0.44615337244260167,0.21100452431940453,0.5545574641381265,0.9212365196196827,748,1699,801,1.043081283569336e-07
UA,42,distribution_shift_sensitivity,peer_lag1,main,development_holdout,P3_intersection,KR7000120006_t,3192,0.7316265322215755,0.6719924812030075,0.4307609229178615,0.20596710906292548,0.4283380307786257,0.7316265322215753,532,2148,512,1.043081283569336e-07
UA,42,distribution_shift_sensitivity,peer_lag1,main,development_holdout,P3_intersection,KR7000150003_t,3233,0.9240371765212251,0.543767398700897,0.4641248972026058,0.22811291623546703,0.5530108531695832,0.9240371765212251,791,1671,771,1.043081283569336e-07
UA,42,distribution_shift_sensitivity,peer_lag1,main,development_holdout,P3_intersection,KR7000270009_t,3267,0.8826718051736544,0.581267217630854,0.4988953383107273,0.2774390234122353,0.5268001319311669,0.8826718051736544,799,1751,717,1.0803341865539551e-07
UA,42,distribution_shift_sensitivity,peer_lag1,main,development_holdout,P3_intersection,KR7000660001_t,3267,1.0334942902471007,0.4695439240893786,0.4526346995279755,0.19236882901146268,0.6232014299463281,1.0334942902471007,1013,1249,1005,1.043081283569336e-07
UA,42,distribution_shift_sensitivity,peer_lag1,main,development_holdout,P3_intersection,KR7000720003_t,3267,1.0294150050520265,0.45454545454545453,0.44942359691554845,0.17942065576357563,0.6237506207659889,1.0294150050520265,1165,1039,1063,1.043081283569336e-07
UA,42,distribution_shift_sensitivity,peer_lag1,main,development_holdout,P3_intersection,KR7000810002_t,3262,0.8825438475205178,0.5885959534028203,0.46622258295382224,0.22838868567952644,0.5279491684530278,0.8825438475205178,718,1847,697,1.043081283569336e-07
UA,42,distribution_shift_sensitivity,peer_lag1,main,development_holdout,P3_intersection,KR7001040005_t,3261,0.9301663528967536,0.5433915976694266,0.4317635767898688,0.1809271534609048,0.5603175543278398,0.9301663528967535,778,1745,738,1.1548399925231934e-07
UA,42,distribution_shift_sensitivity,peer_lag1,main,development_holdout,P3_intersection,KR7001450006_t,3259,0.9338622138543521,0.5489413930653575,0.47920384323556126,0.24731816822588545,0.5580981195386712,0.9338622138543522,754,1652,853,1.0803341865539551e-07
UA,42,distribution_shift_sensitivity,peer_lag1,main,development_holdout,P3_intersection,KR7002380004_t,3233,0.9818229510848403,0.5013918960717599,0.4817566965054594,0.23485634090605853,0.5919926126300457,0.9818229510848403,914,1341,978,1.043081283569336e-07
UA,42,distribution_shift_sensitivity,peer_lag1,main,development_holdout,P3_intersection,KR7002550002_t,2702,0.8402372688164598,0.5895632864544782,0.5095605479562361,0.2827781814909212,0.5009017438648327,0.8402372688164598,594,1491,617,1.043081283569336e-07
UA,42,distribution_shift_sensitivity,peer_lag1,main,development_holdout,P3_intersection,KR7002790004_t,3247,0.8153046433124967,0.6359716661533723,0.4343462006639347,0.19679334029082102,0.48259858496871605,0.8153046433124965,622,2094,531,1.043081283569336e-07
UA,42,distribution_shift_sensitivity,peer_lag1,main,development_holdout,P3_intersection,KR7003550001_t,3267,1.0485461377872838,0.4444444444444444,0.43772674722357435,0.16104758475769426,0.6323027800519964,1.0485461377872838,1081,1191,995,1.1175870895385742e-07
UA,42,distribution_shift_sensitivity,peer_lag1,main,development_holdout,P3_intersection,KR7004020004_t,3267,0.9956049300904299,0.4845423936333027,0.45257467434668114,0.18641210808969255,0.6026043119532786,0.99560493009043,932,1481,854,1.043081283569336e-07
UA,42,distribution_shift_sensitivity,peer_lag1,main,development_holdout,P3_intersection,KR7004170007_t,3265,0.9631612129671628,0.5160796324655437,0.44823735681436633,0.20449988666779054,0.5778904759677937,0.9631612129671631,834,1561,870,1.1175870895385742e-07
UA,42,distribution_shift_sensitivity,peer_lag1,main,development_holdout,P3_intersection,KR7005300009_t,2466,0.9803304603086409,0.4845904298459043,0.46691139845888857,0.20947359033594684,0.595856855801385,0.9803304603086411,932,654,880,1.1175870895385742e-07
UA,42,distribution_shift_sensitivity,peer_lag1,main,development_holdout,P3_intersection,KR7005380001_t,3267,0.7450378378303545,0.6914600550964187,0.4179495203249613,0.20773645205593363,0.43353754964524793,0.7450378378303546,513,2227,527,8.940696716308594e-08
UA,42,distribution_shift_sensitivity,peer_lag1,main,development_holdout,P3_intersection,KR7005440003_t,3251,0.8801833999718128,0.5761304214087973,0.41747683878593134,0.16394721315573446,0.5300547873628633,0.8801833999718128,655,1897,699,1.0337680578231812e-07
UA,42,distribution_shift_sensitivity,peer_lag1,main,development_holdout,P3_intersection,KR7005490008_t,3267,0.9608778829435722,0.5191307009488828,0.41976178537418846,0.1742454930397448,0.5781662148978597,0.9608778829435722,824,1624,819,1.043081283569336e-07
UA,42,distribution_shift_sensitivity,peer_lag1,main,development_holdout,P3_intersection,KR7005830005_t,3249,0.9616933668493234,0.528470298553401,0.49314391314615463,0.2515188991433029,0.5778625233657256,0.9616933668493234,802,1606,841,1.043081283569336e-07
UA,42,distribution_shift_sensitivity,peer_lag1,main,development_holdout,P3_intersection,KR7005930003_t,3267,1.0373138555881287,0.4478114478114478,0.40569744539262764,0.12124158747050019,0.6294100794068687,1.0373138555881287,1271,703,1293,1.043081283569336e-07
UA,42,distribution_shift_sensitivity,peer_lag1,main,development_holdout,P3_intersection,KR7006400006_t,3265,0.6964315210673373,0.7151607963246555,0.4399705602094351,0.214839869982378,0.4028866553995975,0.6964315210673373,451,2363,451,1.043081283569336e-07
UA,42,distribution_shift_sensitivity,peer_lag1,main,development_holdout,P3_intersection,KR7006800007_t,3267,1.0460499469384834,0.438322620140802,0.4144479993558863,0.16439048373154666,0.6305396984023197,1.0460499469384834,1121,1089,1057,1.043081283569336e-07
UA,42,distribution_shift_sensitivity,peer_lag1,main,development_holdout,P3_intersection,KR7007070006_t,3261,1.0025133548405427,0.49248696718797913,0.4796425486111155,0.22103379794566938,0.6034192707338143,1.0025133548405427,940,1456,865,1.1920928955078125e-07
UA,42,distribution_shift_sensitivity,peer_lag1,main,development_holdout,P3_intersection,KR7008770000_t,3259,1.0284017922162583,0.46824179196072413,0.4543854115350157,0.200763363819182,0.6212779001053507,1.0284017922162583,1076,1153,1030,1.043081283569336e-07
UA,42,distribution_shift_sensitivity,peer_lag1,main,development_holdout,P3_intersection,KR7009150004_t,3267,1.023750580300696,0.4588307315580043,0.43799728390501697,0.17374886603727285,0.6206747712826594,1.023750580300696,995,1262,1010,1.0803341865539551e-07
UA,42,distribution_shift_sensitivity,peer_lag1,main,validation,P0_legacy,KR7000030007_t,1610,0.5553843791303188,0.7944099378881988,0.40257145486600465,0.17123277462268616,0.31330239453671843,0.5553843791303187,152,1287,171,8.940696716308594e-08
UA,42,distribution_shift_sensitivity,peer_lag1,main,validation,P0_legacy,KR7000100008_t,1589,0.8688146709228113,0.5972309628697294,0.42821273155246176,0.18970620764199206,0.5162142317336611,0.8688146709228113,327,960,302,1.1175870895385742e-07
UA,42,distribution_shift_sensitivity,peer_lag1,main,validation,P0_legacy,KR7000120006_t,1598,0.8191449856568176,0.6339173967459324,0.44689445284243323,0.2162442089167095,0.48621951668277175,0.8191449856568176,345,992,261,9.499490261077881e-08
UA,42,distribution_shift_sensitivity,peer_lag1,main,validation,P0_legacy,KR7000150003_t,1598,0.6684008158055841,0.7265331664580726,0.37022254317462394,0.1186164631819213,0.3941302555448245,0.668400815805584,214,1182,202,1.043081283569336e-07
UA,42,distribution_shift_sensitivity,peer_lag1,main,validation,P0_legacy,KR7000270009_t,1612,0.9102520963944789,0.5558312655086849,0.4827002460170484,0.2430243042147854,0.5462852125286393,0.9102520963944789,363,870,379,8.940696716308594e-08
UA,42,distribution_shift_sensitivity,peer_lag1,main,validation,P0_legacy,KR7000660001_t,1612,1.0526810191525005,0.44292803970223327,0.4389086222863445,0.16208208113920017,0.6366231921829332,1.0526810191525005,540,567,505,1.1920928955078125e-07
UA,42,distribution_shift_sensitivity,peer_lag1,main,validation,P0_legacy,KR7000720003_t,1612,1.049486050445949,0.4317617866004963,0.421501906461297,0.14178745241799776,0.6358657107873189,1.049486050445949,575,492,545,1.043081283569336e-07
UA,42,distribution_shift_sensitivity,peer_lag1,main,validation,P0_legacy,KR7000810002_t,1612,0.9182384944505545,0.5502481389578163,0.44514503249825554,0.2099943170525425,0.558987854587012,0.9182384944505545,400,836,376,1.043081283569336e-07
UA,42,distribution_shift_sensitivity,peer_lag1,main,validation,P0_legacy,KR7001040005_t,1607,0.9446619176797829,0.5320472930927194,0.44861207661402713,0.1938148866743011,0.5717542025176108,0.9446619176797829,399,829,379,8.940696716308594e-08
UA,42,distribution_shift_sensitivity,peer_lag1,main,validation,P0_legacy,KR7001450006_t,1610,0.9929782938777663,0.5080745341614907,0.47306550289983046,0.2291412251772744,0.5934585413042015,0.9929782938777663,462,692,456,1.1920928955078125e-07
UA,42,distribution_shift_sensitivity,peer_lag1,main,validation,P0_legacy,KR7002380004_t,1608,0.9573675093135008,0.5248756218905473,0.4789686832498863,0.23440877964894938,0.5767230875372813,0.9573675093135008,459,753,396,9.313225746154785e-08
UA,42,distribution_shift_sensitivity,peer_lag1,main,validation,P0_legacy,KR7002550002_t,1607,0.9269081502117028,0.5569383945239577,0.45409148717141995,0.19695176100272302,0.5525021359355741,0.9269081502117029,392,899,316,9.685754776000977e-08
UA,42,distribution_shift_sensitivity,peer_lag1,main,validation,P0_legacy,KR7002790004_t,1611,0.8977422772905495,0.5685909373060211,0.41391605062203957,0.15863354549247416,0.5407305386749559,0.8977422772905495,362,923,326,8.940696716308594e-08
UA,42,distribution_shift_sensitivity,peer_lag1,main,validation,P0_legacy,KR7003550001_t,1612,0.9525223402982631,0.521712158808933,0.4649808766458126,0.2077983096124744,0.5733126856659027,0.9525223402982633,378,811,423,1.0058283805847168e-07
UA,42,distribution_shift_sensitivity,peer_lag1,main,validation,P0_legacy,KR7004020004_t,1612,1.0393476064970972,0.4435483870967742,0.4248287250281943,0.15303922496243136,0.6299694114920228,1.0393476064970972,507,609,496,1.043081283569336e-07
UA,42,distribution_shift_sensitivity,peer_lag1,main,validation,P0_legacy,KR7004170007_t,1587,0.7805198426643027,0.6546943919344675,0.42881088669067885,0.21253590329662905,0.4631330794011577,0.7805198426643029,305,1018,264,1.043081283569336e-07
UA,42,distribution_shift_sensitivity,peer_lag1,main,validation,P0_legacy,KR7005300009_t,1328,1.028766908258849,0.45707831325301207,0.41249700554976204,0.1692774578920995,0.6228730075237773,1.028766908258849,511,373,444,1.043081283569336e-07
UA,42,distribution_shift_sensitivity,peer_lag1,main,validation,P0_legacy,KR7005380001_t,1612,0.6418260153719125,0.7549627791563276,0.4085214352293773,0.20443638739290723,0.3658500582915622,0.6418260153719125,188,1211,213,1.043081283569336e-07
UA,42,distribution_shift_sensitivity,peer_lag1,main,validation,P0_legacy,KR7005440003_t,1548,0.7618957238845279,0.6621447028423773,0.4294755354897995,0.17476084869296224,0.44747748875601845,0.7618957238845279,238,1061,249,1.043081283569336e-07
UA,42,distribution_shift_sensitivity,peer_lag1,main,validation,P0_legacy,KR7005490008_t,1612,0.9669416408838065,0.5198511166253101,0.4206838830441999,0.19200699641608518,0.585389440207016,0.9669416408838065,451,768,393,1.043081283569336e-07
UA,42,distribution_shift_sensitivity,peer_lag1,main,validation,P0_legacy,KR7005830005_t,1603,1.0193607824031303,0.4840923268870867,0.4698357355493152,0.2040191454934118,0.6169658426802962,1.0193607824031303,476,683,444,1.043081283569336e-07
UA,42,distribution_shift_sensitivity,peer_lag1,main,validation,P0_legacy,KR7005930003_t,1612,1.0523970332491615,0.41997518610421836,0.40170527670527667,0.10697276185722203,0.6389723000542796,1.0523970332491615,590,415,607,1.1175870895385742e-07
UA,42,distribution_shift_sensitivity,peer_lag1,main,validation,P0_legacy,KR7006400006_t,1612,0.7685643000088694,0.6650124069478908,0.4894788403942809,0.3049077285373148,0.4459144395336245,0.7685643000088694,259,1024,329,1.0803341865539551e-07
UA,42,distribution_shift_sensitivity,peer_lag1,main,validation,P0_legacy,KR7006800007_t,1602,1.0425792138078724,0.4544319600499376,0.4328758107476491,0.18344937363694652,0.6296845812188367,1.0425792138078727,507,567,528,1.043081283569336e-07
UA,42,distribution_shift_sensitivity,peer_lag1,main,validation,P0_legacy,KR7007070006_t,1602,1.025979747548791,0.4544319600499376,0.45338567161344306,0.1858112640850534,0.6221567285668256,1.025979747548791,485,582,535,1.1920928955078125e-07
UA,42,distribution_shift_sensitivity,peer_lag1,main,validation,P0_legacy,KR7008770000_t,1610,0.9684987769065112,0.5142857142857142,0.48785832354779163,0.2501297265978946,0.5829775248835699,0.968498776906511,516,658,436,1.043081283569336e-07
UA,42,distribution_shift_sensitivity,peer_lag1,main,validation,P0_legacy,KR7009150004_t,1612,0.963737863097279,0.5198511166253101,0.467151092872494,0.23286475101825443,0.5792445571912329,0.963737863097279,445,728,439,1.043081283569336e-07
UA,42,distribution_shift_sensitivity,peer_lag1,main,validation,P1_valid_cache_endpoints,KR7000030007_t,1610,0.5553843791303188,0.7944099378881988,0.40257145486600465,0.17123277462268616,0.31330239453671843,0.5553843791303187,152,1287,171,8.940696716308594e-08
UA,42,distribution_shift_sensitivity,peer_lag1,main,validation,P1_valid_cache_endpoints,KR7000100008_t,1589,0.8688146709228113,0.5972309628697294,0.42821273155246176,0.18970620764199206,0.5162142317336611,0.8688146709228113,327,960,302,1.1175870895385742e-07
UA,42,distribution_shift_sensitivity,peer_lag1,main,validation,P1_valid_cache_endpoints,KR7000120006_t,1598,0.8191449856568176,0.6339173967459324,0.44689445284243323,0.2162442089167095,0.48621951668277175,0.8191449856568176,345,992,261,9.499490261077881e-08
UA,42,distribution_shift_sensitivity,peer_lag1,main,validation,P1_valid_cache_endpoints,KR7000150003_t,1598,0.6684008158055841,0.7265331664580726,0.37022254317462394,0.1186164631819213,0.3941302555448245,0.668400815805584,214,1182,202,1.043081283569336e-07
UA,42,distribution_shift_sensitivity,peer_lag1,main,validation,P1_valid_cache_endpoints,KR7000270009_t,1612,0.9102520963944789,0.5558312655086849,0.4827002460170484,0.2430243042147854,0.5462852125286393,0.9102520963944789,363,870,379,8.940696716308594e-08
UA,42,distribution_shift_sensitivity,peer_lag1,main,validation,P1_valid_cache_endpoints,KR7000660001_t,1612,1.0526810191525005,0.44292803970223327,0.4389086222863445,0.16208208113920017,0.6366231921829332,1.0526810191525005,540,567,505,1.1920928955078125e-07
UA,42,distribution_shift_sensitivity,peer_lag1,main,validation,P1_valid_cache_endpoints,KR7000720003_t,1612,1.049486050445949,0.4317617866004963,0.421501906461297,0.14178745241799776,0.6358657107873189,1.049486050445949,575,492,545,1.043081283569336e-07
UA,42,distribution_shift_sensitivity,peer_lag1,main,validation,P1_valid_cache_endpoints,KR7000810002_t,1612,0.9182384944505545,0.5502481389578163,0.44514503249825554,0.2099943170525425,0.558987854587012,0.9182384944505545,400,836,376,1.043081283569336e-07
UA,42,distribution_shift_sensitivity,peer_lag1,main,validation,P1_valid_cache_endpoints,KR7001040005_t,1607,0.9446619176797829,0.5320472930927194,0.44861207661402713,0.1938148866743011,0.5717542025176108,0.9446619176797829,399,829,379,8.940696716308594e-08
UA,42,distribution_shift_sensitivity,peer_lag1,main,validation,P1_valid_cache_endpoints,KR7001450006_t,1610,0.9929782938777663,0.5080745341614907,0.47306550289983046,0.2291412251772744,0.5934585413042015,0.9929782938777663,462,692,456,1.1920928955078125e-07
UA,42,distribution_shift_sensitivity,peer_lag1,main,validation,P1_valid_cache_endpoints,KR7002380004_t,1608,0.9573675093135008,0.5248756218905473,0.4789686832498863,0.23440877964894938,0.5767230875372813,0.9573675093135008,459,753,396,9.313225746154785e-08
UA,42,distribution_shift_sensitivity,peer_lag1,main,validation,P1_valid_cache_endpoints,KR7002550002_t,1607,0.9269081502117028,0.5569383945239577,0.45409148717141995,0.19695176100272302,0.5525021359355741,0.9269081502117029,392,899,316,9.685754776000977e-08
UA,42,distribution_shift_sensitivity,peer_lag1,main,validation,P1_valid_cache_endpoints,KR7002790004_t,1611,0.8977422772905495,0.5685909373060211,0.41391605062203957,0.15863354549247416,0.5407305386749559,0.8977422772905495,362,923,326,8.940696716308594e-08
UA,42,distribution_shift_sensitivity,peer_lag1,main,validation,P1_valid_cache_endpoints,KR7003550001_t,1612,0.9525223402982631,0.521712158808933,0.4649808766458126,0.2077983096124744,0.5733126856659027,0.9525223402982633,378,811,423,1.0058283805847168e-07
UA,42,distribution_shift_sensitivity,peer_lag1,main,validation,P1_valid_cache_endpoints,KR7004020004_t,1612,1.0393476064970972,0.4435483870967742,0.4248287250281943,0.15303922496243136,0.6299694114920228,1.0393476064970972,507,609,496,1.043081283569336e-07
UA,42,distribution_shift_sensitivity,peer_lag1,main,validation,P1_valid_cache_endpoints,KR7004170007_t,1587,0.7805198426643027,0.6546943919344675,0.42881088669067885,0.21253590329662905,0.4631330794011577,0.7805198426643029,305,1018,264,1.043081283569336e-07
UA,42,distribution_shift_sensitivity,peer_lag1,main,validation,P1_valid_cache_endpoints,KR7005300009_t,1328,1.028766908258849,0.45707831325301207,0.41249700554976204,0.1692774578920995,0.6228730075237773,1.028766908258849,511,373,444,1.043081283569336e-07
UA,42,distribution_shift_sensitivity,peer_lag1,main,validation,P1_valid_cache_endpoints,KR7005380001_t,1612,0.6418260153719125,0.7549627791563276,0.4085214352293773,0.20443638739290723,0.3658500582915622,0.6418260153719125,188,1211,213,1.043081283569336e-07
UA,42,distribution_shift_sensitivity,peer_lag1,main,validation,P1_valid_cache_endpoints,KR7005440003_t,1548,0.7618957238845279,0.6621447028423773,0.4294755354897995,0.17476084869296224,0.44747748875601845,0.7618957238845279,238,1061,249,1.043081283569336e-07
UA,42,distribution_shift_sensitivity,peer_lag1,main,validation,P1_valid_cache_endpoints,KR7005490008_t,1612,0.9669416408838065,0.5198511166253101,0.4206838830441999,0.19200699641608518,0.585389440207016,0.9669416408838065,451,768,393,1.043081283569336e-07
UA,42,distribution_shift_sensitivity,peer_lag1,main,validation,P1_valid_cache_endpoints,KR7005830005_t,1603,1.0193607824031303,0.4840923268870867,0.4698357355493152,0.2040191454934118,0.6169658426802962,1.0193607824031303,476,683,444,1.043081283569336e-07
UA,42,distribution_shift_sensitivity,peer_lag1,main,validation,P1_valid_cache_endpoints,KR7005930003_t,1612,1.0523970332491615,0.41997518610421836,0.40170527670527667,0.10697276185722203,0.6389723000542796,1.0523970332491615,590,415,607,1.1175870895385742e-07
UA,42,distribution_shift_sensitivity,peer_lag1,main,validation,P1_valid_cache_endpoints,KR7006400006_t,1612,0.7685643000088694,0.6650124069478908,0.4894788403942809,0.3049077285373148,0.4459144395336245,0.7685643000088694,259,1024,329,1.0803341865539551e-07
UA,42,distribution_shift_sensitivity,peer_lag1,main,validation,P1_valid_cache_endpoints,KR7006800007_t,1602,1.0425792138078724,0.4544319600499376,0.4328758107476491,0.18344937363694652,0.6296845812188367,1.0425792138078727,507,567,528,1.043081283569336e-07
UA,42,distribution_shift_sensitivity,peer_lag1,main,validation,P1_valid_cache_endpoints,KR7007070006_t,1602,1.025979747548791,0.4544319600499376,0.45338567161344306,0.1858112640850534,0.6221567285668256,1.025979747548791,485,582,535,1.1920928955078125e-07
UA,42,distribution_shift_sensitivity,peer_lag1,main,validation,P1_valid_cache_endpoints,KR7008770000_t,1610,0.9684987769065112,0.5142857142857142,0.48785832354779163,0.2501297265978946,0.5829775248835699,0.968498776906511,516,658,436,1.043081283569336e-07
UA,42,distribution_shift_sensitivity,peer_lag1,main,validation,P1_valid_cache_endpoints,KR7009150004_t,1612,0.963737863097279,0.5198511166253101,0.467151092872494,0.23286475101825443,0.5792445571912329,0.963737863097279,445,728,439,1.043081283569336e-07
UA,42,distribution_shift_sensitivity,peer_lag1,main,validation,P2_candidate_clock,KR7000030007_t,1610,0.5553843791303188,0.7944099378881988,0.40257145486600465,0.17123277462268616,0.31330239453671843,0.5553843791303187,152,1287,171,8.940696716308594e-08
UA,42,distribution_shift_sensitivity,peer_lag1,main,validation,P2_candidate_clock,KR7000100008_t,1589,0.8688146709228113,0.5972309628697294,0.42821273155246176,0.18970620764199206,0.5162142317336611,0.8688146709228113,327,960,302,1.1175870895385742e-07
UA,42,distribution_shift_sensitivity,peer_lag1,main,validation,P2_candidate_clock,KR7000120006_t,1598,0.8191449856568176,0.6339173967459324,0.44689445284243323,0.2162442089167095,0.48621951668277175,0.8191449856568176,345,992,261,9.499490261077881e-08
UA,42,distribution_shift_sensitivity,peer_lag1,main,validation,P2_candidate_clock,KR7000150003_t,1598,0.6684008158055841,0.7265331664580726,0.37022254317462394,0.1186164631819213,0.3941302555448245,0.668400815805584,214,1182,202,1.043081283569336e-07
UA,42,distribution_shift_sensitivity,peer_lag1,main,validation,P2_candidate_clock,KR7000270009_t,1612,0.9102520963944789,0.5558312655086849,0.4827002460170484,0.2430243042147854,0.5462852125286393,0.9102520963944789,363,870,379,8.940696716308594e-08
UA,42,distribution_shift_sensitivity,peer_lag1,main,validation,P2_candidate_clock,KR7000660001_t,1612,1.0526810191525005,0.44292803970223327,0.4389086222863445,0.16208208113920017,0.6366231921829332,1.0526810191525005,540,567,505,1.1920928955078125e-07
UA,42,distribution_shift_sensitivity,peer_lag1,main,validation,P2_candidate_clock,KR7000720003_t,1612,1.049486050445949,0.4317617866004963,0.421501906461297,0.14178745241799776,0.6358657107873189,1.049486050445949,575,492,545,1.043081283569336e-07
UA,42,distribution_shift_sensitivity,peer_lag1,main,validation,P2_candidate_clock,KR7000810002_t,1612,0.9182384944505545,0.5502481389578163,0.44514503249825554,0.2099943170525425,0.558987854587012,0.9182384944505545,400,836,376,1.043081283569336e-07
UA,42,distribution_shift_sensitivity,peer_lag1,main,validation,P2_candidate_clock,KR7001040005_t,1607,0.9446619176797829,0.5320472930927194,0.44861207661402713,0.1938148866743011,0.5717542025176108,0.9446619176797829,399,829,379,8.940696716308594e-08
UA,42,distribution_shift_sensitivity,peer_lag1,main,validation,P2_candidate_clock,KR7001450006_t,1610,0.9929782938777663,0.5080745341614907,0.47306550289983046,0.2291412251772744,0.5934585413042015,0.9929782938777663,462,692,456,1.1920928955078125e-07
UA,42,distribution_shift_sensitivity,peer_lag1,main,validation,P2_candidate_clock,KR7002380004_t,1608,0.9573675093135008,0.5248756218905473,0.4789686832498863,0.23440877964894938,0.5767230875372813,0.9573675093135008,459,753,396,9.313225746154785e-08
UA,42,distribution_shift_sensitivity,peer_lag1,main,validation,P2_candidate_clock,KR7002550002_t,1607,0.9269081502117028,0.5569383945239577,0.45409148717141995,0.19695176100272302,0.5525021359355741,0.9269081502117029,392,899,316,9.685754776000977e-08
UA,42,distribution_shift_sensitivity,peer_lag1,main,validation,P2_candidate_clock,KR7002790004_t,1611,0.8977422772905495,0.5685909373060211,0.41391605062203957,0.15863354549247416,0.5407305386749559,0.8977422772905495,362,923,326,8.940696716308594e-08
UA,42,distribution_shift_sensitivity,peer_lag1,main,validation,P2_candidate_clock,KR7003550001_t,1612,0.9525223402982631,0.521712158808933,0.4649808766458126,0.2077983096124744,0.5733126856659027,0.9525223402982633,378,811,423,1.0058283805847168e-07
UA,42,distribution_shift_sensitivity,peer_lag1,main,validation,P2_candidate_clock,KR7004020004_t,1612,1.0393476064970972,0.4435483870967742,0.4248287250281943,0.15303922496243136,0.6299694114920228,1.0393476064970972,507,609,496,1.043081283569336e-07
UA,42,distribution_shift_sensitivity,peer_lag1,main,validation,P2_candidate_clock,KR7004170007_t,1587,0.7805198426643027,0.6546943919344675,0.42881088669067885,0.21253590329662905,0.4631330794011577,0.7805198426643029,305,1018,264,1.043081283569336e-07
UA,42,distribution_shift_sensitivity,peer_lag1,main,validation,P2_candidate_clock,KR7005300009_t,1328,1.028766908258849,0.45707831325301207,0.41249700554976204,0.1692774578920995,0.6228730075237773,1.028766908258849,511,373,444,1.043081283569336e-07
UA,42,distribution_shift_sensitivity,peer_lag1,main,validation,P2_candidate_clock,KR7005380001_t,1612,0.6418260153719125,0.7549627791563276,0.4085214352293773,0.20443638739290723,0.3658500582915622,0.6418260153719125,188,1211,213,1.043081283569336e-07
UA,42,distribution_shift_sensitivity,peer_lag1,main,validation,P2_candidate_clock,KR7005440003_t,1548,0.7618957238845279,0.6621447028423773,0.4294755354897995,0.17476084869296224,0.44747748875601845,0.7618957238845279,238,1061,249,1.043081283569336e-07
UA,42,distribution_shift_sensitivity,peer_lag1,main,validation,P2_candidate_clock,KR7005490008_t,1612,0.9669416408838065,0.5198511166253101,0.4206838830441999,0.19200699641608518,0.585389440207016,0.9669416408838065,451,768,393,1.043081283569336e-07
UA,42,distribution_shift_sensitivity,peer_lag1,main,validation,P2_candidate_clock,KR7005830005_t,1603,1.0193607824031303,0.4840923268870867,0.4698357355493152,0.2040191454934118,0.6169658426802962,1.0193607824031303,476,683,444,1.043081283569336e-07
UA,42,distribution_shift_sensitivity,peer_lag1,main,validation,P2_candidate_clock,KR7005930003_t,1612,1.0523970332491615,0.41997518610421836,0.40170527670527667,0.10697276185722203,0.6389723000542796,1.0523970332491615,590,415,607,1.1175870895385742e-07
UA,42,distribution_shift_sensitivity,peer_lag1,main,validation,P2_candidate_clock,KR7006400006_t,1612,0.7685643000088694,0.6650124069478908,0.4894788403942809,0.3049077285373148,0.4459144395336245,0.7685643000088694,259,1024,329,1.0803341865539551e-07
UA,42,distribution_shift_sensitivity,peer_lag1,main,validation,P2_candidate_clock,KR7006800007_t,1602,1.0425792138078724,0.4544319600499376,0.4328758107476491,0.18344937363694652,0.6296845812188367,1.0425792138078727,507,567,528,1.043081283569336e-07
UA,42,distribution_shift_sensitivity,peer_lag1,main,validation,P2_candidate_clock,KR7007070006_t,1602,1.025979747548791,0.4544319600499376,0.45338567161344306,0.1858112640850534,0.6221567285668256,1.025979747548791,485,582,535,1.1920928955078125e-07
UA,42,distribution_shift_sensitivity,peer_lag1,main,validation,P2_candidate_clock,KR7008770000_t,1610,0.9684987769065112,0.5142857142857142,0.48785832354779163,0.2501297265978946,0.5829775248835699,0.968498776906511,516,658,436,1.043081283569336e-07
UA,42,distribution_shift_sensitivity,peer_lag1,main,validation,P2_candidate_clock,KR7009150004_t,1612,0.963737863097279,0.5198511166253101,0.467151092872494,0.23286475101825443,0.5792445571912329,0.963737863097279,445,728,439,1.043081283569336e-07
UA,42,distribution_shift_sensitivity,peer_lag1,main,validation,P3_intersection,KR7000030007_t,1610,0.5553843791303188,0.7944099378881988,0.40257145486600465,0.17123277462268616,0.31330239453671843,0.5553843791303187,152,1287,171,8.940696716308594e-08
UA,42,distribution_shift_sensitivity,peer_lag1,main,validation,P3_intersection,KR7000100008_t,1589,0.8688146709228113,0.5972309628697294,0.42821273155246176,0.18970620764199206,0.5162142317336611,0.8688146709228113,327,960,302,1.1175870895385742e-07
UA,42,distribution_shift_sensitivity,peer_lag1,main,validation,P3_intersection,KR7000120006_t,1598,0.8191449856568176,0.6339173967459324,0.44689445284243323,0.2162442089167095,0.48621951668277175,0.8191449856568176,345,992,261,9.499490261077881e-08
UA,42,distribution_shift_sensitivity,peer_lag1,main,validation,P3_intersection,KR7000150003_t,1598,0.6684008158055841,0.7265331664580726,0.37022254317462394,0.1186164631819213,0.3941302555448245,0.668400815805584,214,1182,202,1.043081283569336e-07
UA,42,distribution_shift_sensitivity,peer_lag1,main,validation,P3_intersection,KR7000270009_t,1612,0.9102520963944789,0.5558312655086849,0.4827002460170484,0.2430243042147854,0.5462852125286393,0.9102520963944789,363,870,379,8.940696716308594e-08
UA,42,distribution_shift_sensitivity,peer_lag1,main,validation,P3_intersection,KR7000660001_t,1612,1.0526810191525005,0.44292803970223327,0.4389086222863445,0.16208208113920017,0.6366231921829332,1.0526810191525005,540,567,505,1.1920928955078125e-07
UA,42,distribution_shift_sensitivity,peer_lag1,main,validation,P3_intersection,KR7000720003_t,1612,1.049486050445949,0.4317617866004963,0.421501906461297,0.14178745241799776,0.6358657107873189,1.049486050445949,575,492,545,1.043081283569336e-07
UA,42,distribution_shift_sensitivity,peer_lag1,main,validation,P3_intersection,KR7000810002_t,1612,0.9182384944505545,0.5502481389578163,0.44514503249825554,0.2099943170525425,0.558987854587012,0.9182384944505545,400,836,376,1.043081283569336e-07
UA,42,distribution_shift_sensitivity,peer_lag1,main,validation,P3_intersection,KR7001040005_t,1607,0.9446619176797829,0.5320472930927194,0.44861207661402713,0.1938148866743011,0.5717542025176108,0.9446619176797829,399,829,379,8.940696716308594e-08
UA,42,distribution_shift_sensitivity,peer_lag1,main,validation,P3_intersection,KR7001450006_t,1610,0.9929782938777663,0.5080745341614907,0.47306550289983046,0.2291412251772744,0.5934585413042015,0.9929782938777663,462,692,456,1.1920928955078125e-07
UA,42,distribution_shift_sensitivity,peer_lag1,main,validation,P3_intersection,KR7002380004_t,1608,0.9573675093135008,0.5248756218905473,0.4789686832498863,0.23440877964894938,0.5767230875372813,0.9573675093135008,459,753,396,9.313225746154785e-08
UA,42,distribution_shift_sensitivity,peer_lag1,main,validation,P3_intersection,KR7002550002_t,1607,0.9269081502117028,0.5569383945239577,0.45409148717141995,0.19695176100272302,0.5525021359355741,0.9269081502117029,392,899,316,9.685754776000977e-08
UA,42,distribution_shift_sensitivity,peer_lag1,main,validation,P3_intersection,KR7002790004_t,1611,0.8977422772905495,0.5685909373060211,0.41391605062203957,0.15863354549247416,0.5407305386749559,0.8977422772905495,362,923,326,8.940696716308594e-08
UA,42,distribution_shift_sensitivity,peer_lag1,main,validation,P3_intersection,KR7003550001_t,1612,0.9525223402982631,0.521712158808933,0.4649808766458126,0.2077983096124744,0.5733126856659027,0.9525223402982633,378,811,423,1.0058283805847168e-07
UA,42,distribution_shift_sensitivity,peer_lag1,main,validation,P3_intersection,KR7004020004_t,1612,1.0393476064970972,0.4435483870967742,0.4248287250281943,0.15303922496243136,0.6299694114920228,1.0393476064970972,507,609,496,1.043081283569336e-07
UA,42,distribution_shift_sensitivity,peer_lag1,main,validation,P3_intersection,KR7004170007_t,1587,0.7805198426643027,0.6546943919344675,0.42881088669067885,0.21253590329662905,0.4631330794011577,0.7805198426643029,305,1018,264,1.043081283569336e-07
UA,42,distribution_shift_sensitivity,peer_lag1,main,validation,P3_intersection,KR7005300009_t,1328,1.028766908258849,0.45707831325301207,0.41249700554976204,0.1692774578920995,0.6228730075237773,1.028766908258849,511,373,444,1.043081283569336e-07
UA,42,distribution_shift_sensitivity,peer_lag1,main,validation,P3_intersection,KR7005380001_t,1612,0.6418260153719125,0.7549627791563276,0.4085214352293773,0.20443638739290723,0.3658500582915622,0.6418260153719125,188,1211,213,1.043081283569336e-07
UA,42,distribution_shift_sensitivity,peer_lag1,main,validation,P3_intersection,KR7005440003_t,1548,0.7618957238845279,0.6621447028423773,0.4294755354897995,0.17476084869296224,0.44747748875601845,0.7618957238845279,238,1061,249,1.043081283569336e-07
UA,42,distribution_shift_sensitivity,peer_lag1,main,validation,P3_intersection,KR7005490008_t,1612,0.9669416408838065,0.5198511166253101,0.4206838830441999,0.19200699641608518,0.585389440207016,0.9669416408838065,451,768,393,1.043081283569336e-07
UA,42,distribution_shift_sensitivity,peer_lag1,main,validation,P3_intersection,KR7005830005_t,1603,1.0193607824031303,0.4840923268870867,0.4698357355493152,0.2040191454934118,0.6169658426802962,1.0193607824031303,476,683,444,1.043081283569336e-07
UA,42,distribution_shift_sensitivity,peer_lag1,main,validation,P3_intersection,KR7005930003_t,1612,1.0523970332491615,0.41997518610421836,0.40170527670527667,0.10697276185722203,0.6389723000542796,1.0523970332491615,590,415,607,1.1175870895385742e-07
UA,42,distribution_shift_sensitivity,peer_lag1,main,validation,P3_intersection,KR7006400006_t,1612,0.7685643000088694,0.6650124069478908,0.4894788403942809,0.3049077285373148,0.4459144395336245,0.7685643000088694,259,1024,329,1.0803341865539551e-07
UA,42,distribution_shift_sensitivity,peer_lag1,main,validation,P3_intersection,KR7006800007_t,1602,1.0425792138078724,0.4544319600499376,0.4328758107476491,0.18344937363694652,0.6296845812188367,1.0425792138078727,507,567,528,1.043081283569336e-07
UA,42,distribution_shift_sensitivity,peer_lag1,main,validation,P3_intersection,KR7007070006_t,1602,1.025979747548791,0.4544319600499376,0.45338567161344306,0.1858112640850534,0.6221567285668256,1.025979747548791,485,582,535,1.1920928955078125e-07
UA,42,distribution_shift_sensitivity,peer_lag1,main,validation,P3_intersection,KR7008770000_t,1610,0.9684987769065112,0.5142857142857142,0.48785832354779163,0.2501297265978946,0.5829775248835699,0.968498776906511,516,658,436,1.043081283569336e-07
UA,42,distribution_shift_sensitivity,peer_lag1,main,validation,P3_intersection,KR7009150004_t,1612,0.963737863097279,0.5198511166253101,0.467151092872494,0.23286475101825443,0.5792445571912329,0.963737863097279,445,728,439,1.043081283569336e-07
