model,seed,family,condition,fold,split,population,grouping,group,rows,nll,accuracy,macro_f1,mcc,brier,equal_asset_nll,down,flat,up,max_probability_sum_error
UA,7,distribution_shift_sensitivity,peer_lag1,main,development_holdout,P0_legacy,origin_bucket,09:00–:59,12926,1.0457640430867436,0.43346742998607457,0.41091836260740755,0.13727442910486273,0.6347908866693662,1.0439649660103438,4717,3604,4605,1.0803341865539551e-07
UA,7,distribution_shift_sensitivity,peer_lag1,main,development_holdout,P0_legacy,origin_bucket,10:00–:59,15722,1.0008360529061295,0.49230377814527415,0.4738594501857891,0.21963019865631028,0.6029891344304964,0.999880332109521,4692,6682,4348,1.1920928955078125e-07
UA,7,distribution_shift_sensitivity,peer_lag1,main,development_holdout,P0_legacy,origin_bucket,11:00–:59,15784,0.9178147281186757,0.5546122655854029,0.4720567404740847,0.23339729606229537,0.5495000838744801,0.9180241333288216,3834,8240,3710,1.0803341865539551e-07
UA,7,distribution_shift_sensitivity,peer_lag1,main,development_holdout,P0_legacy,origin_bucket,12:00–:59,15750,0.8240682459650587,0.6193650793650793,0.4709046991781372,0.24564524853219358,0.4887845462949733,0.8247358125620239,3206,9357,3187,1.1920928955078125e-07
UA,7,distribution_shift_sensitivity,peer_lag1,main,development_holdout,P0_legacy,origin_bucket,13:00–:59,15825,0.8664613852177255,0.5879936808846762,0.47197799183549005,0.23767401778125563,0.517891412283299,0.866958629570947,3428,8890,3507,1.043081283569336e-07
UA,7,distribution_shift_sensitivity,peer_lag1,main,development_holdout,P0_legacy,origin_bucket,14:00–:59,10581,0.9082511385606163,0.559398922597108,0.47254207080815275,0.23195369555495968,0.5441569412952788,0.9083809362619044,2402,5582,2597,1.1175870895385742e-07
UA,7,distribution_shift_sensitivity,peer_lag1,main,development_holdout,P0_legacy,relative_spread_bin,high,31681,0.8225811767577008,0.6210978188819798,0.44420429439744497,0.22274295304229516,0.48806488947576143,1.0192232520659839,6142,19306,6233,1.0989606380462646e-07
UA,7,distribution_shift_sensitivity,peer_lag1,main,development_holdout,P0_legacy,relative_spread_bin,low,28072,1.00712337856045,0.47663151895126815,0.47198405378515046,0.21426587740461292,0.6082823174192162,1.0147099916100901,9131,10089,8852,1.1920928955078125e-07
UA,7,distribution_shift_sensitivity,peer_lag1,main,development_holdout,P0_legacy,relative_spread_bin,middle,26835,0.9580155752440839,0.5224147568474008,0.4764668862713206,0.22588727873785225,0.5765768331574375,0.9897961118941618,7006,12960,6869,1.1920928955078125e-07
UA,7,distribution_shift_sensitivity,peer_lag1,main,development_holdout,P0_legacy,l5_depth_bin,high,33406,0.8705840514541171,0.5829192360653774,0.46788740180928173,0.24124166555260226,0.5193339756802022,0.8374663086583141,7596,18489,7321,1.043081283569336e-07
UA,7,distribution_shift_sensitivity,peer_lag1,main,development_holdout,P0_legacy,l5_depth_bin,low,19219,1.0044023179899102,0.47796451428274106,0.4749731815044438,0.2196794874969098,0.6080852940511302,1.0080062482678336,6208,6785,6226,1.1920928955078125e-07
UA,7,distribution_shift_sensitivity,peer_lag1,main,development_holdout,P0_legacy,l5_depth_bin,middle,33963,0.9320192778364789,0.5422665842240085,0.4783104718369962,0.23973081213529182,0.5586921720081313,0.9929882554968076,8475,17081,8407,1.1920928955078125e-07
UA,7,distribution_shift_sensitivity,peer_lag1,main,development_holdout,P1_valid_cache_endpoints,origin_bucket,09:00–:59,12926,1.0457640430867436,0.43346742998607457,0.41091836260740755,0.13727442910486273,0.6347908866693662,1.0439649660103438,4717,3604,4605,1.0803341865539551e-07
UA,7,distribution_shift_sensitivity,peer_lag1,main,development_holdout,P1_valid_cache_endpoints,origin_bucket,10:00–:59,15722,1.0008360529061295,0.49230377814527415,0.4738594501857891,0.21963019865631028,0.6029891344304964,0.999880332109521,4692,6682,4348,1.1920928955078125e-07
UA,7,distribution_shift_sensitivity,peer_lag1,main,development_holdout,P1_valid_cache_endpoints,origin_bucket,11:00–:59,15784,0.9178147281186757,0.5546122655854029,0.4720567404740847,0.23339729606229537,0.5495000838744801,0.9180241333288216,3834,8240,3710,1.0803341865539551e-07
UA,7,distribution_shift_sensitivity,peer_lag1,main,development_holdout,P1_valid_cache_endpoints,origin_bucket,12:00–:59,15750,0.8240682459650587,0.6193650793650793,0.4709046991781372,0.24564524853219358,0.4887845462949733,0.8247358125620239,3206,9357,3187,1.1920928955078125e-07
UA,7,distribution_shift_sensitivity,peer_lag1,main,development_holdout,P1_valid_cache_endpoints,origin_bucket,13:00–:59,15825,0.8664613852177255,0.5879936808846762,0.47197799183549005,0.23767401778125563,0.517891412283299,0.866958629570947,3428,8890,3507,1.043081283569336e-07
UA,7,distribution_shift_sensitivity,peer_lag1,main,development_holdout,P1_valid_cache_endpoints,origin_bucket,14:00–:59,10581,0.9082511385606163,0.559398922597108,0.47254207080815275,0.23195369555495968,0.5441569412952788,0.9083809362619044,2402,5582,2597,1.1175870895385742e-07
UA,7,distribution_shift_sensitivity,peer_lag1,main,development_holdout,P1_valid_cache_endpoints,relative_spread_bin,high,31681,0.8225811767577008,0.6210978188819798,0.44420429439744497,0.22274295304229516,0.48806488947576143,1.0192232520659839,6142,19306,6233,1.0989606380462646e-07
UA,7,distribution_shift_sensitivity,peer_lag1,main,development_holdout,P1_valid_cache_endpoints,relative_spread_bin,low,28072,1.00712337856045,0.47663151895126815,0.47198405378515046,0.21426587740461292,0.6082823174192162,1.0147099916100901,9131,10089,8852,1.1920928955078125e-07
UA,7,distribution_shift_sensitivity,peer_lag1,main,development_holdout,P1_valid_cache_endpoints,relative_spread_bin,middle,26835,0.9580155752440839,0.5224147568474008,0.4764668862713206,0.22588727873785225,0.5765768331574375,0.9897961118941618,7006,12960,6869,1.1920928955078125e-07
UA,7,distribution_shift_sensitivity,peer_lag1,main,development_holdout,P1_valid_cache_endpoints,l5_depth_bin,high,33406,0.8705840514541171,0.5829192360653774,0.46788740180928173,0.24124166555260226,0.5193339756802022,0.8374663086583141,7596,18489,7321,1.043081283569336e-07
UA,7,distribution_shift_sensitivity,peer_lag1,main,development_holdout,P1_valid_cache_endpoints,l5_depth_bin,low,19219,1.0044023179899102,0.47796451428274106,0.4749731815044438,0.2196794874969098,0.6080852940511302,1.0080062482678336,6208,6785,6226,1.1920928955078125e-07
UA,7,distribution_shift_sensitivity,peer_lag1,main,development_holdout,P1_valid_cache_endpoints,l5_depth_bin,middle,33963,0.9320192778364789,0.5422665842240085,0.4783104718369962,0.23973081213529182,0.5586921720081313,0.9929882554968076,8475,17081,8407,1.1920928955078125e-07
UA,7,distribution_shift_sensitivity,peer_lag1,main,development_holdout,P2_candidate_clock,origin_bucket,09:00–:59,12926,1.0457640430867436,0.43346742998607457,0.41091836260740755,0.13727442910486273,0.6347908866693662,1.0439649660103438,4717,3604,4605,1.0803341865539551e-07
UA,7,distribution_shift_sensitivity,peer_lag1,main,development_holdout,P2_candidate_clock,origin_bucket,10:00–:59,15722,1.0008360529061295,0.49230377814527415,0.4738594501857891,0.21963019865631028,0.6029891344304964,0.999880332109521,4692,6682,4348,1.1920928955078125e-07
UA,7,distribution_shift_sensitivity,peer_lag1,main,development_holdout,P2_candidate_clock,origin_bucket,11:00–:59,15784,0.9178147281186757,0.5546122655854029,0.4720567404740847,0.23339729606229537,0.5495000838744801,0.9180241333288216,3834,8240,3710,1.0803341865539551e-07
UA,7,distribution_shift_sensitivity,peer_lag1,main,development_holdout,P2_candidate_clock,origin_bucket,12:00–:59,15750,0.8240682459650587,0.6193650793650793,0.4709046991781372,0.24564524853219358,0.4887845462949733,0.8247358125620239,3206,9357,3187,1.1920928955078125e-07
UA,7,distribution_shift_sensitivity,peer_lag1,main,development_holdout,P2_candidate_clock,origin_bucket,13:00–:59,15825,0.8664613852177255,0.5879936808846762,0.47197799183549005,0.23767401778125563,0.517891412283299,0.866958629570947,3428,8890,3507,1.043081283569336e-07
UA,7,distribution_shift_sensitivity,peer_lag1,main,development_holdout,P2_candidate_clock,origin_bucket,14:00–:59,10581,0.9082511385606163,0.559398922597108,0.47254207080815275,0.23195369555495968,0.5441569412952788,0.9083809362619044,2402,5582,2597,1.1175870895385742e-07
UA,7,distribution_shift_sensitivity,peer_lag1,main,development_holdout,P2_candidate_clock,relative_spread_bin,high,31681,0.8225811767577008,0.6210978188819798,0.44420429439744497,0.22274295304229516,0.48806488947576143,1.0192232520659839,6142,19306,6233,1.0989606380462646e-07
UA,7,distribution_shift_sensitivity,peer_lag1,main,development_holdout,P2_candidate_clock,relative_spread_bin,low,28072,1.00712337856045,0.47663151895126815,0.47198405378515046,0.21426587740461292,0.6082823174192162,1.0147099916100901,9131,10089,8852,1.1920928955078125e-07
UA,7,distribution_shift_sensitivity,peer_lag1,main,development_holdout,P2_candidate_clock,relative_spread_bin,middle,26835,0.9580155752440839,0.5224147568474008,0.4764668862713206,0.22588727873785225,0.5765768331574375,0.9897961118941618,7006,12960,6869,1.1920928955078125e-07
UA,7,distribution_shift_sensitivity,peer_lag1,main,development_holdout,P2_candidate_clock,l5_depth_bin,high,33406,0.8705840514541171,0.5829192360653774,0.46788740180928173,0.24124166555260226,0.5193339756802022,0.8374663086583141,7596,18489,7321,1.043081283569336e-07
UA,7,distribution_shift_sensitivity,peer_lag1,main,development_holdout,P2_candidate_clock,l5_depth_bin,low,19219,1.0044023179899102,0.47796451428274106,0.4749731815044438,0.2196794874969098,0.6080852940511302,1.0080062482678336,6208,6785,6226,1.1920928955078125e-07
UA,7,distribution_shift_sensitivity,peer_lag1,main,development_holdout,P2_candidate_clock,l5_depth_bin,middle,33963,0.9320192778364789,0.5422665842240085,0.4783104718369962,0.23973081213529182,0.5586921720081313,0.9929882554968076,8475,17081,8407,1.1920928955078125e-07
UA,7,distribution_shift_sensitivity,peer_lag1,main,development_holdout,P3_intersection,origin_bucket,09:00–:59,12926,1.0457640430867436,0.43346742998607457,0.41091836260740755,0.13727442910486273,0.6347908866693662,1.0439649660103438,4717,3604,4605,1.0803341865539551e-07
UA,7,distribution_shift_sensitivity,peer_lag1,main,development_holdout,P3_intersection,origin_bucket,10:00–:59,15722,1.0008360529061295,0.49230377814527415,0.4738594501857891,0.21963019865631028,0.6029891344304964,0.999880332109521,4692,6682,4348,1.1920928955078125e-07
UA,7,distribution_shift_sensitivity,peer_lag1,main,development_holdout,P3_intersection,origin_bucket,11:00–:59,15784,0.9178147281186757,0.5546122655854029,0.4720567404740847,0.23339729606229537,0.5495000838744801,0.9180241333288216,3834,8240,3710,1.0803341865539551e-07
UA,7,distribution_shift_sensitivity,peer_lag1,main,development_holdout,P3_intersection,origin_bucket,12:00–:59,15750,0.8240682459650587,0.6193650793650793,0.4709046991781372,0.24564524853219358,0.4887845462949733,0.8247358125620239,3206,9357,3187,1.1920928955078125e-07
UA,7,distribution_shift_sensitivity,peer_lag1,main,development_holdout,P3_intersection,origin_bucket,13:00–:59,15825,0.8664613852177255,0.5879936808846762,0.47197799183549005,0.23767401778125563,0.517891412283299,0.866958629570947,3428,8890,3507,1.043081283569336e-07
UA,7,distribution_shift_sensitivity,peer_lag1,main,development_holdout,P3_intersection,origin_bucket,14:00–:59,10581,0.9082511385606163,0.559398922597108,0.47254207080815275,0.23195369555495968,0.5441569412952788,0.9083809362619044,2402,5582,2597,1.1175870895385742e-07
UA,7,distribution_shift_sensitivity,peer_lag1,main,development_holdout,P3_intersection,relative_spread_bin,high,31681,0.8225811767577008,0.6210978188819798,0.44420429439744497,0.22274295304229516,0.48806488947576143,1.0192232520659839,6142,19306,6233,1.0989606380462646e-07
UA,7,distribution_shift_sensitivity,peer_lag1,main,development_holdout,P3_intersection,relative_spread_bin,low,28072,1.00712337856045,0.47663151895126815,0.47198405378515046,0.21426587740461292,0.6082823174192162,1.0147099916100901,9131,10089,8852,1.1920928955078125e-07
UA,7,distribution_shift_sensitivity,peer_lag1,main,development_holdout,P3_intersection,relative_spread_bin,middle,26835,0.9580155752440839,0.5224147568474008,0.4764668862713206,0.22588727873785225,0.5765768331574375,0.9897961118941618,7006,12960,6869,1.1920928955078125e-07
UA,7,distribution_shift_sensitivity,peer_lag1,main,development_holdout,P3_intersection,l5_depth_bin,high,33406,0.8705840514541171,0.5829192360653774,0.46788740180928173,0.24124166555260226,0.5193339756802022,0.8374663086583141,7596,18489,7321,1.043081283569336e-07
UA,7,distribution_shift_sensitivity,peer_lag1,main,development_holdout,P3_intersection,l5_depth_bin,low,19219,1.0044023179899102,0.47796451428274106,0.4749731815044438,0.2196794874969098,0.6080852940511302,1.0080062482678336,6208,6785,6226,1.1920928955078125e-07
UA,7,distribution_shift_sensitivity,peer_lag1,main,development_holdout,P3_intersection,l5_depth_bin,middle,33963,0.9320192778364789,0.5422665842240085,0.4783104718369962,0.23973081213529182,0.5586921720081313,0.9929882554968076,8475,17081,8407,1.1920928955078125e-07
UA,7,distribution_shift_sensitivity,peer_lag1,main,validation,P0_legacy,origin_bucket,09:00–:59,6326,1.037538293853125,0.45036357888080936,0.43348193970685633,0.1713950686915746,0.6277767762368703,1.0379982484728854,2277,1935,2114,1.1920928955078125e-07
UA,7,distribution_shift_sensitivity,peer_lag1,main,validation,P0_legacy,origin_bucket,10:00–:59,7828,0.9885243440466887,0.5007664793050588,0.47542762754455037,0.22610030146803048,0.5943742992769531,0.9886367009891468,2236,3450,2142,1.1920928955078125e-07
UA,7,distribution_shift_sensitivity,peer_lag1,main,validation,P0_legacy,origin_bucket,11:00–:59,7863,0.8805456966505216,0.573190894060791,0.4802406868852078,0.24236515010959933,0.5280106367659384,0.8815083155669092,1876,4288,1699,1.043081283569336e-07
UA,7,distribution_shift_sensitivity,peer_lag1,main,validation,P0_legacy,origin_bucket,12:00–:59,7866,0.8173315905642287,0.6262395118230358,0.47160042768771526,0.24251522640329867,0.486475297351838,0.8181984578059721,1579,4751,1536,1.1175870895385742e-07
UA,7,distribution_shift_sensitivity,peer_lag1,main,validation,P0_legacy,origin_bucket,13:00–:59,7889,0.8546903970525357,0.596019774369375,0.47068770138057325,0.24235259131474027,0.5099141626189184,0.855038010539726,1706,4480,1703,1.1920928955078125e-07
UA,7,distribution_shift_sensitivity,peer_lag1,main,validation,P0_legacy,origin_bucket,14:00–:59,5278,0.8997089207326281,0.5691549829480864,0.4702541937010287,0.22817655326837624,0.5381244058812108,0.9000566048190956,1172,2886,1220,1.043081283569336e-07
UA,7,distribution_shift_sensitivity,peer_lag1,main,validation,P0_legacy,relative_spread_bin,high,15899,0.7724955133796602,0.6589722624064407,0.4534510301590142,0.23527752981076763,0.4555775846525246,0.9698280107559781,2844,10318,2737,1.1920928955078125e-07
UA,7,distribution_shift_sensitivity,peer_lag1,main,validation,P0_legacy,relative_spread_bin,low,15451,1.0052781005563305,0.4769270597372338,0.4697676701677909,0.2130542570909027,0.6078242311898795,1.0067717452467349,4902,5847,4702,1.1920928955078125e-07
UA,7,distribution_shift_sensitivity,peer_lag1,main,validation,P0_legacy,relative_spread_bin,middle,11700,0.9684918840434876,0.5181196581196581,0.46359412222954083,0.21121561474285724,0.5838165346761474,0.983920154426352,3100,5625,2975,1.1920928955078125e-07
UA,7,distribution_shift_sensitivity,peer_lag1,main,validation,P0_legacy,l5_depth_bin,high,15445,0.8399981534555733,0.6097766267400453,0.47841380375612125,0.2632924936044274,0.4976432509810372,0.8445826747730131,3265,8912,3268,1.1920928955078125e-07
UA,7,distribution_shift_sensitivity,peer_lag1,main,validation,P0_legacy,l5_depth_bin,low,9873,1.000935947630861,0.4865795604172997,0.4761690323982002,0.22602293879548913,0.6047183017829776,0.997234443324228,3209,3771,2893,1.1175870895385742e-07
UA,7,distribution_shift_sensitivity,peer_lag1,main,validation,P0_legacy,l5_depth_bin,middle,17732,0.9186668763335816,0.5462440785021431,0.4772611524545267,0.2355017127463564,0.5531744792076914,0.974253633773272,4372,9107,4253,1.1920928955078125e-07
UA,7,distribution_shift_sensitivity,peer_lag1,main,validation,P1_valid_cache_endpoints,origin_bucket,09:00–:59,6326,1.037538293853125,0.45036357888080936,0.43348193970685633,0.1713950686915746,0.6277767762368703,1.0379982484728854,2277,1935,2114,1.1920928955078125e-07
UA,7,distribution_shift_sensitivity,peer_lag1,main,validation,P1_valid_cache_endpoints,origin_bucket,10:00–:59,7828,0.9885243440466887,0.5007664793050588,0.47542762754455037,0.22610030146803048,0.5943742992769531,0.9886367009891468,2236,3450,2142,1.1920928955078125e-07
UA,7,distribution_shift_sensitivity,peer_lag1,main,validation,P1_valid_cache_endpoints,origin_bucket,11:00–:59,7863,0.8805456966505216,0.573190894060791,0.4802406868852078,0.24236515010959933,0.5280106367659384,0.8815083155669092,1876,4288,1699,1.043081283569336e-07
UA,7,distribution_shift_sensitivity,peer_lag1,main,validation,P1_valid_cache_endpoints,origin_bucket,12:00–:59,7866,0.8173315905642287,0.6262395118230358,0.47160042768771526,0.24251522640329867,0.486475297351838,0.8181984578059721,1579,4751,1536,1.1175870895385742e-07
UA,7,distribution_shift_sensitivity,peer_lag1,main,validation,P1_valid_cache_endpoints,origin_bucket,13:00–:59,7889,0.8546903970525357,0.596019774369375,0.47068770138057325,0.24235259131474027,0.5099141626189184,0.855038010539726,1706,4480,1703,1.1920928955078125e-07
UA,7,distribution_shift_sensitivity,peer_lag1,main,validation,P1_valid_cache_endpoints,origin_bucket,14:00–:59,5278,0.8997089207326281,0.5691549829480864,0.4702541937010287,0.22817655326837624,0.5381244058812108,0.9000566048190956,1172,2886,1220,1.043081283569336e-07
UA,7,distribution_shift_sensitivity,peer_lag1,main,validation,P1_valid_cache_endpoints,relative_spread_bin,high,15899,0.7724955133796602,0.6589722624064407,0.4534510301590142,0.23527752981076763,0.4555775846525246,0.9698280107559781,2844,10318,2737,1.1920928955078125e-07
UA,7,distribution_shift_sensitivity,peer_lag1,main,validation,P1_valid_cache_endpoints,relative_spread_bin,low,15451,1.0052781005563305,0.4769270597372338,0.4697676701677909,0.2130542570909027,0.6078242311898795,1.0067717452467349,4902,5847,4702,1.1920928955078125e-07
UA,7,distribution_shift_sensitivity,peer_lag1,main,validation,P1_valid_cache_endpoints,relative_spread_bin,middle,11700,0.9684918840434876,0.5181196581196581,0.46359412222954083,0.21121561474285724,0.5838165346761474,0.983920154426352,3100,5625,2975,1.1920928955078125e-07
UA,7,distribution_shift_sensitivity,peer_lag1,main,validation,P1_valid_cache_endpoints,l5_depth_bin,high,15445,0.8399981534555733,0.6097766267400453,0.47841380375612125,0.2632924936044274,0.4976432509810372,0.8445826747730131,3265,8912,3268,1.1920928955078125e-07
UA,7,distribution_shift_sensitivity,peer_lag1,main,validation,P1_valid_cache_endpoints,l5_depth_bin,low,9873,1.000935947630861,0.4865795604172997,0.4761690323982002,0.22602293879548913,0.6047183017829776,0.997234443324228,3209,3771,2893,1.1175870895385742e-07
UA,7,distribution_shift_sensitivity,peer_lag1,main,validation,P1_valid_cache_endpoints,l5_depth_bin,middle,17732,0.9186668763335816,0.5462440785021431,0.4772611524545267,0.2355017127463564,0.5531744792076914,0.974253633773272,4372,9107,4253,1.1920928955078125e-07
UA,7,distribution_shift_sensitivity,peer_lag1,main,validation,P2_candidate_clock,origin_bucket,09:00–:59,6326,1.037538293853125,0.45036357888080936,0.43348193970685633,0.1713950686915746,0.6277767762368703,1.0379982484728854,2277,1935,2114,1.1920928955078125e-07
UA,7,distribution_shift_sensitivity,peer_lag1,main,validation,P2_candidate_clock,origin_bucket,10:00–:59,7828,0.9885243440466887,0.5007664793050588,0.47542762754455037,0.22610030146803048,0.5943742992769531,0.9886367009891468,2236,3450,2142,1.1920928955078125e-07
UA,7,distribution_shift_sensitivity,peer_lag1,main,validation,P2_candidate_clock,origin_bucket,11:00–:59,7863,0.8805456966505216,0.573190894060791,0.4802406868852078,0.24236515010959933,0.5280106367659384,0.8815083155669092,1876,4288,1699,1.043081283569336e-07
UA,7,distribution_shift_sensitivity,peer_lag1,main,validation,P2_candidate_clock,origin_bucket,12:00–:59,7866,0.8173315905642287,0.6262395118230358,0.47160042768771526,0.24251522640329867,0.486475297351838,0.8181984578059721,1579,4751,1536,1.1175870895385742e-07
UA,7,distribution_shift_sensitivity,peer_lag1,main,validation,P2_candidate_clock,origin_bucket,13:00–:59,7889,0.8546903970525357,0.596019774369375,0.47068770138057325,0.24235259131474027,0.5099141626189184,0.855038010539726,1706,4480,1703,1.1920928955078125e-07
UA,7,distribution_shift_sensitivity,peer_lag1,main,validation,P2_candidate_clock,origin_bucket,14:00–:59,5278,0.8997089207326281,0.5691549829480864,0.4702541937010287,0.22817655326837624,0.5381244058812108,0.9000566048190956,1172,2886,1220,1.043081283569336e-07
UA,7,distribution_shift_sensitivity,peer_lag1,main,validation,P2_candidate_clock,relative_spread_bin,high,15899,0.7724955133796602,0.6589722624064407,0.4534510301590142,0.23527752981076763,0.4555775846525246,0.9698280107559781,2844,10318,2737,1.1920928955078125e-07
UA,7,distribution_shift_sensitivity,peer_lag1,main,validation,P2_candidate_clock,relative_spread_bin,low,15451,1.0052781005563305,0.4769270597372338,0.4697676701677909,0.2130542570909027,0.6078242311898795,1.0067717452467349,4902,5847,4702,1.1920928955078125e-07
UA,7,distribution_shift_sensitivity,peer_lag1,main,validation,P2_candidate_clock,relative_spread_bin,middle,11700,0.9684918840434876,0.5181196581196581,0.46359412222954083,0.21121561474285724,0.5838165346761474,0.983920154426352,3100,5625,2975,1.1920928955078125e-07
UA,7,distribution_shift_sensitivity,peer_lag1,main,validation,P2_candidate_clock,l5_depth_bin,high,15445,0.8399981534555733,0.6097766267400453,0.47841380375612125,0.2632924936044274,0.4976432509810372,0.8445826747730131,3265,8912,3268,1.1920928955078125e-07
UA,7,distribution_shift_sensitivity,peer_lag1,main,validation,P2_candidate_clock,l5_depth_bin,low,9873,1.000935947630861,0.4865795604172997,0.4761690323982002,0.22602293879548913,0.6047183017829776,0.997234443324228,3209,3771,2893,1.1175870895385742e-07
UA,7,distribution_shift_sensitivity,peer_lag1,main,validation,P2_candidate_clock,l5_depth_bin,middle,17732,0.9186668763335816,0.5462440785021431,0.4772611524545267,0.2355017127463564,0.5531744792076914,0.974253633773272,4372,9107,4253,1.1920928955078125e-07
UA,7,distribution_shift_sensitivity,peer_lag1,main,validation,P3_intersection,origin_bucket,09:00–:59,6326,1.037538293853125,0.45036357888080936,0.43348193970685633,0.1713950686915746,0.6277767762368703,1.0379982484728854,2277,1935,2114,1.1920928955078125e-07
UA,7,distribution_shift_sensitivity,peer_lag1,main,validation,P3_intersection,origin_bucket,10:00–:59,7828,0.9885243440466887,0.5007664793050588,0.47542762754455037,0.22610030146803048,0.5943742992769531,0.9886367009891468,2236,3450,2142,1.1920928955078125e-07
UA,7,distribution_shift_sensitivity,peer_lag1,main,validation,P3_intersection,origin_bucket,11:00–:59,7863,0.8805456966505216,0.573190894060791,0.4802406868852078,0.24236515010959933,0.5280106367659384,0.8815083155669092,1876,4288,1699,1.043081283569336e-07
UA,7,distribution_shift_sensitivity,peer_lag1,main,validation,P3_intersection,origin_bucket,12:00–:59,7866,0.8173315905642287,0.6262395118230358,0.47160042768771526,0.24251522640329867,0.486475297351838,0.8181984578059721,1579,4751,1536,1.1175870895385742e-07
UA,7,distribution_shift_sensitivity,peer_lag1,main,validation,P3_intersection,origin_bucket,13:00–:59,7889,0.8546903970525357,0.596019774369375,0.47068770138057325,0.24235259131474027,0.5099141626189184,0.855038010539726,1706,4480,1703,1.1920928955078125e-07
UA,7,distribution_shift_sensitivity,peer_lag1,main,validation,P3_intersection,origin_bucket,14:00–:59,5278,0.8997089207326281,0.5691549829480864,0.4702541937010287,0.22817655326837624,0.5381244058812108,0.9000566048190956,1172,2886,1220,1.043081283569336e-07
UA,7,distribution_shift_sensitivity,peer_lag1,main,validation,P3_intersection,relative_spread_bin,high,15899,0.7724955133796602,0.6589722624064407,0.4534510301590142,0.23527752981076763,0.4555775846525246,0.9698280107559781,2844,10318,2737,1.1920928955078125e-07
UA,7,distribution_shift_sensitivity,peer_lag1,main,validation,P3_intersection,relative_spread_bin,low,15451,1.0052781005563305,0.4769270597372338,0.4697676701677909,0.2130542570909027,0.6078242311898795,1.0067717452467349,4902,5847,4702,1.1920928955078125e-07
UA,7,distribution_shift_sensitivity,peer_lag1,main,validation,P3_intersection,relative_spread_bin,middle,11700,0.9684918840434876,0.5181196581196581,0.46359412222954083,0.21121561474285724,0.5838165346761474,0.983920154426352,3100,5625,2975,1.1920928955078125e-07
UA,7,distribution_shift_sensitivity,peer_lag1,main,validation,P3_intersection,l5_depth_bin,high,15445,0.8399981534555733,0.6097766267400453,0.47841380375612125,0.2632924936044274,0.4976432509810372,0.8445826747730131,3265,8912,3268,1.1920928955078125e-07
UA,7,distribution_shift_sensitivity,peer_lag1,main,validation,P3_intersection,l5_depth_bin,low,9873,1.000935947630861,0.4865795604172997,0.4761690323982002,0.22602293879548913,0.6047183017829776,0.997234443324228,3209,3771,2893,1.1175870895385742e-07
UA,7,distribution_shift_sensitivity,peer_lag1,main,validation,P3_intersection,l5_depth_bin,middle,17732,0.9186668763335816,0.5462440785021431,0.4772611524545267,0.2355017127463564,0.5531744792076914,0.974253633773272,4372,9107,4253,1.1920928955078125e-07
