model,seed,family,source_job,fold,split,population,date,loss_sum,rows
UM_V2_DEPTH,7,new_P3_selected,R2_UM_V2_DEPTH_7_selected,R2,rolling_evaluation,P0_legacy,2017-03-24,1016.081266175539,1026
UM_V2_DEPTH,7,new_P3_selected,R2_UM_V2_DEPTH_7_selected,R2,rolling_evaluation,P0_legacy,2017-03-27,974.7905592967192,1026
UM_V2_DEPTH,7,new_P3_selected,R2_UM_V2_DEPTH_7_selected,R2,rolling_evaluation,P0_legacy,2017-03-28,899.3925190279068,1026
UM_V2_DEPTH,7,new_P3_selected,R2_UM_V2_DEPTH_7_selected,R2,rolling_evaluation,P0_legacy,2017-03-29,939.352061432794,1026
UM_V2_DEPTH,7,new_P3_selected,R2_UM_V2_DEPTH_7_selected,R2,rolling_evaluation,P0_legacy,2017-03-30,898.5539247832066,1026
UM_V2_DEPTH,7,new_P3_selected,R2_UM_V2_DEPTH_7_selected,R2,rolling_evaluation,P0_legacy,2017-03-31,910.3005892693117,1026
UM_V2_DEPTH,7,new_P3_selected,R2_UM_V2_DEPTH_7_selected,R2,rolling_evaluation,P0_legacy,2017-04-03,955.9432803729414,1026
UM_V2_DEPTH,7,new_P3_selected,R2_UM_V2_DEPTH_7_selected,R2,rolling_evaluation,P0_legacy,2017-04-04,941.6137894781629,1026
UM_V2_DEPTH,7,new_P3_selected,R2_UM_V2_DEPTH_7_selected,R2,rolling_evaluation,P0_legacy,2017-04-05,1007.7266439419218,1026
UM_V2_DEPTH,7,new_P3_selected,R2_UM_V2_DEPTH_7_selected,R2,rolling_evaluation,P0_legacy,2017-04-06,901.5141735068867,1026
UM_V2_DEPTH,7,new_P3_selected,R2_UM_V2_DEPTH_7_selected,R2,rolling_evaluation,P0_legacy,2017-04-07,933.560804098804,1026
UM_V2_DEPTH,7,new_P3_selected,R2_UM_V2_DEPTH_7_selected,R2,rolling_evaluation,P0_legacy,2017-04-10,942.5422722926146,1026
UM_V2_DEPTH,7,new_P3_selected,R2_UM_V2_DEPTH_7_selected,R2,rolling_evaluation,P0_legacy,2017-04-11,912.7476409079678,1026
UM_V2_DEPTH,7,new_P3_selected,R2_UM_V2_DEPTH_7_selected,R2,rolling_evaluation,P0_legacy,2017-04-12,881.7613296935465,1026
UM_V2_DEPTH,7,new_P3_selected,R2_UM_V2_DEPTH_7_selected,R2,rolling_evaluation,P0_legacy,2017-04-13,967.7037281367773,1026
UM_V2_DEPTH,7,new_P3_selected,R2_UM_V2_DEPTH_7_selected,R2,rolling_evaluation,P0_legacy,2017-04-14,966.5870535368377,1026
UM_V2_DEPTH,7,new_P3_selected,R2_UM_V2_DEPTH_7_selected,R2,rolling_evaluation,P0_legacy,2017-04-17,894.6785408234184,1026
UM_V2_DEPTH,7,new_P3_selected,R2_UM_V2_DEPTH_7_selected,R2,rolling_evaluation,P0_legacy,2017-04-18,882.998074870435,1026
UM_V2_DEPTH,7,new_P3_selected,R2_UM_V2_DEPTH_7_selected,R2,rolling_evaluation,P0_legacy,2017-04-19,922.1165110567497,1026
UM_V2_DEPTH,7,new_P3_selected,R2_UM_V2_DEPTH_7_selected,R2,rolling_evaluation,P0_legacy,2017-04-20,931.519006947503,1026
UM_V2_DEPTH,7,new_P3_selected,R2_UM_V2_DEPTH_7_selected,R2,rolling_evaluation,P0_legacy,2017-04-21,860.7601620776778,1026
UM_V2_DEPTH,7,new_P3_selected,R2_UM_V2_DEPTH_7_selected,R2,rolling_evaluation,P0_legacy,2017-04-24,924.2232938410825,1026
UM_V2_DEPTH,7,new_P3_selected,R2_UM_V2_DEPTH_7_selected,R2,rolling_evaluation,P0_legacy,2017-04-25,904.3749059451186,1026
UM_V2_DEPTH,7,new_P3_selected,R2_UM_V2_DEPTH_7_selected,R2,rolling_evaluation,P0_legacy,2017-04-26,902.2132946840946,1026
UM_V2_DEPTH,7,new_P3_selected,R2_UM_V2_DEPTH_7_selected,R2,rolling_evaluation,P0_legacy,2017-04-27,918.5096913874163,1026
UM_V2_DEPTH,7,new_P3_selected,R2_UM_V2_DEPTH_7_selected,R2,rolling_evaluation,P0_legacy,2017-04-28,889.715577476456,1026
UM_V2_DEPTH,7,new_P3_selected,R2_UM_V2_DEPTH_7_selected,R2,rolling_evaluation,P0_legacy,2017-05-02,887.9542460766792,1026
UM_V2_DEPTH,7,new_P3_selected,R2_UM_V2_DEPTH_7_selected,R2,rolling_evaluation,P0_legacy,2017-05-04,812.3981945078638,1026
UM_V2_DEPTH,7,new_P3_selected,R2_UM_V2_DEPTH_7_selected,R2,rolling_evaluation,P0_legacy,2017-05-08,925.9026950037912,1026
UM_V2_DEPTH,7,new_P3_selected,R2_UM_V2_DEPTH_7_selected,R2,rolling_evaluation,P0_legacy,2017-05-10,1039.3351727462396,1026
UM_V2_DEPTH,7,new_P3_selected,R2_UM_V2_DEPTH_7_selected,R2,rolling_evaluation,P0_legacy,2017-05-11,1010.262702958513,1026
UM_V2_DEPTH,7,new_P3_selected,R2_UM_V2_DEPTH_7_selected,R2,rolling_evaluation,P0_legacy,2017-05-12,965.7378812479062,1026
UM_V2_DEPTH,7,new_P3_selected,R2_UM_V2_DEPTH_7_selected,R2,rolling_evaluation,P0_legacy,2017-05-15,946.8136743036014,1026
UM_V2_DEPTH,7,new_P3_selected,R2_UM_V2_DEPTH_7_selected,R2,rolling_evaluation,P1_valid_cache_endpoints,2017-03-24,952.8780897861529,974
UM_V2_DEPTH,7,new_P3_selected,R2_UM_V2_DEPTH_7_selected,R2,rolling_evaluation,P1_valid_cache_endpoints,2017-03-27,941.5104655696115,989
UM_V2_DEPTH,7,new_P3_selected,R2_UM_V2_DEPTH_7_selected,R2,rolling_evaluation,P1_valid_cache_endpoints,2017-03-28,865.030735908792,987
UM_V2_DEPTH,7,new_P3_selected,R2_UM_V2_DEPTH_7_selected,R2,rolling_evaluation,P1_valid_cache_endpoints,2017-03-29,912.016804445477,988
UM_V2_DEPTH,7,new_P3_selected,R2_UM_V2_DEPTH_7_selected,R2,rolling_evaluation,P1_valid_cache_endpoints,2017-03-30,862.6352459669877,986
UM_V2_DEPTH,7,new_P3_selected,R2_UM_V2_DEPTH_7_selected,R2,rolling_evaluation,P1_valid_cache_endpoints,2017-03-31,884.8734815953326,992
UM_V2_DEPTH,7,new_P3_selected,R2_UM_V2_DEPTH_7_selected,R2,rolling_evaluation,P1_valid_cache_endpoints,2017-04-03,891.8838909160361,970
UM_V2_DEPTH,7,new_P3_selected,R2_UM_V2_DEPTH_7_selected,R2,rolling_evaluation,P1_valid_cache_endpoints,2017-04-04,884.4938619639524,973
UM_V2_DEPTH,7,new_P3_selected,R2_UM_V2_DEPTH_7_selected,R2,rolling_evaluation,P1_valid_cache_endpoints,2017-04-05,960.3230807858757,977
UM_V2_DEPTH,7,new_P3_selected,R2_UM_V2_DEPTH_7_selected,R2,rolling_evaluation,P1_valid_cache_endpoints,2017-04-06,867.3608930493381,983
UM_V2_DEPTH,7,new_P3_selected,R2_UM_V2_DEPTH_7_selected,R2,rolling_evaluation,P1_valid_cache_endpoints,2017-04-07,897.6529235233784,984
UM_V2_DEPTH,7,new_P3_selected,R2_UM_V2_DEPTH_7_selected,R2,rolling_evaluation,P1_valid_cache_endpoints,2017-04-10,874.5525251526266,966
UM_V2_DEPTH,7,new_P3_selected,R2_UM_V2_DEPTH_7_selected,R2,rolling_evaluation,P1_valid_cache_endpoints,2017-04-11,865.1894514873966,979
UM_V2_DEPTH,7,new_P3_selected,R2_UM_V2_DEPTH_7_selected,R2,rolling_evaluation,P1_valid_cache_endpoints,2017-04-12,841.1583505720915,986
UM_V2_DEPTH,7,new_P3_selected,R2_UM_V2_DEPTH_7_selected,R2,rolling_evaluation,P1_valid_cache_endpoints,2017-04-13,918.5610138121377,987
UM_V2_DEPTH,7,new_P3_selected,R2_UM_V2_DEPTH_7_selected,R2,rolling_evaluation,P1_valid_cache_endpoints,2017-04-14,925.056259248189,984
UM_V2_DEPTH,7,new_P3_selected,R2_UM_V2_DEPTH_7_selected,R2,rolling_evaluation,P1_valid_cache_endpoints,2017-04-17,857.9256475735937,988
UM_V2_DEPTH,7,new_P3_selected,R2_UM_V2_DEPTH_7_selected,R2,rolling_evaluation,P1_valid_cache_endpoints,2017-04-18,846.400636197385,985
UM_V2_DEPTH,7,new_P3_selected,R2_UM_V2_DEPTH_7_selected,R2,rolling_evaluation,P1_valid_cache_endpoints,2017-04-19,889.8294773603993,990
UM_V2_DEPTH,7,new_P3_selected,R2_UM_V2_DEPTH_7_selected,R2,rolling_evaluation,P1_valid_cache_endpoints,2017-04-20,908.531744598075,993
UM_V2_DEPTH,7,new_P3_selected,R2_UM_V2_DEPTH_7_selected,R2,rolling_evaluation,P1_valid_cache_endpoints,2017-04-21,835.6287935795415,993
UM_V2_DEPTH,7,new_P3_selected,R2_UM_V2_DEPTH_7_selected,R2,rolling_evaluation,P1_valid_cache_endpoints,2017-04-24,904.1698924407119,997
UM_V2_DEPTH,7,new_P3_selected,R2_UM_V2_DEPTH_7_selected,R2,rolling_evaluation,P1_valid_cache_endpoints,2017-04-25,883.5240495730939,995
UM_V2_DEPTH,7,new_P3_selected,R2_UM_V2_DEPTH_7_selected,R2,rolling_evaluation,P1_valid_cache_endpoints,2017-04-26,874.5182816512302,993
UM_V2_DEPTH,7,new_P3_selected,R2_UM_V2_DEPTH_7_selected,R2,rolling_evaluation,P1_valid_cache_endpoints,2017-04-27,897.5204990793757,999
UM_V2_DEPTH,7,new_P3_selected,R2_UM_V2_DEPTH_7_selected,R2,rolling_evaluation,P1_valid_cache_endpoints,2017-04-28,871.1257717665349,999
UM_V2_DEPTH,7,new_P3_selected,R2_UM_V2_DEPTH_7_selected,R2,rolling_evaluation,P1_valid_cache_endpoints,2017-05-02,865.5053669219691,999
UM_V2_DEPTH,7,new_P3_selected,R2_UM_V2_DEPTH_7_selected,R2,rolling_evaluation,P1_valid_cache_endpoints,2017-05-04,785.3519536997655,992
UM_V2_DEPTH,7,new_P3_selected,R2_UM_V2_DEPTH_7_selected,R2,rolling_evaluation,P1_valid_cache_endpoints,2017-05-08,888.3925636193777,990
UM_V2_DEPTH,7,new_P3_selected,R2_UM_V2_DEPTH_7_selected,R2,rolling_evaluation,P1_valid_cache_endpoints,2017-05-10,1008.5053982225588,997
UM_V2_DEPTH,7,new_P3_selected,R2_UM_V2_DEPTH_7_selected,R2,rolling_evaluation,P1_valid_cache_endpoints,2017-05-11,974.0352846484973,989
UM_V2_DEPTH,7,new_P3_selected,R2_UM_V2_DEPTH_7_selected,R2,rolling_evaluation,P1_valid_cache_endpoints,2017-05-12,926.5205118569543,984
UM_V2_DEPTH,7,new_P3_selected,R2_UM_V2_DEPTH_7_selected,R2,rolling_evaluation,P1_valid_cache_endpoints,2017-05-15,901.8039445845213,973
UM_V2_DEPTH,7,new_P3_selected,R2_UM_V2_DEPTH_7_selected,R2,rolling_evaluation,P2_candidate_clock,2017-03-24,874.175463006383,891
UM_V2_DEPTH,7,new_P3_selected,R2_UM_V2_DEPTH_7_selected,R2,rolling_evaluation,P2_candidate_clock,2017-03-27,863.7151494024341,891
UM_V2_DEPTH,7,new_P3_selected,R2_UM_V2_DEPTH_7_selected,R2,rolling_evaluation,P2_candidate_clock,2017-03-28,780.2403443419801,891
UM_V2_DEPTH,7,new_P3_selected,R2_UM_V2_DEPTH_7_selected,R2,rolling_evaluation,P2_candidate_clock,2017-03-29,827.2626931954931,891
UM_V2_DEPTH,7,new_P3_selected,R2_UM_V2_DEPTH_7_selected,R2,rolling_evaluation,P2_candidate_clock,2017-03-30,778.7762487438379,891
UM_V2_DEPTH,7,new_P3_selected,R2_UM_V2_DEPTH_7_selected,R2,rolling_evaluation,P2_candidate_clock,2017-03-31,800.8746985402536,891
UM_V2_DEPTH,7,new_P3_selected,R2_UM_V2_DEPTH_7_selected,R2,rolling_evaluation,P2_candidate_clock,2017-04-03,835.155816708447,891
UM_V2_DEPTH,7,new_P3_selected,R2_UM_V2_DEPTH_7_selected,R2,rolling_evaluation,P2_candidate_clock,2017-04-04,824.5616502195824,891
UM_V2_DEPTH,7,new_P3_selected,R2_UM_V2_DEPTH_7_selected,R2,rolling_evaluation,P2_candidate_clock,2017-04-05,882.6894519135797,891
UM_V2_DEPTH,7,new_P3_selected,R2_UM_V2_DEPTH_7_selected,R2,rolling_evaluation,P2_candidate_clock,2017-04-06,778.8838580203482,891
UM_V2_DEPTH,7,new_P3_selected,R2_UM_V2_DEPTH_7_selected,R2,rolling_evaluation,P2_candidate_clock,2017-04-07,810.5194973291294,891
UM_V2_DEPTH,7,new_P3_selected,R2_UM_V2_DEPTH_7_selected,R2,rolling_evaluation,P2_candidate_clock,2017-04-10,827.6723566245785,891
UM_V2_DEPTH,7,new_P3_selected,R2_UM_V2_DEPTH_7_selected,R2,rolling_evaluation,P2_candidate_clock,2017-04-11,796.0656404270488,891
UM_V2_DEPTH,7,new_P3_selected,R2_UM_V2_DEPTH_7_selected,R2,rolling_evaluation,P2_candidate_clock,2017-04-12,760.7228013984037,891
UM_V2_DEPTH,7,new_P3_selected,R2_UM_V2_DEPTH_7_selected,R2,rolling_evaluation,P2_candidate_clock,2017-04-13,832.6417622443794,891
UM_V2_DEPTH,7,new_P3_selected,R2_UM_V2_DEPTH_7_selected,R2,rolling_evaluation,P2_candidate_clock,2017-04-14,838.1563818913244,891
UM_V2_DEPTH,7,new_P3_selected,R2_UM_V2_DEPTH_7_selected,R2,rolling_evaluation,P2_candidate_clock,2017-04-17,767.8085488792872,891
UM_V2_DEPTH,7,new_P3_selected,R2_UM_V2_DEPTH_7_selected,R2,rolling_evaluation,P2_candidate_clock,2017-04-18,770.0746224249311,891
UM_V2_DEPTH,7,new_P3_selected,R2_UM_V2_DEPTH_7_selected,R2,rolling_evaluation,P2_candidate_clock,2017-04-19,800.2758332828216,891
UM_V2_DEPTH,7,new_P3_selected,R2_UM_V2_DEPTH_7_selected,R2,rolling_evaluation,P2_candidate_clock,2017-04-20,810.5924563731398,891
UM_V2_DEPTH,7,new_P3_selected,R2_UM_V2_DEPTH_7_selected,R2,rolling_evaluation,P2_candidate_clock,2017-04-21,750.6209295838374,891
UM_V2_DEPTH,7,new_P3_selected,R2_UM_V2_DEPTH_7_selected,R2,rolling_evaluation,P2_candidate_clock,2017-04-24,807.989047656603,891
UM_V2_DEPTH,7,new_P3_selected,R2_UM_V2_DEPTH_7_selected,R2,rolling_evaluation,P2_candidate_clock,2017-04-25,789.6123216399129,891
UM_V2_DEPTH,7,new_P3_selected,R2_UM_V2_DEPTH_7_selected,R2,rolling_evaluation,P2_candidate_clock,2017-04-26,771.720264576419,891
UM_V2_DEPTH,7,new_P3_selected,R2_UM_V2_DEPTH_7_selected,R2,rolling_evaluation,P2_candidate_clock,2017-04-27,791.1507091168179,891
UM_V2_DEPTH,7,new_P3_selected,R2_UM_V2_DEPTH_7_selected,R2,rolling_evaluation,P2_candidate_clock,2017-04-28,781.9786772920039,891
UM_V2_DEPTH,7,new_P3_selected,R2_UM_V2_DEPTH_7_selected,R2,rolling_evaluation,P2_candidate_clock,2017-05-02,769.7372375129244,891
UM_V2_DEPTH,7,new_P3_selected,R2_UM_V2_DEPTH_7_selected,R2,rolling_evaluation,P2_candidate_clock,2017-05-04,718.1294333713574,891
UM_V2_DEPTH,7,new_P3_selected,R2_UM_V2_DEPTH_7_selected,R2,rolling_evaluation,P2_candidate_clock,2017-05-08,780.352074422608,891
UM_V2_DEPTH,7,new_P3_selected,R2_UM_V2_DEPTH_7_selected,R2,rolling_evaluation,P2_candidate_clock,2017-05-10,912.1098764852368,891
UM_V2_DEPTH,7,new_P3_selected,R2_UM_V2_DEPTH_7_selected,R2,rolling_evaluation,P2_candidate_clock,2017-05-11,869.3446067845991,891
UM_V2_DEPTH,7,new_P3_selected,R2_UM_V2_DEPTH_7_selected,R2,rolling_evaluation,P2_candidate_clock,2017-05-12,844.7080414388604,891
UM_V2_DEPTH,7,new_P3_selected,R2_UM_V2_DEPTH_7_selected,R2,rolling_evaluation,P2_candidate_clock,2017-05-15,831.3119100719588,891
UM_V2_DEPTH,7,new_P3_selected,R2_UM_V2_DEPTH_7_selected,R2,rolling_evaluation,P3_intersection,2017-03-24,838.3217431820033,869
UM_V2_DEPTH,7,new_P3_selected,R2_UM_V2_DEPTH_7_selected,R2,rolling_evaluation,P3_intersection,2017-03-27,847.2198207620112,881
UM_V2_DEPTH,7,new_P3_selected,R2_UM_V2_DEPTH_7_selected,R2,rolling_evaluation,P3_intersection,2017-03-28,763.939221518886,879
UM_V2_DEPTH,7,new_P3_selected,R2_UM_V2_DEPTH_7_selected,R2,rolling_evaluation,P3_intersection,2017-03-29,818.4745964572328,881
UM_V2_DEPTH,7,new_P3_selected,R2_UM_V2_DEPTH_7_selected,R2,rolling_evaluation,P3_intersection,2017-03-30,762.2107393691476,879
UM_V2_DEPTH,7,new_P3_selected,R2_UM_V2_DEPTH_7_selected,R2,rolling_evaluation,P3_intersection,2017-03-31,792.2240884530106,884
UM_V2_DEPTH,7,new_P3_selected,R2_UM_V2_DEPTH_7_selected,R2,rolling_evaluation,P3_intersection,2017-04-03,793.6468177142696,865
UM_V2_DEPTH,7,new_P3_selected,R2_UM_V2_DEPTH_7_selected,R2,rolling_evaluation,P3_intersection,2017-04-04,788.3762284890176,865
UM_V2_DEPTH,7,new_P3_selected,R2_UM_V2_DEPTH_7_selected,R2,rolling_evaluation,P3_intersection,2017-04-05,861.5711275560732,873
UM_V2_DEPTH,7,new_P3_selected,R2_UM_V2_DEPTH_7_selected,R2,rolling_evaluation,P3_intersection,2017-04-06,765.5046283683189,877
UM_V2_DEPTH,7,new_P3_selected,R2_UM_V2_DEPTH_7_selected,R2,rolling_evaluation,P3_intersection,2017-04-07,797.926080895858,879
UM_V2_DEPTH,7,new_P3_selected,R2_UM_V2_DEPTH_7_selected,R2,rolling_evaluation,P3_intersection,2017-04-10,785.4868640523495,860
UM_V2_DEPTH,7,new_P3_selected,R2_UM_V2_DEPTH_7_selected,R2,rolling_evaluation,P3_intersection,2017-04-11,768.384801097285,871
UM_V2_DEPTH,7,new_P3_selected,R2_UM_V2_DEPTH_7_selected,R2,rolling_evaluation,P3_intersection,2017-04-12,742.6954132943791,879
UM_V2_DEPTH,7,new_P3_selected,R2_UM_V2_DEPTH_7_selected,R2,rolling_evaluation,P3_intersection,2017-04-13,812.8585091321821,879
UM_V2_DEPTH,7,new_P3_selected,R2_UM_V2_DEPTH_7_selected,R2,rolling_evaluation,P3_intersection,2017-04-14,819.8522966685449,876
UM_V2_DEPTH,7,new_P3_selected,R2_UM_V2_DEPTH_7_selected,R2,rolling_evaluation,P3_intersection,2017-04-17,759.8878835378393,884
UM_V2_DEPTH,7,new_P3_selected,R2_UM_V2_DEPTH_7_selected,R2,rolling_evaluation,P3_intersection,2017-04-18,754.3151979154857,877
UM_V2_DEPTH,7,new_P3_selected,R2_UM_V2_DEPTH_7_selected,R2,rolling_evaluation,P3_intersection,2017-04-19,788.3399202228048,883
UM_V2_DEPTH,7,new_P3_selected,R2_UM_V2_DEPTH_7_selected,R2,rolling_evaluation,P3_intersection,2017-04-20,805.4071397919604,885
UM_V2_DEPTH,7,new_P3_selected,R2_UM_V2_DEPTH_7_selected,R2,rolling_evaluation,P3_intersection,2017-04-21,746.1547083280652,886
UM_V2_DEPTH,7,new_P3_selected,R2_UM_V2_DEPTH_7_selected,R2,rolling_evaluation,P3_intersection,2017-04-24,806.3775834681118,889
UM_V2_DEPTH,7,new_P3_selected,R2_UM_V2_DEPTH_7_selected,R2,rolling_evaluation,P3_intersection,2017-04-25,786.7063475558324,887
UM_V2_DEPTH,7,new_P3_selected,R2_UM_V2_DEPTH_7_selected,R2,rolling_evaluation,P3_intersection,2017-04-26,764.1556518758521,885
UM_V2_DEPTH,7,new_P3_selected,R2_UM_V2_DEPTH_7_selected,R2,rolling_evaluation,P3_intersection,2017-04-27,791.1507091168179,891
UM_V2_DEPTH,7,new_P3_selected,R2_UM_V2_DEPTH_7_selected,R2,rolling_evaluation,P3_intersection,2017-04-28,781.9786772920039,891
UM_V2_DEPTH,7,new_P3_selected,R2_UM_V2_DEPTH_7_selected,R2,rolling_evaluation,P3_intersection,2017-05-02,769.7372375129244,891
UM_V2_DEPTH,7,new_P3_selected,R2_UM_V2_DEPTH_7_selected,R2,rolling_evaluation,P3_intersection,2017-05-04,707.347161418421,884
UM_V2_DEPTH,7,new_P3_selected,R2_UM_V2_DEPTH_7_selected,R2,rolling_evaluation,P3_intersection,2017-05-08,771.1869151573641,882
UM_V2_DEPTH,7,new_P3_selected,R2_UM_V2_DEPTH_7_selected,R2,rolling_evaluation,P3_intersection,2017-05-10,906.90596778198,889
UM_V2_DEPTH,7,new_P3_selected,R2_UM_V2_DEPTH_7_selected,R2,rolling_evaluation,P3_intersection,2017-05-11,854.0919628872803,881
UM_V2_DEPTH,7,new_P3_selected,R2_UM_V2_DEPTH_7_selected,R2,rolling_evaluation,P3_intersection,2017-05-12,829.2191250009046,879
UM_V2_DEPTH,7,new_P3_selected,R2_UM_V2_DEPTH_7_selected,R2,rolling_evaluation,P3_intersection,2017-05-15,805.30054068763,866
UM_V2_DEPTH,7,new_P3_selected,R2_UM_V2_DEPTH_7_selected,R2,validation,P0_legacy,2017-01-11,969.0855496490146,1026
UM_V2_DEPTH,7,new_P3_selected,R2_UM_V2_DEPTH_7_selected,R2,validation,P0_legacy,2017-01-12,925.7655897757913,1026
UM_V2_DEPTH,7,new_P3_selected,R2_UM_V2_DEPTH_7_selected,R2,validation,P0_legacy,2017-01-13,914.9616097257424,1026
UM_V2_DEPTH,7,new_P3_selected,R2_UM_V2_DEPTH_7_selected,R2,validation,P0_legacy,2017-01-16,935.3001110665476,1026
UM_V2_DEPTH,7,new_P3_selected,R2_UM_V2_DEPTH_7_selected,R2,validation,P0_legacy,2017-01-17,931.1356468280828,1026
UM_V2_DEPTH,7,new_P3_selected,R2_UM_V2_DEPTH_7_selected,R2,validation,P0_legacy,2017-01-18,934.8615743038677,1026
UM_V2_DEPTH,7,new_P3_selected,R2_UM_V2_DEPTH_7_selected,R2,validation,P0_legacy,2017-01-19,992.8788363027766,1026
UM_V2_DEPTH,7,new_P3_selected,R2_UM_V2_DEPTH_7_selected,R2,validation,P0_legacy,2017-01-20,914.879083029034,1026
UM_V2_DEPTH,7,new_P3_selected,R2_UM_V2_DEPTH_7_selected,R2,validation,P0_legacy,2017-01-23,920.7912477630605,1026
UM_V2_DEPTH,7,new_P3_selected,R2_UM_V2_DEPTH_7_selected,R2,validation,P0_legacy,2017-01-24,902.1962837381866,1026
UM_V2_DEPTH,7,new_P3_selected,R2_UM_V2_DEPTH_7_selected,R2,validation,P0_legacy,2017-01-25,932.9416666368271,1026
UM_V2_DEPTH,7,new_P3_selected,R2_UM_V2_DEPTH_7_selected,R2,validation,P0_legacy,2017-01-26,956.5968927547789,1026
UM_V2_DEPTH,7,new_P3_selected,R2_UM_V2_DEPTH_7_selected,R2,validation,P0_legacy,2017-01-31,936.1813341250381,1026
UM_V2_DEPTH,7,new_P3_selected,R2_UM_V2_DEPTH_7_selected,R2,validation,P0_legacy,2017-02-01,913.1712386696788,1026
UM_V2_DEPTH,7,new_P3_selected,R2_UM_V2_DEPTH_7_selected,R2,validation,P0_legacy,2017-02-02,957.6352556704829,1026
UM_V2_DEPTH,7,new_P3_selected,R2_UM_V2_DEPTH_7_selected,R2,validation,P0_legacy,2017-02-03,933.6024125446203,1026
UM_V2_DEPTH,7,new_P3_selected,R2_UM_V2_DEPTH_7_selected,R2,validation,P0_legacy,2017-02-06,933.5012133321828,1026
UM_V2_DEPTH,7,new_P3_selected,R2_UM_V2_DEPTH_7_selected,R2,validation,P0_legacy,2017-02-07,930.0954774347199,1026
UM_V2_DEPTH,7,new_P3_selected,R2_UM_V2_DEPTH_7_selected,R2,validation,P0_legacy,2017-02-08,991.7043128779582,1026
UM_V2_DEPTH,7,new_P3_selected,R2_UM_V2_DEPTH_7_selected,R2,validation,P0_legacy,2017-02-09,948.9819874942724,1026
UM_V2_DEPTH,7,new_P3_selected,R2_UM_V2_DEPTH_7_selected,R2,validation,P0_legacy,2017-02-10,899.9927921487149,1026
UM_V2_DEPTH,7,new_P3_selected,R2_UM_V2_DEPTH_7_selected,R2,validation,P0_legacy,2017-02-13,854.2051975739976,1026
UM_V2_DEPTH,7,new_P3_selected,R2_UM_V2_DEPTH_7_selected,R2,validation,P0_legacy,2017-02-14,870.3665672449233,1026
UM_V2_DEPTH,7,new_P3_selected,R2_UM_V2_DEPTH_7_selected,R2,validation,P0_legacy,2017-02-15,978.6743657503555,1026
UM_V2_DEPTH,7,new_P3_selected,R2_UM_V2_DEPTH_7_selected,R2,validation,P0_legacy,2017-02-16,966.4632924214238,1026
UM_V2_DEPTH,7,new_P3_selected,R2_UM_V2_DEPTH_7_selected,R2,validation,P0_legacy,2017-02-17,906.8747618910877,1026
UM_V2_DEPTH,7,new_P3_selected,R2_UM_V2_DEPTH_7_selected,R2,validation,P0_legacy,2017-02-20,888.304136128916,1026
UM_V2_DEPTH,7,new_P3_selected,R2_UM_V2_DEPTH_7_selected,R2,validation,P0_legacy,2017-02-21,944.9877601260583,1026
UM_V2_DEPTH,7,new_P3_selected,R2_UM_V2_DEPTH_7_selected,R2,validation,P0_legacy,2017-02-22,904.8138039748904,1026
UM_V2_DEPTH,7,new_P3_selected,R2_UM_V2_DEPTH_7_selected,R2,validation,P0_legacy,2017-02-23,941.0940034926036,1026
UM_V2_DEPTH,7,new_P3_selected,R2_UM_V2_DEPTH_7_selected,R2,validation,P0_legacy,2017-02-24,976.660457957191,1026
UM_V2_DEPTH,7,new_P3_selected,R2_UM_V2_DEPTH_7_selected,R2,validation,P0_legacy,2017-02-27,932.5169674696224,1026
UM_V2_DEPTH,7,new_P3_selected,R2_UM_V2_DEPTH_7_selected,R2,validation,P0_legacy,2017-02-28,872.8463036205828,1026
UM_V2_DEPTH,7,new_P3_selected,R2_UM_V2_DEPTH_7_selected,R2,validation,P0_legacy,2017-03-02,971.1909072591816,1026
UM_V2_DEPTH,7,new_P3_selected,R2_UM_V2_DEPTH_7_selected,R2,validation,P0_legacy,2017-03-03,1015.2132407842869,1026
UM_V2_DEPTH,7,new_P3_selected,R2_UM_V2_DEPTH_7_selected,R2,validation,P0_legacy,2017-03-06,981.2328272917485,1026
UM_V2_DEPTH,7,new_P3_selected,R2_UM_V2_DEPTH_7_selected,R2,validation,P0_legacy,2017-03-07,895.137256925016,1026
UM_V2_DEPTH,7,new_P3_selected,R2_UM_V2_DEPTH_7_selected,R2,validation,P0_legacy,2017-03-08,961.2394939387717,1026
UM_V2_DEPTH,7,new_P3_selected,R2_UM_V2_DEPTH_7_selected,R2,validation,P0_legacy,2017-03-09,930.2344993015727,1026
UM_V2_DEPTH,7,new_P3_selected,R2_UM_V2_DEPTH_7_selected,R2,validation,P0_legacy,2017-03-10,1026.5905708706741,1026
UM_V2_DEPTH,7,new_P3_selected,R2_UM_V2_DEPTH_7_selected,R2,validation,P0_legacy,2017-03-13,946.8038289166182,1026
UM_V2_DEPTH,7,new_P3_selected,R2_UM_V2_DEPTH_7_selected,R2,validation,P0_legacy,2017-03-14,956.3947551473483,1026
UM_V2_DEPTH,7,new_P3_selected,R2_UM_V2_DEPTH_7_selected,R2,validation,P0_legacy,2017-03-15,953.3514940046302,1026
UM_V2_DEPTH,7,new_P3_selected,R2_UM_V2_DEPTH_7_selected,R2,validation,P0_legacy,2017-03-16,975.2072177392915,1026
UM_V2_DEPTH,7,new_P3_selected,R2_UM_V2_DEPTH_7_selected,R2,validation,P0_legacy,2017-03-17,967.8663983897121,1026
UM_V2_DEPTH,7,new_P3_selected,R2_UM_V2_DEPTH_7_selected,R2,validation,P0_legacy,2017-03-20,904.6628233855463,1026
UM_V2_DEPTH,7,new_P3_selected,R2_UM_V2_DEPTH_7_selected,R2,validation,P0_legacy,2017-03-21,967.752433081911,1026
UM_V2_DEPTH,7,new_P3_selected,R2_UM_V2_DEPTH_7_selected,R2,validation,P0_legacy,2017-03-22,959.6007128049569,1026
UM_V2_DEPTH,7,new_P3_selected,R2_UM_V2_DEPTH_7_selected,R2,validation,P0_legacy,2017-03-23,956.9420115262633,1026
UM_V2_DEPTH,7,new_P3_selected,R2_UM_V2_DEPTH_7_selected,R2,validation,P1_valid_cache_endpoints,2017-01-11,948.8089267576561,997
UM_V2_DEPTH,7,new_P3_selected,R2_UM_V2_DEPTH_7_selected,R2,validation,P1_valid_cache_endpoints,2017-01-12,885.6958315359683,982
UM_V2_DEPTH,7,new_P3_selected,R2_UM_V2_DEPTH_7_selected,R2,validation,P1_valid_cache_endpoints,2017-01-13,883.5698444590075,991
UM_V2_DEPTH,7,new_P3_selected,R2_UM_V2_DEPTH_7_selected,R2,validation,P1_valid_cache_endpoints,2017-01-16,909.6402439373265,995
UM_V2_DEPTH,7,new_P3_selected,R2_UM_V2_DEPTH_7_selected,R2,validation,P1_valid_cache_endpoints,2017-01-17,901.4700066937204,993
UM_V2_DEPTH,7,new_P3_selected,R2_UM_V2_DEPTH_7_selected,R2,validation,P1_valid_cache_endpoints,2017-01-18,905.0266743217637,990
UM_V2_DEPTH,7,new_P3_selected,R2_UM_V2_DEPTH_7_selected,R2,validation,P1_valid_cache_endpoints,2017-01-19,964.3312275280239,991
UM_V2_DEPTH,7,new_P3_selected,R2_UM_V2_DEPTH_7_selected,R2,validation,P1_valid_cache_endpoints,2017-01-20,883.7144793230616,992
UM_V2_DEPTH,7,new_P3_selected,R2_UM_V2_DEPTH_7_selected,R2,validation,P1_valid_cache_endpoints,2017-01-23,882.2253097475733,984
UM_V2_DEPTH,7,new_P3_selected,R2_UM_V2_DEPTH_7_selected,R2,validation,P1_valid_cache_endpoints,2017-01-24,858.7911702735564,983
UM_V2_DEPTH,7,new_P3_selected,R2_UM_V2_DEPTH_7_selected,R2,validation,P1_valid_cache_endpoints,2017-01-25,901.9732747130101,989
UM_V2_DEPTH,7,new_P3_selected,R2_UM_V2_DEPTH_7_selected,R2,validation,P1_valid_cache_endpoints,2017-01-26,914.1533294487995,982
UM_V2_DEPTH,7,new_P3_selected,R2_UM_V2_DEPTH_7_selected,R2,validation,P1_valid_cache_endpoints,2017-01-31,902.1221891033483,991
UM_V2_DEPTH,7,new_P3_selected,R2_UM_V2_DEPTH_7_selected,R2,validation,P1_valid_cache_endpoints,2017-02-01,891.8679227063219,997
UM_V2_DEPTH,7,new_P3_selected,R2_UM_V2_DEPTH_7_selected,R2,validation,P1_valid_cache_endpoints,2017-02-02,932.5224837207434,995
UM_V2_DEPTH,7,new_P3_selected,R2_UM_V2_DEPTH_7_selected,R2,validation,P1_valid_cache_endpoints,2017-02-03,904.4079425631138,991
UM_V2_DEPTH,7,new_P3_selected,R2_UM_V2_DEPTH_7_selected,R2,validation,P1_valid_cache_endpoints,2017-02-06,908.6708814795006,993
UM_V2_DEPTH,7,new_P3_selected,R2_UM_V2_DEPTH_7_selected,R2,validation,P1_valid_cache_endpoints,2017-02-07,902.9366629643121,995
UM_V2_DEPTH,7,new_P3_selected,R2_UM_V2_DEPTH_7_selected,R2,validation,P1_valid_cache_endpoints,2017-02-08,957.3505847541854,990
UM_V2_DEPTH,7,new_P3_selected,R2_UM_V2_DEPTH_7_selected,R2,validation,P1_valid_cache_endpoints,2017-02-09,902.0782453524164,979
UM_V2_DEPTH,7,new_P3_selected,R2_UM_V2_DEPTH_7_selected,R2,validation,P1_valid_cache_endpoints,2017-02-10,854.4195972254065,977
UM_V2_DEPTH,7,new_P3_selected,R2_UM_V2_DEPTH_7_selected,R2,validation,P1_valid_cache_endpoints,2017-02-13,824.6891898813482,992
UM_V2_DEPTH,7,new_P3_selected,R2_UM_V2_DEPTH_7_selected,R2,validation,P1_valid_cache_endpoints,2017-02-14,837.379625383495,990
UM_V2_DEPTH,7,new_P3_selected,R2_UM_V2_DEPTH_7_selected,R2,validation,P1_valid_cache_endpoints,2017-02-15,940.7221236885257,990
UM_V2_DEPTH,7,new_P3_selected,R2_UM_V2_DEPTH_7_selected,R2,validation,P1_valid_cache_endpoints,2017-02-16,931.7733544774466,986
UM_V2_DEPTH,7,new_P3_selected,R2_UM_V2_DEPTH_7_selected,R2,validation,P1_valid_cache_endpoints,2017-02-17,877.8909740709181,991
UM_V2_DEPTH,7,new_P3_selected,R2_UM_V2_DEPTH_7_selected,R2,validation,P1_valid_cache_endpoints,2017-02-20,846.3102805909623,976
UM_V2_DEPTH,7,new_P3_selected,R2_UM_V2_DEPTH_7_selected,R2,validation,P1_valid_cache_endpoints,2017-02-21,897.153645450731,983
UM_V2_DEPTH,7,new_P3_selected,R2_UM_V2_DEPTH_7_selected,R2,validation,P1_valid_cache_endpoints,2017-02-22,870.2789590455175,982
UM_V2_DEPTH,7,new_P3_selected,R2_UM_V2_DEPTH_7_selected,R2,validation,P1_valid_cache_endpoints,2017-02-23,907.0888054102317,989
UM_V2_DEPTH,7,new_P3_selected,R2_UM_V2_DEPTH_7_selected,R2,validation,P1_valid_cache_endpoints,2017-02-24,938.8852388262854,992
UM_V2_DEPTH,7,new_P3_selected,R2_UM_V2_DEPTH_7_selected,R2,validation,P1_valid_cache_endpoints,2017-02-27,893.3040442424218,983
UM_V2_DEPTH,7,new_P3_selected,R2_UM_V2_DEPTH_7_selected,R2,validation,P1_valid_cache_endpoints,2017-02-28,856.0207773680804,999
UM_V2_DEPTH,7,new_P3_selected,R2_UM_V2_DEPTH_7_selected,R2,validation,P1_valid_cache_endpoints,2017-03-02,953.2642711744903,999
UM_V2_DEPTH,7,new_P3_selected,R2_UM_V2_DEPTH_7_selected,R2,validation,P1_valid_cache_endpoints,2017-03-03,979.622805082609,991
UM_V2_DEPTH,7,new_P3_selected,R2_UM_V2_DEPTH_7_selected,R2,validation,P1_valid_cache_endpoints,2017-03-06,950.9657323557237,991
UM_V2_DEPTH,7,new_P3_selected,R2_UM_V2_DEPTH_7_selected,R2,validation,P1_valid_cache_endpoints,2017-03-07,862.1661051504466,992
UM_V2_DEPTH,7,new_P3_selected,R2_UM_V2_DEPTH_7_selected,R2,validation,P1_valid_cache_endpoints,2017-03-08,929.6709427887758,991
UM_V2_DEPTH,7,new_P3_selected,R2_UM_V2_DEPTH_7_selected,R2,validation,P1_valid_cache_endpoints,2017-03-09,898.9663552242325,993
UM_V2_DEPTH,7,new_P3_selected,R2_UM_V2_DEPTH_7_selected,R2,validation,P1_valid_cache_endpoints,2017-03-10,987.8970354638394,988
UM_V2_DEPTH,7,new_P3_selected,R2_UM_V2_DEPTH_7_selected,R2,validation,P1_valid_cache_endpoints,2017-03-13,892.2326516285552,977
UM_V2_DEPTH,7,new_P3_selected,R2_UM_V2_DEPTH_7_selected,R2,validation,P1_valid_cache_endpoints,2017-03-14,887.4053850342588,967
UM_V2_DEPTH,7,new_P3_selected,R2_UM_V2_DEPTH_7_selected,R2,validation,P1_valid_cache_endpoints,2017-03-15,921.4127598949999,992
UM_V2_DEPTH,7,new_P3_selected,R2_UM_V2_DEPTH_7_selected,R2,validation,P1_valid_cache_endpoints,2017-03-16,927.9890996525361,978
UM_V2_DEPTH,7,new_P3_selected,R2_UM_V2_DEPTH_7_selected,R2,validation,P1_valid_cache_endpoints,2017-03-17,927.7134335998702,983
UM_V2_DEPTH,7,new_P3_selected,R2_UM_V2_DEPTH_7_selected,R2,validation,P1_valid_cache_endpoints,2017-03-20,860.7382433848934,976
UM_V2_DEPTH,7,new_P3_selected,R2_UM_V2_DEPTH_7_selected,R2,validation,P1_valid_cache_endpoints,2017-03-21,936.4005521806575,987
UM_V2_DEPTH,7,new_P3_selected,R2_UM_V2_DEPTH_7_selected,R2,validation,P1_valid_cache_endpoints,2017-03-22,917.0577010126569,982
UM_V2_DEPTH,7,new_P3_selected,R2_UM_V2_DEPTH_7_selected,R2,validation,P1_valid_cache_endpoints,2017-03-23,915.3592228571551,983
UM_V2_DEPTH,7,new_P3_selected,R2_UM_V2_DEPTH_7_selected,R2,validation,P2_candidate_clock,2017-01-11,852.1690700538552,891
UM_V2_DEPTH,7,new_P3_selected,R2_UM_V2_DEPTH_7_selected,R2,validation,P2_candidate_clock,2017-01-12,812.6068435002587,891
UM_V2_DEPTH,7,new_P3_selected,R2_UM_V2_DEPTH_7_selected,R2,validation,P2_candidate_clock,2017-01-13,801.7970898656022,891
UM_V2_DEPTH,7,new_P3_selected,R2_UM_V2_DEPTH_7_selected,R2,validation,P2_candidate_clock,2017-01-16,817.8357195736821,891
UM_V2_DEPTH,7,new_P3_selected,R2_UM_V2_DEPTH_7_selected,R2,validation,P2_candidate_clock,2017-01-17,806.5511150512133,891
UM_V2_DEPTH,7,new_P3_selected,R2_UM_V2_DEPTH_7_selected,R2,validation,P2_candidate_clock,2017-01-18,818.5742472737877,891
UM_V2_DEPTH,7,new_P3_selected,R2_UM_V2_DEPTH_7_selected,R2,validation,P2_candidate_clock,2017-01-19,859.1354407985807,891
UM_V2_DEPTH,7,new_P3_selected,R2_UM_V2_DEPTH_7_selected,R2,validation,P2_candidate_clock,2017-01-20,798.3160209906562,891
UM_V2_DEPTH,7,new_P3_selected,R2_UM_V2_DEPTH_7_selected,R2,validation,P2_candidate_clock,2017-01-23,799.4054221590665,891
UM_V2_DEPTH,7,new_P3_selected,R2_UM_V2_DEPTH_7_selected,R2,validation,P2_candidate_clock,2017-01-24,786.6884973717908,891
UM_V2_DEPTH,7,new_P3_selected,R2_UM_V2_DEPTH_7_selected,R2,validation,P2_candidate_clock,2017-01-25,801.2459112104202,891
UM_V2_DEPTH,7,new_P3_selected,R2_UM_V2_DEPTH_7_selected,R2,validation,P2_candidate_clock,2017-01-26,839.559951722086,891
UM_V2_DEPTH,7,new_P3_selected,R2_UM_V2_DEPTH_7_selected,R2,validation,P2_candidate_clock,2017-01-31,824.2067450177402,891
UM_V2_DEPTH,7,new_P3_selected,R2_UM_V2_DEPTH_7_selected,R2,validation,P2_candidate_clock,2017-02-01,788.1129271041336,891
UM_V2_DEPTH,7,new_P3_selected,R2_UM_V2_DEPTH_7_selected,R2,validation,P2_candidate_clock,2017-02-02,827.2531500984758,891
UM_V2_DEPTH,7,new_P3_selected,R2_UM_V2_DEPTH_7_selected,R2,validation,P2_candidate_clock,2017-02-03,810.9071378362196,891
UM_V2_DEPTH,7,new_P3_selected,R2_UM_V2_DEPTH_7_selected,R2,validation,P2_candidate_clock,2017-02-06,813.56942400195,891
UM_V2_DEPTH,7,new_P3_selected,R2_UM_V2_DEPTH_7_selected,R2,validation,P2_candidate_clock,2017-02-07,811.7763661298973,891
UM_V2_DEPTH,7,new_P3_selected,R2_UM_V2_DEPTH_7_selected,R2,validation,P2_candidate_clock,2017-02-08,868.7542097424067,891
UM_V2_DEPTH,7,new_P3_selected,R2_UM_V2_DEPTH_7_selected,R2,validation,P2_candidate_clock,2017-02-09,822.329113730177,891
UM_V2_DEPTH,7,new_P3_selected,R2_UM_V2_DEPTH_7_selected,R2,validation,P2_candidate_clock,2017-02-10,782.7376601892744,891
UM_V2_DEPTH,7,new_P3_selected,R2_UM_V2_DEPTH_7_selected,R2,validation,P2_candidate_clock,2017-02-13,740.7986398932607,891
UM_V2_DEPTH,7,new_P3_selected,R2_UM_V2_DEPTH_7_selected,R2,validation,P2_candidate_clock,2017-02-14,763.9174542549388,891
UM_V2_DEPTH,7,new_P3_selected,R2_UM_V2_DEPTH_7_selected,R2,validation,P2_candidate_clock,2017-02-15,835.4637037695989,891
UM_V2_DEPTH,7,new_P3_selected,R2_UM_V2_DEPTH_7_selected,R2,validation,P2_candidate_clock,2017-02-16,849.7535544481123,891
UM_V2_DEPTH,7,new_P3_selected,R2_UM_V2_DEPTH_7_selected,R2,validation,P2_candidate_clock,2017-02-17,790.7109453657059,891
UM_V2_DEPTH,7,new_P3_selected,R2_UM_V2_DEPTH_7_selected,R2,validation,P2_candidate_clock,2017-02-20,769.878080947389,891
UM_V2_DEPTH,7,new_P3_selected,R2_UM_V2_DEPTH_7_selected,R2,validation,P2_candidate_clock,2017-02-21,825.0763157239858,891
UM_V2_DEPTH,7,new_P3_selected,R2_UM_V2_DEPTH_7_selected,R2,validation,P2_candidate_clock,2017-02-22,783.4553457897132,891
UM_V2_DEPTH,7,new_P3_selected,R2_UM_V2_DEPTH_7_selected,R2,validation,P2_candidate_clock,2017-02-23,824.6903116962089,891
UM_V2_DEPTH,7,new_P3_selected,R2_UM_V2_DEPTH_7_selected,R2,validation,P2_candidate_clock,2017-02-24,850.7932529115585,891
UM_V2_DEPTH,7,new_P3_selected,R2_UM_V2_DEPTH_7_selected,R2,validation,P2_candidate_clock,2017-02-27,814.5399351856533,891
UM_V2_DEPTH,7,new_P3_selected,R2_UM_V2_DEPTH_7_selected,R2,validation,P2_candidate_clock,2017-02-28,760.0323219607346,891
UM_V2_DEPTH,7,new_P3_selected,R2_UM_V2_DEPTH_7_selected,R2,validation,P2_candidate_clock,2017-03-02,854.2242415506526,891
UM_V2_DEPTH,7,new_P3_selected,R2_UM_V2_DEPTH_7_selected,R2,validation,P2_candidate_clock,2017-03-03,892.9317189592285,891
UM_V2_DEPTH,7,new_P3_selected,R2_UM_V2_DEPTH_7_selected,R2,validation,P2_candidate_clock,2017-03-06,869.5583233172829,891
UM_V2_DEPTH,7,new_P3_selected,R2_UM_V2_DEPTH_7_selected,R2,validation,P2_candidate_clock,2017-03-07,770.5970144413536,891
UM_V2_DEPTH,7,new_P3_selected,R2_UM_V2_DEPTH_7_selected,R2,validation,P2_candidate_clock,2017-03-08,831.8970592991734,891
UM_V2_DEPTH,7,new_P3_selected,R2_UM_V2_DEPTH_7_selected,R2,validation,P2_candidate_clock,2017-03-09,810.3482468112597,891
UM_V2_DEPTH,7,new_P3_selected,R2_UM_V2_DEPTH_7_selected,R2,validation,P2_candidate_clock,2017-03-10,892.425031040708,891
UM_V2_DEPTH,7,new_P3_selected,R2_UM_V2_DEPTH_7_selected,R2,validation,P2_candidate_clock,2017-03-13,826.1100563781027,891
UM_V2_DEPTH,7,new_P3_selected,R2_UM_V2_DEPTH_7_selected,R2,validation,P2_candidate_clock,2017-03-14,816.4620873793597,891
UM_V2_DEPTH,7,new_P3_selected,R2_UM_V2_DEPTH_7_selected,R2,validation,P2_candidate_clock,2017-03-15,826.0952893400588,891
UM_V2_DEPTH,7,new_P3_selected,R2_UM_V2_DEPTH_7_selected,R2,validation,P2_candidate_clock,2017-03-16,848.1855268172361,891
UM_V2_DEPTH,7,new_P3_selected,R2_UM_V2_DEPTH_7_selected,R2,validation,P2_candidate_clock,2017-03-17,848.2027652303094,891
UM_V2_DEPTH,7,new_P3_selected,R2_UM_V2_DEPTH_7_selected,R2,validation,P2_candidate_clock,2017-03-20,773.9893968876077,891
UM_V2_DEPTH,7,new_P3_selected,R2_UM_V2_DEPTH_7_selected,R2,validation,P2_candidate_clock,2017-03-21,853.4356012504131,891
UM_V2_DEPTH,7,new_P3_selected,R2_UM_V2_DEPTH_7_selected,R2,validation,P2_candidate_clock,2017-03-22,839.5465943180102,891
UM_V2_DEPTH,7,new_P3_selected,R2_UM_V2_DEPTH_7_selected,R2,validation,P2_candidate_clock,2017-03-23,840.1595552724575,891
UM_V2_DEPTH,7,new_P3_selected,R2_UM_V2_DEPTH_7_selected,R2,validation,P3_intersection,2017-01-11,848.742683598734,889
UM_V2_DEPTH,7,new_P3_selected,R2_UM_V2_DEPTH_7_selected,R2,validation,P3_intersection,2017-01-12,795.7691185252054,877
UM_V2_DEPTH,7,new_P3_selected,R2_UM_V2_DEPTH_7_selected,R2,validation,P3_intersection,2017-01-13,793.047366474788,884
UM_V2_DEPTH,7,new_P3_selected,R2_UM_V2_DEPTH_7_selected,R2,validation,P3_intersection,2017-01-16,812.9047263083801,887
UM_V2_DEPTH,7,new_P3_selected,R2_UM_V2_DEPTH_7_selected,R2,validation,P3_intersection,2017-01-17,797.8357113795797,885
UM_V2_DEPTH,7,new_P3_selected,R2_UM_V2_DEPTH_7_selected,R2,validation,P3_intersection,2017-01-18,811.4236715169551,884
UM_V2_DEPTH,7,new_P3_selected,R2_UM_V2_DEPTH_7_selected,R2,validation,P3_intersection,2017-01-19,850.2396961721123,883
UM_V2_DEPTH,7,new_P3_selected,R2_UM_V2_DEPTH_7_selected,R2,validation,P3_intersection,2017-01-20,788.174056792884,885
UM_V2_DEPTH,7,new_P3_selected,R2_UM_V2_DEPTH_7_selected,R2,validation,P3_intersection,2017-01-23,783.954038979327,878
UM_V2_DEPTH,7,new_P3_selected,R2_UM_V2_DEPTH_7_selected,R2,validation,P3_intersection,2017-01-24,761.694122470544,875
UM_V2_DEPTH,7,new_P3_selected,R2_UM_V2_DEPTH_7_selected,R2,validation,P3_intersection,2017-01-25,789.7831894118094,881
UM_V2_DEPTH,7,new_P3_selected,R2_UM_V2_DEPTH_7_selected,R2,validation,P3_intersection,2017-01-26,816.9423605332211,874
UM_V2_DEPTH,7,new_P3_selected,R2_UM_V2_DEPTH_7_selected,R2,validation,P3_intersection,2017-01-31,813.3708741022685,885
UM_V2_DEPTH,7,new_P3_selected,R2_UM_V2_DEPTH_7_selected,R2,validation,P3_intersection,2017-02-01,784.5967222075452,889
UM_V2_DEPTH,7,new_P3_selected,R2_UM_V2_DEPTH_7_selected,R2,validation,P3_intersection,2017-02-02,821.0650912853637,887
UM_V2_DEPTH,7,new_P3_selected,R2_UM_V2_DEPTH_7_selected,R2,validation,P3_intersection,2017-02-03,799.8221978702529,883
UM_V2_DEPTH,7,new_P3_selected,R2_UM_V2_DEPTH_7_selected,R2,validation,P3_intersection,2017-02-06,807.4381788155101,885
UM_V2_DEPTH,7,new_P3_selected,R2_UM_V2_DEPTH_7_selected,R2,validation,P3_intersection,2017-02-07,805.4296266283291,887
UM_V2_DEPTH,7,new_P3_selected,R2_UM_V2_DEPTH_7_selected,R2,validation,P3_intersection,2017-02-08,855.4695233085088,883
UM_V2_DEPTH,7,new_P3_selected,R2_UM_V2_DEPTH_7_selected,R2,validation,P3_intersection,2017-02-09,795.663805312869,871
UM_V2_DEPTH,7,new_P3_selected,R2_UM_V2_DEPTH_7_selected,R2,validation,P3_intersection,2017-02-10,759.7940197571095,871
UM_V2_DEPTH,7,new_P3_selected,R2_UM_V2_DEPTH_7_selected,R2,validation,P3_intersection,2017-02-13,730.657036981953,885
UM_V2_DEPTH,7,new_P3_selected,R2_UM_V2_DEPTH_7_selected,R2,validation,P3_intersection,2017-02-14,753.579868885902,884
UM_V2_DEPTH,7,new_P3_selected,R2_UM_V2_DEPTH_7_selected,R2,validation,P3_intersection,2017-02-15,827.2395466243239,884
UM_V2_DEPTH,7,new_P3_selected,R2_UM_V2_DEPTH_7_selected,R2,validation,P3_intersection,2017-02-16,834.991966773362,878
UM_V2_DEPTH,7,new_P3_selected,R2_UM_V2_DEPTH_7_selected,R2,validation,P3_intersection,2017-02-17,779.6825729888147,883
UM_V2_DEPTH,7,new_P3_selected,R2_UM_V2_DEPTH_7_selected,R2,validation,P3_intersection,2017-02-20,749.9473474302335,868
UM_V2_DEPTH,7,new_P3_selected,R2_UM_V2_DEPTH_7_selected,R2,validation,P3_intersection,2017-02-21,801.8215482606549,876
UM_V2_DEPTH,7,new_P3_selected,R2_UM_V2_DEPTH_7_selected,R2,validation,P3_intersection,2017-02-22,765.7426113376139,875
UM_V2_DEPTH,7,new_P3_selected,R2_UM_V2_DEPTH_7_selected,R2,validation,P3_intersection,2017-02-23,811.0939486093505,882
UM_V2_DEPTH,7,new_P3_selected,R2_UM_V2_DEPTH_7_selected,R2,validation,P3_intersection,2017-02-24,840.3512480985232,885
UM_V2_DEPTH,7,new_P3_selected,R2_UM_V2_DEPTH_7_selected,R2,validation,P3_intersection,2017-02-27,794.7467566919918,875
UM_V2_DEPTH,7,new_P3_selected,R2_UM_V2_DEPTH_7_selected,R2,validation,P3_intersection,2017-02-28,760.0323219607346,891
UM_V2_DEPTH,7,new_P3_selected,R2_UM_V2_DEPTH_7_selected,R2,validation,P3_intersection,2017-03-02,854.2242415506526,891
UM_V2_DEPTH,7,new_P3_selected,R2_UM_V2_DEPTH_7_selected,R2,validation,P3_intersection,2017-03-03,881.1624210146952,883
UM_V2_DEPTH,7,new_P3_selected,R2_UM_V2_DEPTH_7_selected,R2,validation,P3_intersection,2017-03-06,858.6826443672205,883
UM_V2_DEPTH,7,new_P3_selected,R2_UM_V2_DEPTH_7_selected,R2,validation,P3_intersection,2017-03-07,758.4442061552193,884
UM_V2_DEPTH,7,new_P3_selected,R2_UM_V2_DEPTH_7_selected,R2,validation,P3_intersection,2017-03-08,821.3623047965052,883
UM_V2_DEPTH,7,new_P3_selected,R2_UM_V2_DEPTH_7_selected,R2,validation,P3_intersection,2017-03-09,800.9507001018897,885
UM_V2_DEPTH,7,new_P3_selected,R2_UM_V2_DEPTH_7_selected,R2,validation,P3_intersection,2017-03-10,880.9082430369341,881
UM_V2_DEPTH,7,new_P3_selected,R2_UM_V2_DEPTH_7_selected,R2,validation,P3_intersection,2017-03-13,797.1535207774466,871
UM_V2_DEPTH,7,new_P3_selected,R2_UM_V2_DEPTH_7_selected,R2,validation,P3_intersection,2017-03-14,773.4126143608166,861
UM_V2_DEPTH,7,new_P3_selected,R2_UM_V2_DEPTH_7_selected,R2,validation,P3_intersection,2017-03-15,813.7308605203503,884
UM_V2_DEPTH,7,new_P3_selected,R2_UM_V2_DEPTH_7_selected,R2,validation,P3_intersection,2017-03-16,824.20404218215,873
UM_V2_DEPTH,7,new_P3_selected,R2_UM_V2_DEPTH_7_selected,R2,validation,P3_intersection,2017-03-17,827.7695616836816,876
UM_V2_DEPTH,7,new_P3_selected,R2_UM_V2_DEPTH_7_selected,R2,validation,P3_intersection,2017-03-20,752.2034206369896,871
UM_V2_DEPTH,7,new_P3_selected,R2_UM_V2_DEPTH_7_selected,R2,validation,P3_intersection,2017-03-21,841.334641572962,879
UM_V2_DEPTH,7,new_P3_selected,R2_UM_V2_DEPTH_7_selected,R2,validation,P3_intersection,2017-03-22,817.5957869104326,875
UM_V2_DEPTH,7,new_P3_selected,R2_UM_V2_DEPTH_7_selected,R2,validation,P3_intersection,2017-03-23,824.7668082145908,878
