model,seed,family,source_job,fold,split,population,asset_id,rows,nll,accuracy,macro_f1,mcc,brier,equal_asset_nll,down,flat,up,max_probability_sum_error
UM_V2_DEPTH,7,new_P3_selected,R2_UM_V2_DEPTH_7_selected,R2,rolling_evaluation,P0_legacy,KR7000030007_t,1254,0.6183136098957532,0.748006379585327,0.37731820194836274,0.14529618813122114,0.3582125772911704,0.6183136098957532,138,943,173,8.940696716308594e-08
UM_V2_DEPTH,7,new_P3_selected,R2_UM_V2_DEPTH_7_selected,R2,rolling_evaluation,P0_legacy,KR7000100008_t,1254,0.9356267884620687,0.5406698564593302,0.4172086349130793,0.16779482376541,0.5650627905252238,0.9356267884620687,273,665,316,1.0430812813488899e-07
UM_V2_DEPTH,7,new_P3_selected,R2_UM_V2_DEPTH_7_selected,R2,rolling_evaluation,P0_legacy,KR7000120006_t,1254,0.7141813093555419,0.6961722488038278,0.42053493392725766,0.2057745447989464,0.410759792828738,0.7141813093555419,199,868,187,9.685754787103207e-08
UM_V2_DEPTH,7,new_P3_selected,R2_UM_V2_DEPTH_7_selected,R2,rolling_evaluation,P0_legacy,KR7000150003_t,1254,1.0531265539988541,0.4449760765550239,0.4402706194758222,0.17005374745061305,0.6366923832517029,1.0531265539988541,350,555,349,9.685754776000977e-08
UM_V2_DEPTH,7,new_P3_selected,R2_UM_V2_DEPTH_7_selected,R2,rolling_evaluation,P0_legacy,KR7000270009_t,1254,0.8176314817706148,0.6347687400318979,0.48303239563838024,0.28735091362606796,0.48077971866967256,0.817631481770615,282,745,227,8.940696738513054e-08
UM_V2_DEPTH,7,new_P3_selected,R2_UM_V2_DEPTH_7_selected,R2,rolling_evaluation,P0_legacy,KR7000660001_t,1254,0.9697733627082588,0.5127591706539075,0.4780170401994306,0.222403065833212,0.5855643714320726,0.9697733627082588,340,581,333,9.685754776000977e-08
UM_V2_DEPTH,7,new_P3_selected,R2_UM_V2_DEPTH_7_selected,R2,rolling_evaluation,P0_legacy,KR7000720003_t,1254,1.032198804694913,0.4585326953748006,0.4459913713547434,0.19912019339956166,0.6256694811432941,1.032198804694913,443,439,372,1.043081284679559e-07
UM_V2_DEPTH,7,new_P3_selected,R2_UM_V2_DEPTH_7_selected,R2,rolling_evaluation,P0_legacy,KR7000810002_t,1254,0.872630270807174,0.5996810207336523,0.44089066389885456,0.20386663427294868,0.5196455545476814,0.872630270807174,272,734,248,9.685754798205437e-08
UM_V2_DEPTH,7,new_P3_selected,R2_UM_V2_DEPTH_7_selected,R2,rolling_evaluation,P0_legacy,KR7001040005_t,1254,0.9142595991701397,0.5773524720893142,0.4465347006523077,0.21618880892386608,0.5463457536321045,0.9142595991701397,265,686,303,1.043081285789782e-07
UM_V2_DEPTH,7,new_P3_selected,R2_UM_V2_DEPTH_7_selected,R2,rolling_evaluation,P0_legacy,KR7001450006_t,1254,0.9350617881614557,0.5637958532695375,0.5025435653079643,0.27787383283767214,0.5573442452021078,0.9350617881614557,280,652,322,1.043081285789782e-07
UM_V2_DEPTH,7,new_P3_selected,R2_UM_V2_DEPTH_7_selected,R2,rolling_evaluation,P0_legacy,KR7002380004_t,1254,0.9085262287133887,0.5598086124401914,0.513579843127832,0.2847931094712258,0.5470098976029537,0.9085262287133891,353,599,302,1.1920928955078125e-07
UM_V2_DEPTH,7,new_P3_selected,R2_UM_V2_DEPTH_7_selected,R2,rolling_evaluation,P0_legacy,KR7002550002_t,1254,0.608967908370594,0.7105263157894737,0.5263621872191687,0.32241600324436476,0.35554449372063646,0.6089679083705939,203,886,165,1.1920928966180355e-07
UM_V2_DEPTH,7,new_P3_selected,R2_UM_V2_DEPTH_7_selected,R2,rolling_evaluation,P0_legacy,KR7002790004_t,1254,0.7994025014978485,0.6323763955342903,0.4218114901181423,0.1897983064738772,0.4727900652186064,0.7994025014978485,220,805,229,9.685754753796516e-08
UM_V2_DEPTH,7,new_P3_selected,R2_UM_V2_DEPTH_7_selected,R2,rolling_evaluation,P0_legacy,KR7003550001_t,1254,1.0290494079019799,0.4665071770334928,0.45059717873008626,0.18199090871238716,0.6187144388458333,1.0290494079019796,392,504,358,1.043081283569336e-07
UM_V2_DEPTH,7,new_P3_selected,R2_UM_V2_DEPTH_7_selected,R2,rolling_evaluation,P0_legacy,KR7004020004_t,1254,0.9947116692393773,0.47368421052631576,0.4197886622045062,0.1435597723667376,0.6016159762999299,0.9947116692393775,358,600,296,1.043081284679559e-07
UM_V2_DEPTH,7,new_P3_selected,R2_UM_V2_DEPTH_7_selected,R2,rolling_evaluation,P0_legacy,KR7004170007_t,1254,0.9761161272436701,0.5167464114832536,0.4489417303171703,0.19883938342449922,0.5860059822049202,0.9761161272436704,304,602,348,1.043081283569336e-07
UM_V2_DEPTH,7,new_P3_selected,R2_UM_V2_DEPTH_7_selected,R2,rolling_evaluation,P0_legacy,KR7005300009_t,1254,1.0650642926163842,0.4665071770334928,0.466994167519763,0.22807702652152254,0.6315334894562311,1.0650642926163842,343,532,379,9.685754798205437e-08
UM_V2_DEPTH,7,new_P3_selected,R2_UM_V2_DEPTH_7_selected,R2,rolling_evaluation,P0_legacy,KR7005380001_t,1254,0.7551761160602656,0.6706539074960127,0.3498651819553112,0.12509542478591948,0.4422065470524877,0.7551761160602656,217,843,194,8.940696738513054e-08
UM_V2_DEPTH,7,new_P3_selected,R2_UM_V2_DEPTH_7_selected,R2,rolling_evaluation,P0_legacy,KR7005440003_t,1254,0.7847746583348437,0.6650717703349283,0.41436485174562937,0.1925345100516413,0.4611676293272227,0.7847746583348437,213,825,216,9.685754776000977e-08
UM_V2_DEPTH,7,new_P3_selected,R2_UM_V2_DEPTH_7_selected,R2,rolling_evaluation,P0_legacy,KR7005490008_t,1254,0.9436250253419315,0.5271132376395534,0.417125924411286,0.17777019679103737,0.5697800930045311,0.9436250253419315,325,629,300,1.043081285789782e-07
UM_V2_DEPTH,7,new_P3_selected,R2_UM_V2_DEPTH_7_selected,R2,rolling_evaluation,P0_legacy,KR7005830005_t,1254,0.9634861631701164,0.5279106858054227,0.4815295487219287,0.23333000477083354,0.577153407638065,0.9634861631701161,302,634,318,1.043081283569336e-07
UM_V2_DEPTH,7,new_P3_selected,R2_UM_V2_DEPTH_7_selected,R2,rolling_evaluation,P0_legacy,KR7005930003_t,1254,1.0301122242637024,0.45933014354066987,0.388042469395767,0.13372575508861667,0.6254436526244841,1.0301122242637024,502,279,473,1.043081284679559e-07
UM_V2_DEPTH,7,new_P3_selected,R2_UM_V2_DEPTH_7_selected,R2,rolling_evaluation,P0_legacy,KR7006400006_t,1254,0.6303499311658515,0.7583732057416268,0.4445249012329648,0.23103311003217503,0.35901009630259256,0.6303499311658515,146,954,154,8.940696738513054e-08
UM_V2_DEPTH,7,new_P3_selected,R2_UM_V2_DEPTH_7_selected,R2,rolling_evaluation,P0_legacy,KR7006800007_t,1254,1.06578308078577,0.423444976076555,0.4118244668259983,0.13296657520961597,0.646400545715706,1.06578308078577,468,402,384,1.1920928955078125e-07
UM_V2_DEPTH,7,new_P3_selected,R2_UM_V2_DEPTH_7_selected,R2,rolling_evaluation,P0_legacy,KR7007070006_t,1254,0.9844922842041026,0.5063795853269537,0.4934083999764279,0.23759064607395897,0.5945888103124347,0.9844922842041026,339,567,348,1.043081285789782e-07
UM_V2_DEPTH,7,new_P3_selected,R2_UM_V2_DEPTH_7_selected,R2,rolling_evaluation,P0_legacy,KR7008770000_t,1254,1.0353031879828327,0.46012759170653905,0.4509212817522053,0.1897264638387425,0.6268908843170397,1.0353031879828325,396,441,417,1.043081284679559e-07
UM_V2_DEPTH,7,new_P3_selected,R2_UM_V2_DEPTH_7_selected,R2,rolling_evaluation,P0_legacy,KR7009150004_t,1254,1.0197398839760945,0.4481658692185008,0.4335254960353994,0.1649750269205906,0.6195685228785068,1.0197398839760943,402,462,390,1.043081284679559e-07
UM_V2_DEPTH,7,new_P3_selected,R2_UM_V2_DEPTH_7_selected,R2,rolling_evaluation,P1_valid_cache_endpoints,KR7000030007_t,1221,0.627371759698027,0.742014742014742,0.37619114980694013,0.1457846612584353,0.3644164646359052,0.627371759698027,138,910,173,8.940696716308594e-08
UM_V2_DEPTH,7,new_P3_selected,R2_UM_V2_DEPTH_7_selected,R2,rolling_evaluation,P1_valid_cache_endpoints,KR7000100008_t,1215,0.943425421530364,0.5333333333333333,0.41647556481730347,0.1694040159091124,0.5704315726506568,0.9434254215303638,272,628,315,1.0430812813488899e-07
UM_V2_DEPTH,7,new_P3_selected,R2_UM_V2_DEPTH_7_selected,R2,rolling_evaluation,P1_valid_cache_endpoints,KR7000120006_t,1188,0.7199659601147901,0.6919191919191919,0.4199189975674101,0.21642392760060758,0.41491782467591254,0.71996596011479,196,809,183,9.685754787103207e-08
UM_V2_DEPTH,7,new_P3_selected,R2_UM_V2_DEPTH_7_selected,R2,rolling_evaluation,P1_valid_cache_endpoints,KR7000150003_t,1200,1.0434334860509384,0.4533333333333333,0.44929121184671533,0.18078043809079516,0.6318242274048785,1.0434334860509384,344,511,345,9.685754776000977e-08
UM_V2_DEPTH,7,new_P3_selected,R2_UM_V2_DEPTH_7_selected,R2,rolling_evaluation,P1_valid_cache_endpoints,KR7000270009_t,1221,0.8280184625468203,0.6257166257166257,0.480465334535155,0.2826024304325246,0.48812870072881165,0.8280184625468203,282,712,227,8.940696738513054e-08
UM_V2_DEPTH,7,new_P3_selected,R2_UM_V2_DEPTH_7_selected,R2,rolling_evaluation,P1_valid_cache_endpoints,KR7000660001_t,1221,0.9735504521507987,0.5094185094185094,0.47828628532896555,0.22398752222342386,0.5877767128140364,0.9735504521507987,340,548,333,9.685754776000977e-08
UM_V2_DEPTH,7,new_P3_selected,R2_UM_V2_DEPTH_7_selected,R2,rolling_evaluation,P1_valid_cache_endpoints,KR7000720003_t,1221,1.027507945456908,0.46355446355446356,0.4486159875727789,0.19985257100981857,0.6226450922785094,1.027507945456908,443,406,372,1.043081284679559e-07
UM_V2_DEPTH,7,new_P3_selected,R2_UM_V2_DEPTH_7_selected,R2,rolling_evaluation,P1_valid_cache_endpoints,KR7000810002_t,1219,0.8823603626912815,0.5914684167350287,0.43922936587092476,0.20358113386428195,0.5261037645305314,0.8823603626912815,272,699,248,9.685754798205437e-08
UM_V2_DEPTH,7,new_P3_selected,R2_UM_V2_DEPTH_7_selected,R2,rolling_evaluation,P1_valid_cache_endpoints,KR7001040005_t,1217,0.9204040458595358,0.5702547247329499,0.4436997001547603,0.2166498284270392,0.5505710684620858,0.9204040458595356,263,651,303,1.043081285789782e-07
UM_V2_DEPTH,7,new_P3_selected,R2_UM_V2_DEPTH_7_selected,R2,rolling_evaluation,P1_valid_cache_endpoints,KR7001450006_t,1215,0.9372674808811982,0.5604938271604938,0.5034846813921731,0.27923617091720765,0.5586849042741895,0.9372674808811982,279,616,320,1.043081285789782e-07
UM_V2_DEPTH,7,new_P3_selected,R2_UM_V2_DEPTH_7_selected,R2,rolling_evaluation,P1_valid_cache_endpoints,KR7002380004_t,1215,0.9101603815978747,0.5588477366255145,0.516307767900735,0.29132534696639134,0.5480901171377652,0.9101603815978749,353,562,300,1.1920928955078125e-07
UM_V2_DEPTH,7,new_P3_selected,R2_UM_V2_DEPTH_7_selected,R2,rolling_evaluation,P1_valid_cache_endpoints,KR7002550002_t,1179,0.5922725972903787,0.72264631043257,0.5411692283514123,0.35145713847901455,0.34450418678690586,0.5922725972903786,197,822,160,1.1920928966180355e-07
UM_V2_DEPTH,7,new_P3_selected,R2_UM_V2_DEPTH_7_selected,R2,rolling_evaluation,P1_valid_cache_endpoints,KR7002790004_t,1215,0.8050419342009473,0.6296296296296297,0.42184711163867467,0.19674550595841425,0.47633987454460447,0.8050419342009472,220,768,227,9.685754753796516e-08
UM_V2_DEPTH,7,new_P3_selected,R2_UM_V2_DEPTH_7_selected,R2,rolling_evaluation,P1_valid_cache_endpoints,KR7003550001_t,1221,1.032346777556269,0.4643734643734644,0.4508694099039168,0.18367401834649072,0.6204792909034546,1.032346777556269,392,471,358,1.043081283569336e-07
UM_V2_DEPTH,7,new_P3_selected,R2_UM_V2_DEPTH_7_selected,R2,rolling_evaluation,P1_valid_cache_endpoints,KR7004020004_t,1221,0.9992828202990144,0.47092547092547093,0.42054599491132,0.14660754565697673,0.6042437265526008,0.9992828202990143,358,567,296,1.043081284679559e-07
UM_V2_DEPTH,7,new_P3_selected,R2_UM_V2_DEPTH_7_selected,R2,rolling_evaluation,P1_valid_cache_endpoints,KR7004170007_t,1219,0.9829997765228184,0.5069729286300246,0.4448916381359982,0.19337060289504224,0.5905651037473619,0.9829997765228183,303,568,348,1.043081283569336e-07
UM_V2_DEPTH,7,new_P3_selected,R2_UM_V2_DEPTH_7_selected,R2,rolling_evaluation,P1_valid_cache_endpoints,KR7005300009_t,971,0.9501028152127511,0.5149330587023687,0.5199204981813678,0.2781130473383222,0.5761762433717214,0.9501028152127511,305,321,345,9.685754798205437e-08
UM_V2_DEPTH,7,new_P3_selected,R2_UM_V2_DEPTH_7_selected,R2,rolling_evaluation,P1_valid_cache_endpoints,KR7005380001_t,1221,0.7676234909298011,0.6633906633906634,0.3484014943997882,0.1271470214964355,0.45044502325366836,0.767623490929801,217,810,194,8.940696738513054e-08
UM_V2_DEPTH,7,new_P3_selected,R2_UM_V2_DEPTH_7_selected,R2,rolling_evaluation,P1_valid_cache_endpoints,KR7005440003_t,1211,0.7919887842427387,0.6589595375722543,0.41283580027062977,0.1946428024986582,0.4657193245679293,0.7919887842427387,210,786,215,9.685754776000977e-08
UM_V2_DEPTH,7,new_P3_selected,R2_UM_V2_DEPTH_7_selected,R2,rolling_evaluation,P1_valid_cache_endpoints,KR7005490008_t,1221,0.9523602321603335,0.5184275184275184,0.4147931246276764,0.17656662657380096,0.5756691405785953,0.9523602321603333,325,596,300,1.043081285789782e-07
UM_V2_DEPTH,7,new_P3_selected,R2_UM_V2_DEPTH_7_selected,R2,rolling_evaluation,P1_valid_cache_endpoints,KR7005830005_t,1211,0.9625033500680841,0.5301403798513625,0.48655673550310524,0.24184504488564948,0.5762793617907159,0.9625033500680839,300,595,316,1.043081283569336e-07
UM_V2_DEPTH,7,new_P3_selected,R2_UM_V2_DEPTH_7_selected,R2,rolling_evaluation,P1_valid_cache_endpoints,KR7005930003_t,1221,1.0214804446202201,0.47092547092547093,0.39624984778262484,0.13930553552001476,0.6200132800634357,1.0214804446202201,502,246,473,1.043081284679559e-07
UM_V2_DEPTH,7,new_P3_selected,R2_UM_V2_DEPTH_7_selected,R2,rolling_evaluation,P1_valid_cache_endpoints,KR7006400006_t,1219,0.6373514322822275,0.7522559474979491,0.44352818072442074,0.22896469219139176,0.3639956050127707,0.6373514322822273,145,920,154,8.940696738513054e-08
UM_V2_DEPTH,7,new_P3_selected,R2_UM_V2_DEPTH_7_selected,R2,rolling_evaluation,P1_valid_cache_endpoints,KR7006800007_t,1221,1.0691763126292722,0.41932841932841936,0.40901941740732295,0.13087598759705352,0.6483446843239786,1.0691763126292724,468,369,384,1.1920928955078125e-07
UM_V2_DEPTH,7,new_P3_selected,R2_UM_V2_DEPTH_7_selected,R2,rolling_evaluation,P1_valid_cache_endpoints,KR7007070006_t,1219,0.9847140868808663,0.5077932731747334,0.49645265374481373,0.2425069980775835,0.5942569603587079,0.9847140868808663,339,533,347,1.043081285789782e-07
UM_V2_DEPTH,7,new_P3_selected,R2_UM_V2_DEPTH_7_selected,R2,rolling_evaluation,P1_valid_cache_endpoints,KR7008770000_t,1217,1.039432443427071,0.45768282662284304,0.4504399455619314,0.19116978180728475,0.6293109187226524,1.039432443427071,396,405,416,1.043081284679559e-07
UM_V2_DEPTH,7,new_P3_selected,R2_UM_V2_DEPTH_7_selected,R2,rolling_evaluation,P1_valid_cache_endpoints,KR7009150004_t,1221,1.0257631788590913,0.4430794430794431,0.4314560354101187,0.16266108365485785,0.6232917704049016,1.0257631788590913,402,429,390,1.043081284679559e-07
UM_V2_DEPTH,7,new_P3_selected,R2_UM_V2_DEPTH_7_selected,R2,rolling_evaluation,P2_candidate_clock,KR7000030007_t,1089,0.6122174178423179,0.7493112947658402,0.35217240963370994,0.10601415852418965,0.3556227609311081,0.6122174178423179,120,822,147,8.940696716308594e-08
UM_V2_DEPTH,7,new_P3_selected,R2_UM_V2_DEPTH_7_selected,R2,rolling_evaluation,P2_candidate_clock,KR7000100008_t,1089,0.9396736702634935,0.5335169880624426,0.40275828627604987,0.1545670583418098,0.5670552949146797,0.9396736702634934,232,571,286,8.940696738513054e-08
UM_V2_DEPTH,7,new_P3_selected,R2_UM_V2_DEPTH_7_selected,R2,rolling_evaluation,P2_candidate_clock,KR7000120006_t,1089,0.7157914647502454,0.6923783287419651,0.38613306779190265,0.15345514890257486,0.4115756976807428,0.7157914647502454,166,759,164,9.685754787103207e-08
UM_V2_DEPTH,7,new_P3_selected,R2_UM_V2_DEPTH_7_selected,R2,rolling_evaluation,P2_candidate_clock,KR7000150003_t,1089,1.0425022391175458,0.44719926538108357,0.44150910106460955,0.16977702866210784,0.6313008083949512,1.042502239117546,309,475,305,9.685754776000977e-08
UM_V2_DEPTH,7,new_P3_selected,R2_UM_V2_DEPTH_7_selected,R2,rolling_evaluation,P2_candidate_clock,KR7000270009_t,1089,0.8254632967170656,0.6189164370982553,0.45328259622639594,0.2463113851590119,0.48684973647091384,0.8254632967170656,244,650,195,8.940696738513054e-08
UM_V2_DEPTH,7,new_P3_selected,R2_UM_V2_DEPTH_7_selected,R2,rolling_evaluation,P2_candidate_clock,KR7000660001_t,1089,0.9765192091573198,0.5022956841138659,0.4686747389638368,0.20954868324884413,0.5906884127171206,0.9765192091573196,299,496,294,9.685754776000977e-08
UM_V2_DEPTH,7,new_P3_selected,R2_UM_V2_DEPTH_7_selected,R2,rolling_evaluation,P2_candidate_clock,KR7000720003_t,1089,1.032352415145134,0.46097337006427913,0.4464128593970709,0.1992855321392121,0.6242157792082565,1.032352415145134,392,371,326,1.043081284679559e-07
UM_V2_DEPTH,7,new_P3_selected,R2_UM_V2_DEPTH_7_selected,R2,rolling_evaluation,P2_candidate_clock,KR7000810002_t,1089,0.8834064253992117,0.5904499540863177,0.4338863117364546,0.19217568252047562,0.5277671848750705,0.8834064253992117,243,626,220,9.685754798205437e-08
UM_V2_DEPTH,7,new_P3_selected,R2_UM_V2_DEPTH_7_selected,R2,rolling_evaluation,P2_candidate_clock,KR7001040005_t,1089,0.9108354486815567,0.5720844811753902,0.4367124677492089,0.20259065399140078,0.5461379880016568,0.9108354486815567,229,594,266,1.043081285789782e-07
UM_V2_DEPTH,7,new_P3_selected,R2_UM_V2_DEPTH_7_selected,R2,rolling_evaluation,P2_candidate_clock,KR7001450006_t,1089,0.9482310447756516,0.5583103764921947,0.4982772401874802,0.2699518776501685,0.5642689383580166,0.9482310447756516,240,562,287,1.043081285789782e-07
UM_V2_DEPTH,7,new_P3_selected,R2_UM_V2_DEPTH_7_selected,R2,rolling_evaluation,P2_candidate_clock,KR7002380004_t,1089,0.9127078082654206,0.5583103764921947,0.5102596109848094,0.28081388695723064,0.5492799255626236,0.9127078082654206,310,518,261,1.1920928955078125e-07
UM_V2_DEPTH,7,new_P3_selected,R2_UM_V2_DEPTH_7_selected,R2,rolling_evaluation,P2_candidate_clock,KR7002550002_t,1089,0.6041187859011161,0.7098255280073462,0.523734739027822,0.3159628828289977,0.3516019019633352,0.6041187859011161,175,770,144,1.1920928966180355e-07
UM_V2_DEPTH,7,new_P3_selected,R2_UM_V2_DEPTH_7_selected,R2,rolling_evaluation,P2_candidate_clock,KR7002790004_t,1089,0.7975393902859222,0.6326905417814509,0.41195234629219707,0.16868348986115772,0.4721344580031683,0.7975393902859224,191,704,194,9.685754753796516e-08
UM_V2_DEPTH,7,new_P3_selected,R2_UM_V2_DEPTH_7_selected,R2,rolling_evaluation,P2_candidate_clock,KR7003550001_t,1089,1.0350061862433582,0.46464646464646464,0.4466910371845811,0.1785796730854265,0.6222451701674458,1.0350061862433582,354,433,302,9.685754798205437e-08
UM_V2_DEPTH,7,new_P3_selected,R2_UM_V2_DEPTH_7_selected,R2,rolling_evaluation,P2_candidate_clock,KR7004020004_t,1089,0.9956522913669927,0.47750229568411384,0.420956387433052,0.14792674789449775,0.6008651477374202,0.9956522913669925,319,516,254,1.043081284679559e-07
UM_V2_DEPTH,7,new_P3_selected,R2_UM_V2_DEPTH_7_selected,R2,rolling_evaluation,P2_candidate_clock,KR7004170007_t,1089,0.9751224258084292,0.5114784205693297,0.4413406014867573,0.18781525292794807,0.5856397588936899,0.9751224258084292,263,522,304,1.043081283569336e-07
UM_V2_DEPTH,7,new_P3_selected,R2_UM_V2_DEPTH_7_selected,R2,rolling_evaluation,P2_candidate_clock,KR7005300009_t,1089,1.0645680574596053,0.46097337006427913,0.46209816009496113,0.21723202797668495,0.6322402241265821,1.0645680574596053,304,450,335,9.685754798205437e-08
UM_V2_DEPTH,7,new_P3_selected,R2_UM_V2_DEPTH_7_selected,R2,rolling_evaluation,P2_candidate_clock,KR7005380001_t,1089,0.7563829200241887,0.667584940312213,0.3143988098990919,0.07194627347939588,0.44448168764682555,0.7563829200241887,188,733,168,8.940696738513054e-08
UM_V2_DEPTH,7,new_P3_selected,R2_UM_V2_DEPTH_7_selected,R2,rolling_evaluation,P2_candidate_clock,KR7005440003_t,1089,0.781091394733927,0.6657483930211203,0.39978861916716274,0.18082135292302898,0.4573728249700132,0.781091394733927,184,716,189,9.685754776000977e-08
UM_V2_DEPTH,7,new_P3_selected,R2_UM_V2_DEPTH_7_selected,R2,rolling_evaluation,P2_candidate_clock,KR7005490008_t,1089,0.9568439349680841,0.5160697887970616,0.40232293971986116,0.15647469239777087,0.577643777830895,0.9568439349680841,287,544,258,1.043081285789782e-07
UM_V2_DEPTH,7,new_P3_selected,R2_UM_V2_DEPTH_7_selected,R2,rolling_evaluation,P2_candidate_clock,KR7005830005_t,1089,0.9575968481679084,0.5371900826446281,0.48930782395004074,0.24492950224392845,0.5724960120268385,0.9575968481679086,260,553,276,1.043081283569336e-07
UM_V2_DEPTH,7,new_P3_selected,R2_UM_V2_DEPTH_7_selected,R2,rolling_evaluation,P2_candidate_clock,KR7005930003_t,1089,1.0294864955412797,0.45821854912764004,0.3890905850313267,0.126796499568326,0.6250799461971299,1.0294864955412797,441,233,415,1.043081284679559e-07
UM_V2_DEPTH,7,new_P3_selected,R2_UM_V2_DEPTH_7_selected,R2,rolling_evaluation,P2_candidate_clock,KR7006400006_t,1089,0.6209838785390389,0.7630853994490359,0.4132068249956482,0.17476512276620051,0.35260746176850793,0.6209838785390389,118,844,127,8.940696738513054e-08
UM_V2_DEPTH,7,new_P3_selected,R2_UM_V2_DEPTH_7_selected,R2,rolling_evaluation,P2_candidate_clock,KR7006800007_t,1089,1.072573018305952,0.4150596877869605,0.40439916615275123,0.12273680897640457,0.6507886480982285,1.0725730183059519,415,333,341,1.1920928955078125e-07
UM_V2_DEPTH,7,new_P3_selected,R2_UM_V2_DEPTH_7_selected,R2,rolling_evaluation,P2_candidate_clock,KR7007070006_t,1089,0.9892422919569793,0.5050505050505051,0.4908880518989556,0.2340385607730103,0.5966670592037523,0.9892422919569793,298,494,297,1.043081285789782e-07
UM_V2_DEPTH,7,new_P3_selected,R2_UM_V2_DEPTH_7_selected,R2,rolling_evaluation,P2_candidate_clock,KR7008770000_t,1089,1.043278084706144,0.45454545454545453,0.44663271261257614,0.18270882820226422,0.6318784000977925,1.0432780847061442,345,376,368,1.043081283569336e-07
UM_V2_DEPTH,7,new_P3_selected,R2_UM_V2_DEPTH_7_selected,R2,rolling_evaluation,P2_candidate_clock,KR7009150004_t,1089,1.0200150296323298,0.44719926538108357,0.4331514157889789,0.166407412360076,0.6196479634261296,1.0200150296323298,354,392,343,1.043081284679559e-07
UM_V2_DEPTH,7,new_P3_selected,R2_UM_V2_DEPTH_7_selected,R2,rolling_evaluation,P3_intersection,KR7000030007_t,1089,0.6122174178423179,0.7493112947658402,0.35217240963370994,0.10601415852418965,0.3556227609311081,0.6122174178423179,120,822,147,8.940696716308594e-08
UM_V2_DEPTH,7,new_P3_selected,R2_UM_V2_DEPTH_7_selected,R2,rolling_evaluation,P3_intersection,KR7000100008_t,1083,0.9392718577701068,0.5337026777469991,0.40359693680312586,0.15570197547544146,0.566823255856952,0.9392718577701067,231,567,285,8.940696738513054e-08
UM_V2_DEPTH,7,new_P3_selected,R2_UM_V2_DEPTH_7_selected,R2,rolling_evaluation,P3_intersection,KR7000120006_t,1058,0.7147760886449819,0.6928166351606805,0.3837377531224622,0.15728132105511183,0.4113236201703881,0.7147760886449819,163,735,160,9.685754787103207e-08
UM_V2_DEPTH,7,new_P3_selected,R2_UM_V2_DEPTH_7_selected,R2,rolling_evaluation,P3_intersection,KR7000150003_t,1072,1.0402710695883,0.45149253731343286,0.44549508812456634,0.1750253785199941,0.6299341628430719,1.0402710695883,303,468,301,9.685754776000977e-08
UM_V2_DEPTH,7,new_P3_selected,R2_UM_V2_DEPTH_7_selected,R2,rolling_evaluation,P3_intersection,KR7000270009_t,1089,0.8254632967170656,0.6189164370982553,0.45328259622639594,0.2463113851590119,0.48684973647091384,0.8254632967170656,244,650,195,8.940696738513054e-08
UM_V2_DEPTH,7,new_P3_selected,R2_UM_V2_DEPTH_7_selected,R2,rolling_evaluation,P3_intersection,KR7000660001_t,1089,0.9765192091573198,0.5022956841138659,0.4686747389638368,0.20954868324884413,0.5906884127171206,0.9765192091573196,299,496,294,9.685754776000977e-08
UM_V2_DEPTH,7,new_P3_selected,R2_UM_V2_DEPTH_7_selected,R2,rolling_evaluation,P3_intersection,KR7000720003_t,1089,1.032352415145134,0.46097337006427913,0.4464128593970709,0.1992855321392121,0.6242157792082565,1.032352415145134,392,371,326,1.043081284679559e-07
UM_V2_DEPTH,7,new_P3_selected,R2_UM_V2_DEPTH_7_selected,R2,rolling_evaluation,P3_intersection,KR7000810002_t,1087,0.8842089272585757,0.5896964121435143,0.43364135735920734,0.19178197822978818,0.5283722122556411,0.8842089272585757,243,624,220,9.685754798205437e-08
UM_V2_DEPTH,7,new_P3_selected,R2_UM_V2_DEPTH_7_selected,R2,rolling_evaluation,P3_intersection,KR7001040005_t,1085,0.9094411134698016,0.5723502304147465,0.43488228556027225,0.20195003180345492,0.5453896798499805,0.9094411134698016,227,592,266,1.043081285789782e-07
UM_V2_DEPTH,7,new_P3_selected,R2_UM_V2_DEPTH_7_selected,R2,rolling_evaluation,P3_intersection,KR7001450006_t,1083,0.9465055661485557,0.5595567867036011,0.49928868295495193,0.2714844089342306,0.5631978448967543,0.9465055661485557,239,559,285,1.043081285789782e-07
UM_V2_DEPTH,7,new_P3_selected,R2_UM_V2_DEPTH_7_selected,R2,rolling_evaluation,P3_intersection,KR7002380004_t,1083,0.9124299376837074,0.5577100646352724,0.5104571535541018,0.2806667355674765,0.5490970999420633,0.9124299376837074,310,514,259,1.1920928955078125e-07
UM_V2_DEPTH,7,new_P3_selected,R2_UM_V2_DEPTH_7_selected,R2,rolling_evaluation,P3_intersection,KR7002550002_t,1052,0.5857723075802155,0.7252851711026616,0.5383914735165538,0.34240557381398196,0.33966134072227866,0.5857723075802156,169,743,140,1.1920928966180355e-07
UM_V2_DEPTH,7,new_P3_selected,R2_UM_V2_DEPTH_7_selected,R2,rolling_evaluation,P3_intersection,KR7002790004_t,1083,0.7950377134257717,0.6352723915050785,0.4118214766970638,0.17264521919503553,0.470532725920441,0.7950377134257717,191,700,192,9.685754753796516e-08
UM_V2_DEPTH,7,new_P3_selected,R2_UM_V2_DEPTH_7_selected,R2,rolling_evaluation,P3_intersection,KR7003550001_t,1089,1.0350061862433582,0.46464646464646464,0.4466910371845811,0.1785796730854265,0.6222451701674458,1.0350061862433582,354,433,302,9.685754798205437e-08
UM_V2_DEPTH,7,new_P3_selected,R2_UM_V2_DEPTH_7_selected,R2,rolling_evaluation,P3_intersection,KR7004020004_t,1089,0.9956522913669927,0.47750229568411384,0.420956387433052,0.14792674789449775,0.6008651477374202,0.9956522913669925,319,516,254,1.043081284679559e-07
UM_V2_DEPTH,7,new_P3_selected,R2_UM_V2_DEPTH_7_selected,R2,rolling_evaluation,P3_intersection,KR7004170007_t,1087,0.9745215892812643,0.5114995400183993,0.44074608708889557,0.1875735369269348,0.5853248717714608,0.9745215892812643,262,521,304,1.043081283569336e-07
UM_V2_DEPTH,7,new_P3_selected,R2_UM_V2_DEPTH_7_selected,R2,rolling_evaluation,P3_intersection,KR7005300009_t,857,0.9543928458037869,0.5064177362893816,0.5116215993113126,0.2656284940063642,0.5785968388827271,0.9543928458037869,268,287,302,9.685754798205437e-08
UM_V2_DEPTH,7,new_P3_selected,R2_UM_V2_DEPTH_7_selected,R2,rolling_evaluation,P3_intersection,KR7005380001_t,1089,0.7563829200241887,0.667584940312213,0.3143988098990919,0.07194627347939588,0.44448168764682555,0.7563829200241887,188,733,168,8.940696738513054e-08
UM_V2_DEPTH,7,new_P3_selected,R2_UM_V2_DEPTH_7_selected,R2,rolling_evaluation,P3_intersection,KR7005440003_t,1080,0.7796558200367173,0.6657407407407407,0.3984558942948519,0.17840145995982976,0.4564431673408385,0.7796558200367173,181,711,188,9.685754776000977e-08
UM_V2_DEPTH,7,new_P3_selected,R2_UM_V2_DEPTH_7_selected,R2,rolling_evaluation,P3_intersection,KR7005490008_t,1089,0.9568439349680841,0.5160697887970616,0.40232293971986116,0.15647469239777087,0.577643777830895,0.9568439349680841,287,544,258,1.043081285789782e-07
UM_V2_DEPTH,7,new_P3_selected,R2_UM_V2_DEPTH_7_selected,R2,rolling_evaluation,P3_intersection,KR7005830005_t,1079,0.9543919126119644,0.5403151065801668,0.4921783937963964,0.24945611117297092,0.5705567378058465,0.9543919126119644,258,547,274,1.043081283569336e-07
UM_V2_DEPTH,7,new_P3_selected,R2_UM_V2_DEPTH_7_selected,R2,rolling_evaluation,P3_intersection,KR7005930003_t,1089,1.0294864955412797,0.45821854912764004,0.3890905850313267,0.126796499568326,0.6250799461971299,1.0294864955412797,441,233,415,1.043081284679559e-07
UM_V2_DEPTH,7,new_P3_selected,R2_UM_V2_DEPTH_7_selected,R2,rolling_evaluation,P3_intersection,KR7006400006_t,1087,0.6197031950556825,0.7635694572217111,0.41367642121144726,0.17537126995884006,0.3517961851924333,0.6197031950556825,117,843,127,8.940696738513054e-08
UM_V2_DEPTH,7,new_P3_selected,R2_UM_V2_DEPTH_7_selected,R2,rolling_evaluation,P3_intersection,KR7006800007_t,1089,1.072573018305952,0.4150596877869605,0.40439916615275123,0.12273680897640457,0.6507886480982285,1.0725730183059519,415,333,341,1.1920928955078125e-07
UM_V2_DEPTH,7,new_P3_selected,R2_UM_V2_DEPTH_7_selected,R2,rolling_evaluation,P3_intersection,KR7007070006_t,1087,0.9888888282168163,0.5050597976080957,0.4907455259874087,0.2338977581333808,0.5964963321692948,0.9888888282168163,298,493,296,1.043081285789782e-07
UM_V2_DEPTH,7,new_P3_selected,R2_UM_V2_DEPTH_7_selected,R2,rolling_evaluation,P3_intersection,KR7008770000_t,1085,1.0433680139910946,0.4534562211981567,0.4456678980124658,0.18146157475922606,0.6319815328150536,1.0433680139910948,345,373,367,1.043081283569336e-07
UM_V2_DEPTH,7,new_P3_selected,R2_UM_V2_DEPTH_7_selected,R2,rolling_evaluation,P3_intersection,KR7009150004_t,1089,1.0200150296323298,0.44719926538108357,0.4331514157889789,0.166407412360076,0.6196479634261296,1.0200150296323298,354,392,343,1.043081284679559e-07
UM_V2_DEPTH,7,new_P3_selected,R2_UM_V2_DEPTH_7_selected,R2,validation,P0_legacy,KR7000030007_t,1862,0.6260703826469848,0.7438238453276047,0.35065854230202936,0.12650568637553555,0.3647056119000532,0.6260703826469848,230,1392,240,8.940696738513054e-08
UM_V2_DEPTH,7,new_P3_selected,R2_UM_V2_DEPTH_7_selected,R2,validation,P0_legacy,KR7000100008_t,1862,0.8552609307469637,0.6031149301825993,0.46861705595568065,0.2553498500503372,0.5096978174118585,0.8552609307469637,420,1044,398,1.0430812813488899e-07
UM_V2_DEPTH,7,new_P3_selected,R2_UM_V2_DEPTH_7_selected,R2,validation,P0_legacy,KR7000120006_t,1862,0.7577595683882609,0.6600429645542427,0.44934332350641387,0.22603568594687093,0.4471388601773647,0.7577595683882608,353,1203,306,9.685754776000977e-08
UM_V2_DEPTH,7,new_P3_selected,R2_UM_V2_DEPTH_7_selected,R2,validation,P0_legacy,KR7000150003_t,1862,0.7462585585519655,0.6519871106337272,0.5276958672359767,0.3423186370081801,0.44067482835941896,0.7462585585519657,397,1128,337,1.043081283569336e-07
UM_V2_DEPTH,7,new_P3_selected,R2_UM_V2_DEPTH_7_selected,R2,validation,P0_legacy,KR7000270009_t,1862,0.8907670278847322,0.5870032223415682,0.5059398848223257,0.29646621441399346,0.5347600111977318,0.890767027884732,486,957,419,9.685754753796516e-08
UM_V2_DEPTH,7,new_P3_selected,R2_UM_V2_DEPTH_7_selected,R2,validation,P0_legacy,KR7000660001_t,1862,1.0387527000537298,0.44951664876476904,0.4438580475847418,0.17599494015966302,0.6281467328626311,1.0387527000537298,626,623,613,1.1175870873181282e-07
UM_V2_DEPTH,7,new_P3_selected,R2_UM_V2_DEPTH_7_selected,R2,validation,P0_legacy,KR7000720003_t,1862,1.0228784672319988,0.45703544575725025,0.442089769656177,0.19009093477278635,0.6202397674062864,1.0228784672319988,606,602,654,1.043081285789782e-07
UM_V2_DEPTH,7,new_P3_selected,R2_UM_V2_DEPTH_7_selected,R2,validation,P0_legacy,KR7000810002_t,1862,0.8897579760176146,0.5784103114930182,0.4277999012291273,0.19891134005761318,0.5345740642725575,0.8897579760176146,413,1033,416,1.043081285789782e-07
UM_V2_DEPTH,7,new_P3_selected,R2_UM_V2_DEPTH_7_selected,R2,validation,P0_legacy,KR7001040005_t,1862,0.9092365894560092,0.5590762620837809,0.4262920826047687,0.16208874845484228,0.5473554358322011,0.909236589456009,440,1058,364,1.0430812813488899e-07
UM_V2_DEPTH,7,new_P3_selected,R2_UM_V2_DEPTH_7_selected,R2,validation,P0_legacy,KR7001450006_t,1862,0.9758596491290699,0.49624060150375937,0.44697122570648123,0.18791938471940478,0.5902799195677051,0.97585964912907,489,859,514,9.685754776000977e-08
UM_V2_DEPTH,7,new_P3_selected,R2_UM_V2_DEPTH_7_selected,R2,validation,P0_legacy,KR7002380004_t,1862,0.9947513365897647,0.4758324382384533,0.4305264889676479,0.16015152138729058,0.6039900271085812,0.9947513365897647,508,852,502,1.0430812813488899e-07
UM_V2_DEPTH,7,new_P3_selected,R2_UM_V2_DEPTH_7_selected,R2,validation,P0_legacy,KR7002550002_t,1862,0.9097598193822255,0.5660580021482277,0.47776701046351394,0.2373709377934901,0.5430703496500378,0.9097598193822255,432,991,439,1.1920928932873665e-07
UM_V2_DEPTH,7,new_P3_selected,R2_UM_V2_DEPTH_7_selected,R2,validation,P0_legacy,KR7002790004_t,1862,0.8432859572938515,0.6165413533834586,0.4303264975319876,0.1932463307912298,0.50316499831572,0.8432859572938515,374,1136,352,1.043081285789782e-07
UM_V2_DEPTH,7,new_P3_selected,R2_UM_V2_DEPTH_7_selected,R2,validation,P0_legacy,KR7003550001_t,1862,1.0001064326792002,0.49462943071965626,0.4756675299147283,0.2178347605552805,0.6034132497423508,1.0001064326792002,526,790,546,1.043081283569336e-07
UM_V2_DEPTH,7,new_P3_selected,R2_UM_V2_DEPTH_7_selected,R2,validation,P0_legacy,KR7004020004_t,1862,1.0084648270688683,0.47046186895810954,0.4592634055741805,0.19273090431439951,0.6115808322127545,1.0084648270688683,573,752,537,9.685754798205437e-08
UM_V2_DEPTH,7,new_P3_selected,R2_UM_V2_DEPTH_7_selected,R2,validation,P0_legacy,KR7004170007_t,1862,0.8641169691404517,0.6117078410311493,0.446186596632627,0.23394247680610303,0.5150112248449349,0.8641169691404517,401,1080,381,1.043081284679559e-07
UM_V2_DEPTH,7,new_P3_selected,R2_UM_V2_DEPTH_7_selected,R2,validation,P0_legacy,KR7005300009_t,1862,1.1290065683810504,0.41836734693877553,0.4043381016491369,0.14601498348453018,0.6677131887019416,1.1290065683810504,630,682,550,1.043081285789782e-07
UM_V2_DEPTH,7,new_P3_selected,R2_UM_V2_DEPTH_7_selected,R2,validation,P0_legacy,KR7005380001_t,1862,0.687090117431674,0.7218045112781954,0.3769819673901306,0.17468977755295084,0.39556337251953616,0.687090117431674,252,1334,276,1.043081284679559e-07
UM_V2_DEPTH,7,new_P3_selected,R2_UM_V2_DEPTH_7_selected,R2,validation,P0_legacy,KR7005440003_t,1862,0.8593499699507835,0.602577873254565,0.4352418674325762,0.1828295404639605,0.5130903246639752,0.8593499699507835,374,1127,361,1.0058283828051628e-07
UM_V2_DEPTH,7,new_P3_selected,R2_UM_V2_DEPTH_7_selected,R2,validation,P0_legacy,KR7005490008_t,1862,0.9741198941698921,0.5118152524167562,0.43533975973871436,0.19743641001060178,0.5889859502077587,0.9741198941698921,498,867,497,1.043081285789782e-07
UM_V2_DEPTH,7,new_P3_selected,R2_UM_V2_DEPTH_7_selected,R2,validation,P0_legacy,KR7005830005_t,1862,0.9756863670619949,0.5118152524167562,0.4683936443186594,0.21305105795986742,0.5885841307317553,0.975686367061995,481,912,469,1.043081283569336e-07
UM_V2_DEPTH,7,new_P3_selected,R2_UM_V2_DEPTH_7_selected,R2,validation,P0_legacy,KR7005930003_t,1862,1.038507871023692,0.44683136412459723,0.41858451804021396,0.13248130242720232,0.6308459670627236,1.038507871023692,677,447,738,1.043081283569336e-07
UM_V2_DEPTH,7,new_P3_selected,R2_UM_V2_DEPTH_7_selected,R2,validation,P0_legacy,KR7006400006_t,1862,0.652892361043632,0.7432867883995704,0.42144342373919613,0.215146360279717,0.370656860502772,0.652892361043632,239,1380,243,8.940696738513054e-08
UM_V2_DEPTH,7,new_P3_selected,R2_UM_V2_DEPTH_7_selected,R2,validation,P0_legacy,KR7006800007_t,1862,1.0828462688236542,0.39903329752953814,0.39561674358807686,0.10557695476909654,0.6563327952686221,1.082846268823654,686,507,669,1.043081285789782e-07
UM_V2_DEPTH,7,new_P3_selected,R2_UM_V2_DEPTH_7_selected,R2,validation,P0_legacy,KR7007070006_t,1862,1.0068027521845184,0.47798066595059074,0.4741339240098193,0.21372363269079012,0.6096167316181793,1.0068027521845184,537,763,562,1.043081286900005e-07
UM_V2_DEPTH,7,new_P3_selected,R2_UM_V2_DEPTH_7_selected,R2,validation,P0_legacy,KR7008770000_t,1862,1.01208582137972,0.462406015037594,0.45791503287079793,0.19268097917741542,0.6132973908762585,1.0120858213797197,639,632,591,1.043081283569336e-07
UM_V2_DEPTH,7,new_P3_selected,R2_UM_V2_DEPTH_7_selected,R2,validation,P0_legacy,KR7009150004_t,1862,0.9979814247144219,0.4940923737916219,0.45213273505965135,0.19787961459866632,0.6036200826450442,0.9979814247144221,512,825,525,1.043081283569336e-07
UM_V2_DEPTH,7,new_P3_selected,R2_UM_V2_DEPTH_7_selected,R2,validation,P1_valid_cache_endpoints,KR7000030007_t,1813,0.6361385492400564,0.7369001654715941,0.3491308614970679,0.12454460479170745,0.37180664463636626,0.6361385492400564,230,1343,240,8.940696738513054e-08
UM_V2_DEPTH,7,new_P3_selected,R2_UM_V2_DEPTH_7_selected,R2,validation,P1_valid_cache_endpoints,KR7000100008_t,1801,0.8638013555357142,0.5974458634092171,0.4680532359674235,0.2576709444968903,0.5156628718642334,0.8638013555357142,416,989,396,1.0430812813488899e-07
UM_V2_DEPTH,7,new_P3_selected,R2_UM_V2_DEPTH_7_selected,R2,validation,P1_valid_cache_endpoints,KR7000120006_t,1787,0.7628693427278774,0.6575265808617795,0.4509300684454565,0.2383335079816359,0.45059785832901555,0.7628693427278773,349,1134,304,9.685754776000977e-08
UM_V2_DEPTH,7,new_P3_selected,R2_UM_V2_DEPTH_7_selected,R2,validation,P1_valid_cache_endpoints,KR7000150003_t,1791,0.7458820826739481,0.6521496370742602,0.5312473254633395,0.35137807113288777,0.4411644821221477,0.7458820826739481,393,1062,336,1.043081283569336e-07
UM_V2_DEPTH,7,new_P3_selected,R2_UM_V2_DEPTH_7_selected,R2,validation,P1_valid_cache_endpoints,KR7000270009_t,1813,0.898375175460246,0.580253723110866,0.5044851795731311,0.2946725682087716,0.5398027809431784,0.8983751754602461,486,908,419,9.685754753796516e-08
UM_V2_DEPTH,7,new_P3_selected,R2_UM_V2_DEPTH_7_selected,R2,validation,P1_valid_cache_endpoints,KR7000660001_t,1813,1.0444636726718624,0.4429123000551572,0.4393171046769686,0.16968045154512734,0.6316257238300979,1.0444636726718624,626,574,613,1.1175870873181282e-07
UM_V2_DEPTH,7,new_P3_selected,R2_UM_V2_DEPTH_7_selected,R2,validation,P1_valid_cache_endpoints,KR7000720003_t,1813,1.0186372151726064,0.46332046332046334,0.44589939207713963,0.19225887710190379,0.6171300308273877,1.0186372151726064,606,553,654,1.043081283569336e-07
UM_V2_DEPTH,7,new_P3_selected,R2_UM_V2_DEPTH_7_selected,R2,validation,P1_valid_cache_endpoints,KR7000810002_t,1809,0.8985645157883574,0.5710337202874516,0.4259579644140194,0.20006538433842846,0.5405326735228565,0.8985645157883574,411,982,416,1.043081285789782e-07
UM_V2_DEPTH,7,new_P3_selected,R2_UM_V2_DEPTH_7_selected,R2,validation,P1_valid_cache_endpoints,KR7001040005_t,1807,0.9158784846995915,0.5522966242390703,0.42441086371061904,0.16189217860548208,0.5521047421153594,0.9158784846995915,438,1006,363,1.0430812813488899e-07
UM_V2_DEPTH,7,new_P3_selected,R2_UM_V2_DEPTH_7_selected,R2,validation,P1_valid_cache_endpoints,KR7001450006_t,1811,0.9820497191589714,0.49033683048039756,0.445785990971312,0.18735769253959353,0.5943808713880071,0.9820497191589714,489,809,513,9.685754776000977e-08
UM_V2_DEPTH,7,new_P3_selected,R2_UM_V2_DEPTH_7_selected,R2,validation,P1_valid_cache_endpoints,KR7002380004_t,1789,0.9953375276511188,0.4762437115707099,0.4346934736890473,0.1700896724320049,0.6041279312410073,0.9953375276511188,505,786,498,1.0430812813488899e-07
UM_V2_DEPTH,7,new_P3_selected,R2_UM_V2_DEPTH_7_selected,R2,validation,P1_valid_cache_endpoints,KR7002550002_t,1809,0.9138676421741438,0.5638474295190713,0.47981028090301153,0.24395439993298293,0.545551267581262,0.9138676421741438,431,940,438,1.1920928932873665e-07
UM_V2_DEPTH,7,new_P3_selected,R2_UM_V2_DEPTH_7_selected,R2,validation,P1_valid_cache_endpoints,KR7002790004_t,1805,0.8509926509448976,0.6099722991689751,0.43001873759575665,0.19504930859090805,0.5090374628548345,0.8509926509448976,371,1083,351,1.043081285789782e-07
UM_V2_DEPTH,7,new_P3_selected,R2_UM_V2_DEPTH_7_selected,R2,validation,P1_valid_cache_endpoints,KR7003550001_t,1813,1.0038350830446825,0.4914506343077772,0.47543769299519933,0.21825015192032546,0.6055770167167192,1.0038350830446825,526,741,546,1.043081283569336e-07
UM_V2_DEPTH,7,new_P3_selected,R2_UM_V2_DEPTH_7_selected,R2,validation,P1_valid_cache_endpoints,KR7004020004_t,1813,1.011612612398009,0.4699393270821842,0.4606619602991863,0.19523359632272216,0.6132253330239955,1.011612612398009,573,703,537,9.685754798205437e-08
UM_V2_DEPTH,7,new_P3_selected,R2_UM_V2_DEPTH_7_selected,R2,validation,P1_valid_cache_endpoints,KR7004170007_t,1807,0.8730450233629086,0.6037631433314886,0.4442268468050481,0.23389824988121571,0.5210912493970428,0.8730450233629086,399,1027,381,1.043081284679559e-07
UM_V2_DEPTH,7,new_P3_selected,R2_UM_V2_DEPTH_7_selected,R2,validation,P1_valid_cache_endpoints,KR7005300009_t,1408,1.0108796482051998,0.4630681818181818,0.4390487398254388,0.16799933936369135,0.6136026227198484,1.0108796482051998,554,369,485,1.043081285789782e-07
UM_V2_DEPTH,7,new_P3_selected,R2_UM_V2_DEPTH_7_selected,R2,validation,P1_valid_cache_endpoints,KR7005380001_t,1813,0.6983447141806479,0.7153888582460011,0.3758089732391703,0.17607760642521403,0.4029619251073445,0.6983447141806479,252,1285,276,1.043081284679559e-07
UM_V2_DEPTH,7,new_P3_selected,R2_UM_V2_DEPTH_7_selected,R2,validation,P1_valid_cache_endpoints,KR7005440003_t,1795,0.8645555077771171,0.5983286908077995,0.4344745605365323,0.18867072226842319,0.5168872878880005,0.8645555077771171,374,1065,356,1.0058283828051628e-07
UM_V2_DEPTH,7,new_P3_selected,R2_UM_V2_DEPTH_7_selected,R2,validation,P1_valid_cache_endpoints,KR7005490008_t,1813,0.983646746429601,0.5024820739106454,0.4322139480484766,0.19374242987307447,0.595402168971589,0.983646746429601,498,818,497,1.043081285789782e-07
UM_V2_DEPTH,7,new_P3_selected,R2_UM_V2_DEPTH_7_selected,R2,validation,P1_valid_cache_endpoints,KR7005830005_t,1807,0.9803538769261437,0.5058107360265633,0.4665116867396683,0.21038424701118458,0.5913766016151074,0.9803538769261437,480,859,468,1.043081283569336e-07
UM_V2_DEPTH,7,new_P3_selected,R2_UM_V2_DEPTH_7_selected,R2,validation,P1_valid_cache_endpoints,KR7005930003_t,1813,1.032318274471214,0.4555984555984556,0.425625152530843,0.13623379661441737,0.6267506687920288,1.032318274471214,677,398,738,1.043081283569336e-07
UM_V2_DEPTH,7,new_P3_selected,R2_UM_V2_DEPTH_7_selected,R2,validation,P1_valid_cache_endpoints,KR7006400006_t,1813,0.6637460376403692,0.7369001654715941,0.4202180235081337,0.2139105770981978,0.37783629075853936,0.6637460376403692,239,1331,243,8.940696738513054e-08
UM_V2_DEPTH,7,new_P3_selected,R2_UM_V2_DEPTH_7_selected,R2,validation,P1_valid_cache_endpoints,KR7006800007_t,1813,1.0876081203323489,0.39161610590182017,0.38793267463360787,0.09517838569642,0.659230450310408,1.0876081203323489,686,458,669,1.043081285789782e-07
UM_V2_DEPTH,7,new_P3_selected,R2_UM_V2_DEPTH_7_selected,R2,validation,P1_valid_cache_endpoints,KR7007070006_t,1809,1.0085482025741015,0.4787175234936429,0.47598934421581013,0.21559502470717654,0.6103430247677426,1.0085482025741015,537,711,561,1.043081286900005e-07
UM_V2_DEPTH,7,new_P3_selected,R2_UM_V2_DEPTH_7_selected,R2,validation,P1_valid_cache_endpoints,KR7008770000_t,1809,1.0148251899353997,0.46102819237147596,0.457720283976543,0.19308430917685962,0.6147518759321103,1.0148251899353997,638,581,590,1.043081283569336e-07
UM_V2_DEPTH,7,new_P3_selected,R2_UM_V2_DEPTH_7_selected,R2,validation,P1_valid_cache_endpoints,KR7009150004_t,1813,1.0066917839310165,0.4864864864864865,0.449445600339937,0.19421907015500722,0.6089655773962391,1.0066917839310165,512,776,525,1.043081283569336e-07
UM_V2_DEPTH,7,new_P3_selected,R2_UM_V2_DEPTH_7_selected,R2,validation,P2_candidate_clock,KR7000030007_t,1617,0.6165953660246438,0.7532467532467533,0.32389171345503415,0.07810392610415662,0.3579797987180389,0.6165953660246439,193,1226,198,8.940696738513054e-08
UM_V2_DEPTH,7,new_P3_selected,R2_UM_V2_DEPTH_7_selected,R2,validation,P2_candidate_clock,KR7000100008_t,1617,0.8680210618323244,0.5868893011750155,0.44928191288177527,0.22827101760919608,0.5197823286443927,0.8680210618323246,373,894,350,1.0430812813488899e-07
UM_V2_DEPTH,7,new_P3_selected,R2_UM_V2_DEPTH_7_selected,R2,validation,P2_candidate_clock,KR7000120006_t,1617,0.761991516439069,0.6586270871985158,0.4293840838490744,0.20207353481922333,0.44957475609110287,0.7619915164390691,305,1050,262,8.940696738513054e-08
UM_V2_DEPTH,7,new_P3_selected,R2_UM_V2_DEPTH_7_selected,R2,validation,P2_candidate_clock,KR7000150003_t,1617,0.7406927125251217,0.6561533704390847,0.5242078525501701,0.3426075691018909,0.4370479997923951,0.7406927125251217,350,978,289,1.043081283569336e-07
UM_V2_DEPTH,7,new_P3_selected,R2_UM_V2_DEPTH_7_selected,R2,validation,P2_candidate_clock,KR7000270009_t,1617,0.8995961436598244,0.5819418676561534,0.5017868869520932,0.2881184911777429,0.5398684545258118,0.8995961436598244,420,830,367,9.685754753796516e-08
UM_V2_DEPTH,7,new_P3_selected,R2_UM_V2_DEPTH_7_selected,R2,validation,P2_candidate_clock,KR7000660001_t,1617,1.0440839024847688,0.4452690166975881,0.4421675554461812,0.171356799263886,0.6306025410159014,1.0440839024847688,551,523,543,1.043081285789782e-07
UM_V2_DEPTH,7,new_P3_selected,R2_UM_V2_DEPTH_7_selected,R2,validation,P2_candidate_clock,KR7000720003_t,1617,1.017842193348589,0.46258503401360546,0.4440818802405175,0.1913173805700353,0.6165649242273177,1.017842193348589,544,494,579,1.043081283569336e-07
UM_V2_DEPTH,7,new_P3_selected,R2_UM_V2_DEPTH_7_selected,R2,validation,P2_candidate_clock,KR7000810002_t,1617,0.8952655301636026,0.5701917130488559,0.4121888231682936,0.17988766357257865,0.5388760636157565,0.8952655301636026,358,891,368,1.043081285789782e-07
UM_V2_DEPTH,7,new_P3_selected,R2_UM_V2_DEPTH_7_selected,R2,validation,P2_candidate_clock,KR7001040005_t,1617,0.9182442776418432,0.5541125541125541,0.4201555494903904,0.15281744415744103,0.5529036990142686,0.9182442776418432,391,910,316,8.940696738513054e-08
UM_V2_DEPTH,7,new_P3_selected,R2_UM_V2_DEPTH_7_selected,R2,validation,P2_candidate_clock,KR7001450006_t,1617,0.9847125890838303,0.48917748917748916,0.4395804525983829,0.177063103083308,0.5952299951054107,0.9847125890838301,421,743,453,8.940696727410824e-08
UM_V2_DEPTH,7,new_P3_selected,R2_UM_V2_DEPTH_7_selected,R2,validation,P2_candidate_clock,KR7002380004_t,1617,0.9887081315420629,0.4743351886209029,0.42757890975761265,0.15591309980135026,0.6005127302026174,0.9887081315420629,444,737,436,1.0430812813488899e-07
UM_V2_DEPTH,7,new_P3_selected,R2_UM_V2_DEPTH_7_selected,R2,validation,P2_candidate_clock,KR7002550002_t,1617,0.9124367497357799,0.5615337043908473,0.46627734592394643,0.2252497887059878,0.544357158631669,0.9124367497357798,373,857,387,1.1920928932873665e-07
UM_V2_DEPTH,7,new_P3_selected,R2_UM_V2_DEPTH_7_selected,R2,validation,P2_candidate_clock,KR7002790004_t,1617,0.8576004092358116,0.603586889301175,0.4031836698526768,0.16153163665268647,0.5126935512601994,0.8576004092358116,332,976,309,1.043081285789782e-07
UM_V2_DEPTH,7,new_P3_selected,R2_UM_V2_DEPTH_7_selected,R2,validation,P2_candidate_clock,KR7003550001_t,1617,1.0016826041450733,0.49598021026592454,0.47646825000099086,0.22033693116227746,0.6035307246657391,1.0016826041450733,462,679,476,1.043081283569336e-07
UM_V2_DEPTH,7,new_P3_selected,R2_UM_V2_DEPTH_7_selected,R2,validation,P2_candidate_clock,KR7004020004_t,1617,1.0114736905880892,0.47247990105132964,0.4624703653891979,0.19733414496773424,0.6126896765369323,1.0114736905880892,502,640,475,8.940696738513054e-08
UM_V2_DEPTH,7,new_P3_selected,R2_UM_V2_DEPTH_7_selected,R2,validation,P2_candidate_clock,KR7004170007_t,1617,0.8735599528065559,0.601113172541744,0.4301037525544709,0.21158560481141805,0.5214007859585021,0.873559952806556,346,931,340,1.043081284679559e-07
UM_V2_DEPTH,7,new_P3_selected,R2_UM_V2_DEPTH_7_selected,R2,validation,P2_candidate_clock,KR7005300009_t,1617,1.1137274466888811,0.42857142857142855,0.41464837367406576,0.1558214417201723,0.6599530865044614,1.1137274466888811,569,576,472,1.043081285789782e-07
UM_V2_DEPTH,7,new_P3_selected,R2_UM_V2_DEPTH_7_selected,R2,validation,P2_candidate_clock,KR7005380001_t,1617,0.6920427742657164,0.7198515769944341,0.342052649186458,0.12595836030378837,0.3986591637680084,0.6920427742657164,211,1161,245,9.313225723950325e-08
UM_V2_DEPTH,7,new_P3_selected,R2_UM_V2_DEPTH_7_selected,R2,validation,P2_candidate_clock,KR7005440003_t,1617,0.8581364771960956,0.5967841682127396,0.42177984648719363,0.16824909730685406,0.513443175363999,0.8581364771960958,332,969,316,1.0058283828051628e-07
UM_V2_DEPTH,7,new_P3_selected,R2_UM_V2_DEPTH_7_selected,R2,validation,P2_candidate_clock,KR7005490008_t,1617,0.9844199795153712,0.5015460729746444,0.4259692850932771,0.1856622111953866,0.595181838535856,0.9844199795153712,443,739,435,1.043081285789782e-07
UM_V2_DEPTH,7,new_P3_selected,R2_UM_V2_DEPTH_7_selected,R2,validation,P2_candidate_clock,KR7005830005_t,1617,0.9804580981811384,0.5071119356833642,0.463860468292715,0.20674441658428536,0.5913873328570561,0.9804580981811384,418,784,415,1.043081283569336e-07
UM_V2_DEPTH,7,new_P3_selected,R2_UM_V2_DEPTH_7_selected,R2,validation,P2_candidate_clock,KR7005930003_t,1617,1.0355451907256368,0.4551638837353123,0.4261722013787585,0.13891056829442047,0.627750289107678,1.0355451907256368,605,365,647,1.043081283569336e-07
UM_V2_DEPTH,7,new_P3_selected,R2_UM_V2_DEPTH_7_selected,R2,validation,P2_candidate_clock,KR7006400006_t,1617,0.6511448626284797,0.7414965986394558,0.3869451069575098,0.16349846553102282,0.37220337496925,0.6511448626284796,203,1207,207,8.940696738513054e-08
UM_V2_DEPTH,7,new_P3_selected,R2_UM_V2_DEPTH_7_selected,R2,validation,P2_candidate_clock,KR7006800007_t,1617,1.087679749992607,0.3908472479901051,0.3873111714591027,0.09510160275357611,0.659078579444637,1.087679749992607,606,407,604,1.043081285789782e-07
UM_V2_DEPTH,7,new_P3_selected,R2_UM_V2_DEPTH_7_selected,R2,validation,P2_candidate_clock,KR7007070006_t,1617,1.012131527654989,0.4805194805194805,0.47808778153374476,0.2179182855934594,0.6116352286104765,1.012131527654989,488,628,501,1.043081285789782e-07
UM_V2_DEPTH,7,new_P3_selected,R2_UM_V2_DEPTH_7_selected,R2,validation,P2_candidate_clock,KR7008770000_t,1617,1.014273486239058,0.46072974644403214,0.45690007633886637,0.19163319439799442,0.6140557967510999,1.014273486239058,568,528,521,1.043081283569336e-07
UM_V2_DEPTH,7,new_P3_selected,R2_UM_V2_DEPTH_7_selected,R2,validation,P2_candidate_clock,KR7009150004_t,1617,1.0058930275173423,0.48608534322820035,0.4500115269311202,0.1931231261375295,0.6078377154865132,1.0058930275173426,456,692,469,1.043081283569336e-07
UM_V2_DEPTH,7,new_P3_selected,R2_UM_V2_DEPTH_7_selected,R2,validation,P3_intersection,KR7000030007_t,1617,0.6165953660246438,0.7532467532467533,0.32389171345503415,0.07810392610415662,0.3579797987180389,0.6165953660246439,193,1226,198,8.940696738513054e-08
UM_V2_DEPTH,7,new_P3_selected,R2_UM_V2_DEPTH_7_selected,R2,validation,P3_intersection,KR7000100008_t,1605,0.8659791983008762,0.5894080996884735,0.4503911728694585,0.23206165012199076,0.5184734541653461,0.8659791983008762,369,888,348,1.0430812813488899e-07
UM_V2_DEPTH,7,new_P3_selected,R2_UM_V2_DEPTH_7_selected,R2,validation,P3_intersection,KR7000120006_t,1594,0.7603385272467454,0.6587202007528231,0.4287026774009896,0.20346557375810884,0.4485330979571373,0.7603385272467454,301,1033,260,8.940696738513054e-08
UM_V2_DEPTH,7,new_P3_selected,R2_UM_V2_DEPTH_7_selected,R2,validation,P3_intersection,KR7000150003_t,1597,0.7399425540006472,0.6556042579837195,0.5235099093070108,0.342841204855992,0.43671682621047414,0.7399425540006472,346,963,288,1.043081283569336e-07
UM_V2_DEPTH,7,new_P3_selected,R2_UM_V2_DEPTH_7_selected,R2,validation,P3_intersection,KR7000270009_t,1617,0.8995961436598244,0.5819418676561534,0.5017868869520932,0.2881184911777429,0.5398684545258118,0.8995961436598244,420,830,367,9.685754753796516e-08
UM_V2_DEPTH,7,new_P3_selected,R2_UM_V2_DEPTH_7_selected,R2,validation,P3_intersection,KR7000660001_t,1617,1.0440839024847688,0.4452690166975881,0.4421675554461812,0.171356799263886,0.6306025410159014,1.0440839024847688,551,523,543,1.043081285789782e-07
UM_V2_DEPTH,7,new_P3_selected,R2_UM_V2_DEPTH_7_selected,R2,validation,P3_intersection,KR7000720003_t,1617,1.017842193348589,0.46258503401360546,0.4440818802405175,0.1913173805700353,0.6165649242273177,1.017842193348589,544,494,579,1.043081283569336e-07
UM_V2_DEPTH,7,new_P3_selected,R2_UM_V2_DEPTH_7_selected,R2,validation,P3_intersection,KR7000810002_t,1614,0.8951139416369753,0.570631970260223,0.41177778309672713,0.17973809880724384,0.5388099279547279,0.8951139416369753,356,890,368,1.043081285789782e-07
UM_V2_DEPTH,7,new_P3_selected,R2_UM_V2_DEPTH_7_selected,R2,validation,P3_intersection,KR7001040005_t,1613,0.9181722980736658,0.5542467451952883,0.4190453582228237,0.15134907740265977,0.5528361142182482,0.9181722980736658,389,909,315,8.940696738513054e-08
UM_V2_DEPTH,7,new_P3_selected,R2_UM_V2_DEPTH_7_selected,R2,validation,P3_intersection,KR7001450006_t,1615,0.9842771928776473,0.48978328173374613,0.440128561919715,0.17805549393630768,0.5949798823302488,0.9842771928776473,421,742,452,8.940696727410824e-08
UM_V2_DEPTH,7,new_P3_selected,R2_UM_V2_DEPTH_7_selected,R2,validation,P3_intersection,KR7002380004_t,1594,0.9870357078728585,0.4780426599749059,0.4314282404089216,0.16313322026706675,0.5992635813355436,0.9870357078728587,441,721,432,1.0430812813488899e-07
UM_V2_DEPTH,7,new_P3_selected,R2_UM_V2_DEPTH_7_selected,R2,validation,P3_intersection,KR7002550002_t,1614,0.9119377854061528,0.5625774473358116,0.46724551386678154,0.2267067038940839,0.5439746335597796,0.9119377854061528,372,856,386,1.1920928932873665e-07
UM_V2_DEPTH,7,new_P3_selected,R2_UM_V2_DEPTH_7_selected,R2,validation,P3_intersection,KR7002790004_t,1609,0.8560793269836104,0.603480422622747,0.4036613387979832,0.1619162008647385,0.5121898768867489,0.8560793269836104,330,971,308,1.043081285789782e-07
UM_V2_DEPTH,7,new_P3_selected,R2_UM_V2_DEPTH_7_selected,R2,validation,P3_intersection,KR7003550001_t,1617,1.0016826041450733,0.49598021026592454,0.47646825000099086,0.22033693116227746,0.6035307246657391,1.0016826041450733,462,679,476,1.043081283569336e-07
UM_V2_DEPTH,7,new_P3_selected,R2_UM_V2_DEPTH_7_selected,R2,validation,P3_intersection,KR7004020004_t,1617,1.0114736905880892,0.47247990105132964,0.4624703653891979,0.19733414496773424,0.6126896765369323,1.0114736905880892,502,640,475,8.940696738513054e-08
UM_V2_DEPTH,7,new_P3_selected,R2_UM_V2_DEPTH_7_selected,R2,validation,P3_intersection,KR7004170007_t,1612,0.8737537532299879,0.6004962779156328,0.4292708787941806,0.21024484261828053,0.5214646474807515,0.8737537532299879,344,928,340,1.043081284679559e-07
UM_V2_DEPTH,7,new_P3_selected,R2_UM_V2_DEPTH_7_selected,R2,validation,P3_intersection,KR7005300009_t,1238,1.0157904619571727,0.46607431340872374,0.44547780682246757,0.1764527824700226,0.6142773384508369,1.0157904619571727,493,336,409,1.043081285789782e-07
UM_V2_DEPTH,7,new_P3_selected,R2_UM_V2_DEPTH_7_selected,R2,validation,P3_intersection,KR7005380001_t,1617,0.6920427742657164,0.7198515769944341,0.342052649186458,0.12595836030378837,0.3986591637680084,0.6920427742657164,211,1161,245,9.313225723950325e-08
UM_V2_DEPTH,7,new_P3_selected,R2_UM_V2_DEPTH_7_selected,R2,validation,P3_intersection,KR7005440003_t,1601,0.8560182125952918,0.5977514053716427,0.42043304814474686,0.16981997967473006,0.5126650718054703,0.8560182125952919,332,958,311,1.0058283828051628e-07
UM_V2_DEPTH,7,new_P3_selected,R2_UM_V2_DEPTH_7_selected,R2,validation,P3_intersection,KR7005490008_t,1617,0.9844199795153712,0.5015460729746444,0.4259692850932771,0.1856622111953866,0.595181838535856,0.9844199795153712,443,739,435,1.043081285789782e-07
UM_V2_DEPTH,7,new_P3_selected,R2_UM_V2_DEPTH_7_selected,R2,validation,P3_intersection,KR7005830005_t,1611,0.9800987619617465,0.5065176908752328,0.46304477700930785,0.20589073862774915,0.5911953960509083,0.9800987619617465,417,780,414,1.043081283569336e-07
UM_V2_DEPTH,7,new_P3_selected,R2_UM_V2_DEPTH_7_selected,R2,validation,P3_intersection,KR7005930003_t,1617,1.0355451907256368,0.4551638837353123,0.4261722013787585,0.13891056829442047,0.627750289107678,1.0355451907256368,605,365,647,1.043081283569336e-07
UM_V2_DEPTH,7,new_P3_selected,R2_UM_V2_DEPTH_7_selected,R2,validation,P3_intersection,KR7006400006_t,1617,0.6511448626284797,0.7414965986394558,0.3869451069575098,0.16349846553102282,0.37220337496925,0.6511448626284796,203,1207,207,8.940696738513054e-08
UM_V2_DEPTH,7,new_P3_selected,R2_UM_V2_DEPTH_7_selected,R2,validation,P3_intersection,KR7006800007_t,1617,1.087679749992607,0.3908472479901051,0.3873111714591027,0.09510160275357611,0.659078579444637,1.087679749992607,606,407,604,1.043081285789782e-07
UM_V2_DEPTH,7,new_P3_selected,R2_UM_V2_DEPTH_7_selected,R2,validation,P3_intersection,KR7007070006_t,1613,1.01208295217911,0.47985120892746436,0.4774998998811255,0.2169956821349102,0.6116313171843705,1.01208295217911,488,625,500,1.043081285789782e-07
UM_V2_DEPTH,7,new_P3_selected,R2_UM_V2_DEPTH_7_selected,R2,validation,P3_intersection,KR7008770000_t,1613,1.0147877175406819,0.4606323620582765,0.4568945442578436,0.19147697915256603,0.6142400115206118,1.0147877175406816,567,526,520,1.043081283569336e-07
UM_V2_DEPTH,7,new_P3_selected,R2_UM_V2_DEPTH_7_selected,R2,validation,P3_intersection,KR7009150004_t,1617,1.0058930275173423,0.48608534322820035,0.4500115269311202,0.1931231261375295,0.6078377154865132,1.0058930275173426,456,692,469,1.043081283569336e-07
