job_id,owner,kind,priority,resource,job_spec_hash,dependencies,config
gate_a5000,a5000,gate,0,cpu,5cd435f5cb6ebe06dadb3d034708ad5d55532a78818911b3e2195e8b35305284,[],{}
gate_rtx3090,rtx3090,gate,0,cpu,220440d240f2c430e48c66dcec185720de9aa0ad357f30cd3d4a9e8feec56663,[],{}
adapter_TLOB_ADAPTED,a5000,adapter,40,cpu,56339dfdff09708baa0ce784abfab1c9ea2808bcf6e9abd447eba58c6fdf8334,"[""gate_a5000""]","{""model"": ""TLOB_ADAPTED""}"
prior_main,a5000,prior,1,cpu,ff9e05dde7fc08a4a31076bbabec0aa99547646b5baee20a802cdd6ff2cd8e92,"[""gate_a5000""]","{""fold"": ""main""}"
prior_R1,a5000,prior,1,cpu,dea1f843dbb81f0dfc752167b1acdb32b7a02bd978ea3f3e0fe1f653e2da1d91,"[""gate_a5000""]","{""fold"": ""R1""}"
prior_R2,a5000,prior,1,cpu,7edf95fcff39f7476356027d5dd970df81881cc49c58377bf7ddd884675b1029,"[""gate_a5000""]","{""fold"": ""R2""}"
prior_R3,a5000,prior,1,cpu,fd35a9b4f93eb8c7d1293273d2785f09258724dbf4af42aff4d40fd31681f330,"[""gate_a5000""]","{""fold"": ""R3""}"
historical_replay,rtx3090,historical,1,cpu,3b64da5b0657113429856b68b9cb496718aecc894d9e0d24c9a9dbc726b3d4da,"[""gate_rtx3090""]",{}
main_U1_42_000500,a5000,fit,10,gpu,0be2e8ac1604e740eb0e5b1020272517f2feb19fe64cdaccd3713479c4cdf67a,"[""gate_a5000""]","{""family"": ""lr_search"", ""fold"": ""main"", ""lr"": 5e-05, ""model"": ""U1"", ""seed"": 42}"
main_U1_42_001000,a5000,fit,10,gpu,c4e44ad4833cb576c3926c0e186bceb139766fe50e531c0ceaed322cab56870c,"[""gate_a5000""]","{""family"": ""lr_search"", ""fold"": ""main"", ""lr"": 0.0001, ""model"": ""U1"", ""seed"": 42}"
main_U1_42_002000,a5000,fit,10,gpu,92e45967bcf0b4a2780a1e3d503fc7691fc44ddc26d6bedc9115adc77e62e9eb,"[""gate_a5000""]","{""family"": ""lr_search"", ""fold"": ""main"", ""lr"": 0.0002, ""model"": ""U1"", ""seed"": 42}"
main_U1_42_004000,a5000,fit,10,gpu,e9748d57a2d7ad7f2dfef02e4dd1f8ef3e47517ee933acdd28912f1b1abbf2e4,"[""gate_a5000""]","{""family"": ""lr_search"", ""fold"": ""main"", ""lr"": 0.0004, ""model"": ""U1"", ""seed"": 42}"
select_U1,a5000,select,10,cpu,0ce02650cb70e9a6fde7851c4e8eae5215be6377547d8a70371321fa7a7bbcf6,"[""main_U1_42_000500"", ""main_U1_42_001000"", ""main_U1_42_002000"", ""main_U1_42_004000""]","{""model"": ""U1"", ""trials"": [""main_U1_42_000500"", ""main_U1_42_001000"", ""main_U1_42_002000"", ""main_U1_42_004000""]}"
selected_U1_42,a5000,alias,10,cpu,37e49b84d3ca70b4ae2568c0245854875d3d6c28c3781658aed78cf99f6bc447,"[""select_U1""]","{""family"": ""selected"", ""fold"": ""main"", ""model"": ""U1"", ""seed"": 42, ""select_from"": ""select_U1""}"
main_U1_7_selected,a5000,fit,10,gpu,ab6f9b4107bd81bed857fca1439feb854620ae25762b37939dac696ee894e014,"[""select_U1""]","{""family"": ""selected"", ""fold"": ""main"", ""model"": ""U1"", ""seed"": 7, ""select_from"": ""select_U1""}"
main_U1_123_selected,a5000,fit,10,gpu,217b1eed87f08e098b37da9fa57393e2c7233141fe2327e522c2cfe8caa0cdb7,"[""select_U1""]","{""family"": ""selected"", ""fold"": ""main"", ""model"": ""U1"", ""seed"": 123, ""select_from"": ""select_U1""}"
analyze_U1_42,a5000,analysis,11,cpu,9082f48173338d786fe48c56313c88d7c31ee2cd678ea3fa714b47dc1e991dc5,"[""selected_U1_42""]","{""model"": ""U1"", ""seed"": 42, ""source_job"": ""selected_U1_42""}"
analyze_U1_7,a5000,analysis,11,cpu,ef2a74f1ba875b0d6c7733aeb141b5924fa1f4a584a710142201ce543039326f,"[""main_U1_7_selected""]","{""model"": ""U1"", ""seed"": 7, ""source_job"": ""main_U1_7_selected""}"
analyze_U1_123,a5000,analysis,11,cpu,abdf4ccbd950180b9239ec824c8cd27299839182fa650c3f5d838cfcb6a98646,"[""main_U1_123_selected""]","{""model"": ""U1"", ""seed"": 123, ""source_job"": ""main_U1_123_selected""}"
fixed_U1_42,a5000,alias,50,cpu,9c3acd100218554819629759fe3f2c950e306aa7c50aff6b3510a4ba933582fe,"[""main_U1_42_001000""]","{""family"": ""fixed"", ""model"": ""U1"", ""seed"": 42, ""source_job"": ""main_U1_42_001000""}"
fixed_U1_7,a5000,fixed_or_alias,50,gpu,081e1ff0e89bffe8b190b0f5425a81da71da74c9d7205056b40ceb8cd4066060,"[""main_U1_7_selected""]","{""family"": ""fixed"", ""fold"": ""main"", ""lr"": 0.0001, ""model"": ""U1"", ""seed"": 7, ""source_job"": ""main_U1_7_selected""}"
fixed_U1_123,a5000,fixed_or_alias,50,gpu,0bd2184fd89109823b642457be4f31b68da3a7bd24641d5ba9273c2a35870f6b,"[""main_U1_123_selected""]","{""family"": ""fixed"", ""fold"": ""main"", ""lr"": 0.0001, ""model"": ""U1"", ""seed"": 123, ""source_job"": ""main_U1_123_selected""}"
main_UC_42_000500,rtx3090,fit,10,gpu,839070a3522abebdc5051f7f8a5039f4c391ec1f6f7d80d7901ea031057eb308,"[""gate_rtx3090""]","{""family"": ""lr_search"", ""fold"": ""main"", ""lr"": 5e-05, ""model"": ""UC"", ""seed"": 42}"
main_UC_42_001000,rtx3090,fit,10,gpu,aca36103b76b6c05e15b0f9d6f21162cabc0baa75bba500ef282ae5fa0f5c62e,"[""gate_rtx3090""]","{""family"": ""lr_search"", ""fold"": ""main"", ""lr"": 0.0001, ""model"": ""UC"", ""seed"": 42}"
main_UC_42_002000,rtx3090,fit,10,gpu,bf868fca07829f6ff8ffba08db4b7c94e23c6732592dd085d774f20e22b1b04a,"[""gate_rtx3090""]","{""family"": ""lr_search"", ""fold"": ""main"", ""lr"": 0.0002, ""model"": ""UC"", ""seed"": 42}"
main_UC_42_004000,rtx3090,fit,10,gpu,bd0419f67abd9459866ba262ab2b14a4fb9a269b6b0c5756b998a23590859736,"[""gate_rtx3090""]","{""family"": ""lr_search"", ""fold"": ""main"", ""lr"": 0.0004, ""model"": ""UC"", ""seed"": 42}"
select_UC,rtx3090,select,10,cpu,0402e23c825d0f30469a443aaeef06257d775018a5f0c5ba0389bc8e8f7afa41,"[""main_UC_42_000500"", ""main_UC_42_001000"", ""main_UC_42_002000"", ""main_UC_42_004000""]","{""model"": ""UC"", ""trials"": [""main_UC_42_000500"", ""main_UC_42_001000"", ""main_UC_42_002000"", ""main_UC_42_004000""]}"
selected_UC_42,rtx3090,alias,10,cpu,9f5c0299ba585fb32ba81b6233d9fa6be8fdf3437e868a99db553a54b307c8cb,"[""select_UC""]","{""family"": ""selected"", ""fold"": ""main"", ""model"": ""UC"", ""seed"": 42, ""select_from"": ""select_UC""}"
main_UC_7_selected,rtx3090,fit,10,gpu,758d5678a2c4253646e4e6b647d22ef7c971e084e904295777ebfe6a7bdeeb15,"[""select_UC""]","{""family"": ""selected"", ""fold"": ""main"", ""model"": ""UC"", ""seed"": 7, ""select_from"": ""select_UC""}"
main_UC_123_selected,rtx3090,fit,10,gpu,b2278de45d83edecf6ff7b2fede7426d025daf6f0f48a57c5de0afc7bab60528,"[""select_UC""]","{""family"": ""selected"", ""fold"": ""main"", ""model"": ""UC"", ""seed"": 123, ""select_from"": ""select_UC""}"
analyze_UC_42,rtx3090,analysis,11,cpu,18d69bef0f8e23f27b24b37e717c497dc97407f703ee63ac0015b40997d1bc86,"[""selected_UC_42""]","{""model"": ""UC"", ""seed"": 42, ""source_job"": ""selected_UC_42""}"
analyze_UC_7,rtx3090,analysis,11,cpu,a3533de3b53f5e7c2e6074cac0dd922392587cec3db6e1f5fbc2341a5208557f,"[""main_UC_7_selected""]","{""model"": ""UC"", ""seed"": 7, ""source_job"": ""main_UC_7_selected""}"
analyze_UC_123,rtx3090,analysis,11,cpu,1894f9649a16792118e1ce0aa45329e333ab6c583fa5e38fe0716871afb94282,"[""main_UC_123_selected""]","{""model"": ""UC"", ""seed"": 123, ""source_job"": ""main_UC_123_selected""}"
R1_UC_42,rtx3090,rolling_reuse,30,cpu,df5deae184b87c5ed7ea10227bd0266ede0325c345398707ac4c8d5d8b403562,"[""selected_UC_42""]","{""fold"": ""R1"", ""model"": ""UC"", ""seed"": 42, ""source_job"": ""selected_UC_42""}"
R2_UC_42_selected,rtx3090,fit,30,gpu,38feef7f59419a9072f6d44e5c426ff235ef81b11bd2503b7bd07fbcbffdceb1,"[""select_UC""]","{""family"": ""rolling"", ""fold"": ""R2"", ""model"": ""UC"", ""seed"": 42, ""select_from"": ""select_UC""}"
analyze_R2_UC_42_selected,rtx3090,analysis,31,cpu,6cd5b16c2f845d418aa917abfeba2a61dd0d8b2f5d2a57a5719cb465aaa13738,"[""R2_UC_42_selected""]","{""model"": ""UC"", ""seed"": 42, ""source_job"": ""R2_UC_42_selected""}"
R3_UC_42_selected,rtx3090,fit,30,gpu,48a2d35fb520b0ffc3fa85c30ce81ad2c4fb2504f4879aee75f5e8823c66992c,"[""select_UC""]","{""family"": ""rolling"", ""fold"": ""R3"", ""model"": ""UC"", ""seed"": 42, ""select_from"": ""select_UC""}"
analyze_R3_UC_42_selected,rtx3090,analysis,31,cpu,980ffa0cd4a388d0856facca2fb12ae9599cfbf2239f005cfc1ea1999d5942bc,"[""R3_UC_42_selected""]","{""model"": ""UC"", ""seed"": 42, ""source_job"": ""R3_UC_42_selected""}"
R1_UC_7,rtx3090,rolling_reuse,30,cpu,3eeee97707cf078bfc0f11c81d2b3e9a68cbbf0d9c454fa791b617295b5e5b2e,"[""main_UC_7_selected""]","{""fold"": ""R1"", ""model"": ""UC"", ""seed"": 7, ""source_job"": ""main_UC_7_selected""}"
R2_UC_7_selected,rtx3090,fit,30,gpu,465732b59ce06e4218c4f9c759fe87601affdd80a99177bda56111f930bfaa67,"[""select_UC""]","{""family"": ""rolling"", ""fold"": ""R2"", ""model"": ""UC"", ""seed"": 7, ""select_from"": ""select_UC""}"
analyze_R2_UC_7_selected,rtx3090,analysis,31,cpu,6a4bd59a4014aaa76fc3478ffd04d8979ba39842cda6c7c5b0a6b25a287428d3,"[""R2_UC_7_selected""]","{""model"": ""UC"", ""seed"": 7, ""source_job"": ""R2_UC_7_selected""}"
R3_UC_7_selected,rtx3090,fit,30,gpu,1d801308a476ce0219635971772670ebaf78faa17ee31712867b518f1b518892,"[""select_UC""]","{""family"": ""rolling"", ""fold"": ""R3"", ""model"": ""UC"", ""seed"": 7, ""select_from"": ""select_UC""}"
analyze_R3_UC_7_selected,rtx3090,analysis,31,cpu,e22249e9ff1aa8a737ce8903586063727546662d3eb4d349b65c5272a7065a09,"[""R3_UC_7_selected""]","{""model"": ""UC"", ""seed"": 7, ""source_job"": ""R3_UC_7_selected""}"
R1_UC_123,rtx3090,rolling_reuse,30,cpu,5537e16fd11f16e247bf22f28d2be21b86ce0a543b78f9e173d93e79cfebdaa7,"[""main_UC_123_selected""]","{""fold"": ""R1"", ""model"": ""UC"", ""seed"": 123, ""source_job"": ""main_UC_123_selected""}"
R2_UC_123_selected,rtx3090,fit,30,gpu,20d9230757f067232b6b635f44280ac1f1659a491d048e7e3a5cd544189b1e29,"[""select_UC""]","{""family"": ""rolling"", ""fold"": ""R2"", ""model"": ""UC"", ""seed"": 123, ""select_from"": ""select_UC""}"
analyze_R2_UC_123_selected,rtx3090,analysis,31,cpu,cf007b8768c63b23fa351047cc8f5246c516c66c758eb1b088588c58649c79ba,"[""R2_UC_123_selected""]","{""model"": ""UC"", ""seed"": 123, ""source_job"": ""R2_UC_123_selected""}"
R3_UC_123_selected,rtx3090,fit,30,gpu,7db3fcd8a3baa0241b7f8e9863c719137ebb04fe6ae99741838394a230c83b23,"[""select_UC""]","{""family"": ""rolling"", ""fold"": ""R3"", ""model"": ""UC"", ""seed"": 123, ""select_from"": ""select_UC""}"
analyze_R3_UC_123_selected,rtx3090,analysis,31,cpu,a63e6f11ebaf14c0d452e8c9be8f2e0394b2a0f041de84bacb928968d6b51a09,"[""R3_UC_123_selected""]","{""model"": ""UC"", ""seed"": 123, ""source_job"": ""R3_UC_123_selected""}"
main_UA_42_000500,rtx3090,fit,10,gpu,32f3de65e50c4434854261265575e0b45a3fe938bb5a88f303039560ee1b9a77,"[""gate_rtx3090""]","{""family"": ""lr_search"", ""fold"": ""main"", ""lr"": 5e-05, ""model"": ""UA"", ""seed"": 42}"
main_UA_42_001000,rtx3090,fit,10,gpu,533b73a6ff6b0a7c3433d0e80d317eded44678666dc65d2d895a0ef1ad10466d,"[""gate_rtx3090""]","{""family"": ""lr_search"", ""fold"": ""main"", ""lr"": 0.0001, ""model"": ""UA"", ""seed"": 42}"
main_UA_42_002000,rtx3090,fit,10,gpu,89d5e71cdfe319a53d49b5231d28775be4733827bcd12680378e120c14688010,"[""gate_rtx3090""]","{""family"": ""lr_search"", ""fold"": ""main"", ""lr"": 0.0002, ""model"": ""UA"", ""seed"": 42}"
main_UA_42_004000,rtx3090,fit,10,gpu,55d9d458f15b8702837170dea5bd1f5b3d6a43cb533c11d5afbb820d1919b8c8,"[""gate_rtx3090""]","{""family"": ""lr_search"", ""fold"": ""main"", ""lr"": 0.0004, ""model"": ""UA"", ""seed"": 42}"
select_UA,rtx3090,select,10,cpu,51700c6986fc06d08caf468d171d59ac2ea6e7cb58570d1eecc863d37b916005,"[""main_UA_42_000500"", ""main_UA_42_001000"", ""main_UA_42_002000"", ""main_UA_42_004000""]","{""model"": ""UA"", ""trials"": [""main_UA_42_000500"", ""main_UA_42_001000"", ""main_UA_42_002000"", ""main_UA_42_004000""]}"
selected_UA_42,rtx3090,alias,10,cpu,758c62e41b699a46923cf18c82766da7613adecf3b89dd418031cb4621da593c,"[""select_UA""]","{""family"": ""selected"", ""fold"": ""main"", ""model"": ""UA"", ""seed"": 42, ""select_from"": ""select_UA""}"
main_UA_7_selected,rtx3090,fit,10,gpu,8e98388d8f30c059dc0e184d695c4a89b1aa8b1c92ec5b50f36701c2b8d9350c,"[""select_UA""]","{""family"": ""selected"", ""fold"": ""main"", ""model"": ""UA"", ""seed"": 7, ""select_from"": ""select_UA""}"
main_UA_123_selected,rtx3090,fit,10,gpu,2a9aca4e9fdd9e69dc525e627a5d2fdb0d1957d148f319bfb67aca56c9da2815,"[""select_UA""]","{""family"": ""selected"", ""fold"": ""main"", ""model"": ""UA"", ""seed"": 123, ""select_from"": ""select_UA""}"
analyze_UA_42,rtx3090,analysis,11,cpu,786c4d811e2a01205666b47365c5b9c6d47f18fcfad9305fdc243639ac613687,"[""selected_UA_42""]","{""model"": ""UA"", ""seed"": 42, ""source_job"": ""selected_UA_42""}"
analyze_UA_7,rtx3090,analysis,11,cpu,b1f7acd4f1aa36767f230f1ee67b9562319be1767ee8a0e7ff54a6aacf227acb,"[""main_UA_7_selected""]","{""model"": ""UA"", ""seed"": 7, ""source_job"": ""main_UA_7_selected""}"
analyze_UA_123,rtx3090,analysis,11,cpu,211e0635f7ac275be40af0169a58b289dbb2b33bf2dd8bc095b9d183268d147e,"[""main_UA_123_selected""]","{""model"": ""UA"", ""seed"": 123, ""source_job"": ""main_UA_123_selected""}"
R1_UA_42,rtx3090,rolling_reuse,30,cpu,90bb3b37ceb6caf2c52482d883e66b03faeb424a27d66f2a119beadb0776bdc9,"[""selected_UA_42""]","{""fold"": ""R1"", ""model"": ""UA"", ""seed"": 42, ""source_job"": ""selected_UA_42""}"
R2_UA_42_selected,rtx3090,fit,30,gpu,45a4cba3f09c032a641b89a60d9c8b58cff8ab8d2fe92ab91d5c8f5e638e9c0c,"[""select_UA""]","{""family"": ""rolling"", ""fold"": ""R2"", ""model"": ""UA"", ""seed"": 42, ""select_from"": ""select_UA""}"
analyze_R2_UA_42_selected,rtx3090,analysis,31,cpu,9590f938ec4ee3897ba6c14b01beaa76a94037803d9d462d85b9637bf2d9b803,"[""R2_UA_42_selected""]","{""model"": ""UA"", ""seed"": 42, ""source_job"": ""R2_UA_42_selected""}"
R3_UA_42_selected,rtx3090,fit,30,gpu,9ef4a4051c66a06d49860921d8aa08dfc1c26678399f14fd2d4d84e6faa5e799,"[""select_UA""]","{""family"": ""rolling"", ""fold"": ""R3"", ""model"": ""UA"", ""seed"": 42, ""select_from"": ""select_UA""}"
analyze_R3_UA_42_selected,rtx3090,analysis,31,cpu,b960bc7c6f1b7d9393c841aa4e5b844008d9adca637f51a440f8d8f5dcb34a24,"[""R3_UA_42_selected""]","{""model"": ""UA"", ""seed"": 42, ""source_job"": ""R3_UA_42_selected""}"
R1_UA_7,rtx3090,rolling_reuse,30,cpu,bbb5d96b45e72d395b8d60b2b7e243d505df4a987c6802db2374bc201f4d76c3,"[""main_UA_7_selected""]","{""fold"": ""R1"", ""model"": ""UA"", ""seed"": 7, ""source_job"": ""main_UA_7_selected""}"
R2_UA_7_selected,rtx3090,fit,30,gpu,de2460a9acd0ed99d8ab01b7591e609a62583aa068935b62ca0fa34012270db0,"[""select_UA""]","{""family"": ""rolling"", ""fold"": ""R2"", ""model"": ""UA"", ""seed"": 7, ""select_from"": ""select_UA""}"
analyze_R2_UA_7_selected,rtx3090,analysis,31,cpu,ce3c793f992cc6b94f532352dcfa7e71b18b109ed3acce15ca70dfd3faca88b2,"[""R2_UA_7_selected""]","{""model"": ""UA"", ""seed"": 7, ""source_job"": ""R2_UA_7_selected""}"
R3_UA_7_selected,rtx3090,fit,30,gpu,ae4012a1a93b844a19f86bba1d86645c592c3115e817fe1757732767c399ca0c,"[""select_UA""]","{""family"": ""rolling"", ""fold"": ""R3"", ""model"": ""UA"", ""seed"": 7, ""select_from"": ""select_UA""}"
analyze_R3_UA_7_selected,rtx3090,analysis,31,cpu,18d5e6b2e25ee68a3dde6716c518bdd1cc04016b399d9a84a1f46120137b7dcf,"[""R3_UA_7_selected""]","{""model"": ""UA"", ""seed"": 7, ""source_job"": ""R3_UA_7_selected""}"
R1_UA_123,rtx3090,rolling_reuse,30,cpu,a4203a6c6be67be9bc4af83b14c3a3f24d66a3db86956ef829426420a31fb85e,"[""main_UA_123_selected""]","{""fold"": ""R1"", ""model"": ""UA"", ""seed"": 123, ""source_job"": ""main_UA_123_selected""}"
R2_UA_123_selected,rtx3090,fit,30,gpu,2d5fdc7f889dfaec77231645733f1c702bcc894aaa0c3d6b536e8b1df3b47013,"[""select_UA""]","{""family"": ""rolling"", ""fold"": ""R2"", ""model"": ""UA"", ""seed"": 123, ""select_from"": ""select_UA""}"
analyze_R2_UA_123_selected,rtx3090,analysis,31,cpu,61804829124f33997bcf8e62b2a88550773b66b78bf41ec4c14cfb99d364776b,"[""R2_UA_123_selected""]","{""model"": ""UA"", ""seed"": 123, ""source_job"": ""R2_UA_123_selected""}"
R3_UA_123_selected,rtx3090,fit,30,gpu,1fe541b8325f1b647b5894afba491be0f9353b1c9e67a55cc5843ba2f268aab9,"[""select_UA""]","{""family"": ""rolling"", ""fold"": ""R3"", ""model"": ""UA"", ""seed"": 123, ""select_from"": ""select_UA""}"
analyze_R3_UA_123_selected,rtx3090,analysis,31,cpu,6c85e334fc5aef657cb216e17d8a52b54e60bbce6974ec4e7b0487bae87d03f0,"[""R3_UA_123_selected""]","{""model"": ""UA"", ""seed"": 123, ""source_job"": ""R3_UA_123_selected""}"
interventions_UA_42,rtx3090,intervention,35,gpu,f79c4879c0c2d8b5c39a22f54d41eb143cacb656b71b3bcd178fa1c895e3ef26,"[""selected_UA_42""]","{""fold"": ""main"", ""model"": ""UA"", ""seed"": 42, ""source_job"": ""selected_UA_42""}"
interventions_UA_7,rtx3090,intervention,35,gpu,29f18c92940c6ea09daf8aa2dbaf3cae8f8401612aa6d922558afbc085aa57bb,"[""main_UA_7_selected""]","{""fold"": ""main"", ""model"": ""UA"", ""seed"": 7, ""source_job"": ""main_UA_7_selected""}"
interventions_UA_123,rtx3090,intervention,35,gpu,40d333a3ff479592419e5221734b91a20532585f9a166577b4d7357538fa21c6,"[""main_UA_123_selected""]","{""fold"": ""main"", ""model"": ""UA"", ""seed"": 123, ""source_job"": ""main_UA_123_selected""}"
main_UM_V2_DEPTH_42_000500,a5000,fit,10,gpu,6f2cf2524c3fbcbf120ec64c25cd7f7485dab7a4a24236ecb086b61749de9e9f,"[""gate_a5000""]","{""family"": ""lr_search"", ""fold"": ""main"", ""lr"": 5e-05, ""model"": ""UM_V2_DEPTH"", ""seed"": 42}"
main_UM_V2_DEPTH_42_001000,a5000,fit,10,gpu,6e42f942d4c4d94f692709876035a5f5bc2bd618a09b853725178a4b584d3ea1,"[""gate_a5000""]","{""family"": ""lr_search"", ""fold"": ""main"", ""lr"": 0.0001, ""model"": ""UM_V2_DEPTH"", ""seed"": 42}"
main_UM_V2_DEPTH_42_002000,a5000,fit,10,gpu,ea17d9938e95d036f3dd7e62b1e6327af30fb36dd5248960d0c1fb568a378924,"[""gate_a5000""]","{""family"": ""lr_search"", ""fold"": ""main"", ""lr"": 0.0002, ""model"": ""UM_V2_DEPTH"", ""seed"": 42}"
main_UM_V2_DEPTH_42_004000,a5000,fit,10,gpu,ed2e9f3ac8196a8915550966cc8c4e6d187cd77479ecad46102ee60480c0e7e0,"[""gate_a5000""]","{""family"": ""lr_search"", ""fold"": ""main"", ""lr"": 0.0004, ""model"": ""UM_V2_DEPTH"", ""seed"": 42}"
select_UM_V2_DEPTH,a5000,select,10,cpu,2e134692bb5b377adeda26884f59f69d1d238576a3007d59293505d21217ad64,"[""main_UM_V2_DEPTH_42_000500"", ""main_UM_V2_DEPTH_42_001000"", ""main_UM_V2_DEPTH_42_002000"", ""main_UM_V2_DEPTH_42_004000""]","{""model"": ""UM_V2_DEPTH"", ""trials"": [""main_UM_V2_DEPTH_42_000500"", ""main_UM_V2_DEPTH_42_001000"", ""main_UM_V2_DEPTH_42_002000"", ""main_UM_V2_DEPTH_42_004000""]}"
selected_UM_V2_DEPTH_42,a5000,alias,10,cpu,b813bb32f5c4b32635253c65bee66e828cc494853de004c6d0d2d2885a65f0f0,"[""select_UM_V2_DEPTH""]","{""family"": ""selected"", ""fold"": ""main"", ""model"": ""UM_V2_DEPTH"", ""seed"": 42, ""select_from"": ""select_UM_V2_DEPTH""}"
main_UM_V2_DEPTH_7_selected,a5000,fit,10,gpu,d31c3653dce6a343d4ff9405787d448c25bff8b5de4a2bc86fc4be48f4e9380d,"[""select_UM_V2_DEPTH""]","{""family"": ""selected"", ""fold"": ""main"", ""model"": ""UM_V2_DEPTH"", ""seed"": 7, ""select_from"": ""select_UM_V2_DEPTH""}"
main_UM_V2_DEPTH_123_selected,a5000,fit,10,gpu,61242599b0c9b9a26c9c6e96f07a474eea08b918a56af4884b0bcbcd9bc7f2b9,"[""select_UM_V2_DEPTH""]","{""family"": ""selected"", ""fold"": ""main"", ""model"": ""UM_V2_DEPTH"", ""seed"": 123, ""select_from"": ""select_UM_V2_DEPTH""}"
analyze_UM_V2_DEPTH_42,a5000,analysis,11,cpu,ec6ede6de359c599945a4d96bd03ee5ed599e6ad92b174e5cf2642ad38abc252,"[""selected_UM_V2_DEPTH_42""]","{""model"": ""UM_V2_DEPTH"", ""seed"": 42, ""source_job"": ""selected_UM_V2_DEPTH_42""}"
analyze_UM_V2_DEPTH_7,a5000,analysis,11,cpu,f294185fbe513ec359ea2bb86881f2bb24c0b6f8d539c279d625fea1d715e1b1,"[""main_UM_V2_DEPTH_7_selected""]","{""model"": ""UM_V2_DEPTH"", ""seed"": 7, ""source_job"": ""main_UM_V2_DEPTH_7_selected""}"
analyze_UM_V2_DEPTH_123,a5000,analysis,11,cpu,f9f48d45e1cc9569855d12f154902c7dead9e41c254a4c1226746bbccc7736e3,"[""main_UM_V2_DEPTH_123_selected""]","{""model"": ""UM_V2_DEPTH"", ""seed"": 123, ""source_job"": ""main_UM_V2_DEPTH_123_selected""}"
R1_UM_V2_DEPTH_42,a5000,rolling_reuse,30,cpu,ead2aec387e410fa32bd364f1aaacba2c5f5145c537a9c4b4e4d8b122d035342,"[""selected_UM_V2_DEPTH_42""]","{""fold"": ""R1"", ""model"": ""UM_V2_DEPTH"", ""seed"": 42, ""source_job"": ""selected_UM_V2_DEPTH_42""}"
R2_UM_V2_DEPTH_42_selected,a5000,fit,30,gpu,5439d91658e22e364f4b3651b61e4f3890be9169511b3c604e9c4c439e2e7f2b,"[""select_UM_V2_DEPTH""]","{""family"": ""rolling"", ""fold"": ""R2"", ""model"": ""UM_V2_DEPTH"", ""seed"": 42, ""select_from"": ""select_UM_V2_DEPTH""}"
analyze_R2_UM_V2_DEPTH_42_selected,a5000,analysis,31,cpu,2a5d1e074d22030e56bc591a54c2b2dac948ceae6e99569be4fc8a8a7abdb710,"[""R2_UM_V2_DEPTH_42_selected""]","{""model"": ""UM_V2_DEPTH"", ""seed"": 42, ""source_job"": ""R2_UM_V2_DEPTH_42_selected""}"
R3_UM_V2_DEPTH_42_selected,a5000,fit,30,gpu,49a903915467a3696a76faeddf8b4b6bc6f3f7a83b9045eb37fe15cb56aa8ed3,"[""select_UM_V2_DEPTH""]","{""family"": ""rolling"", ""fold"": ""R3"", ""model"": ""UM_V2_DEPTH"", ""seed"": 42, ""select_from"": ""select_UM_V2_DEPTH""}"
analyze_R3_UM_V2_DEPTH_42_selected,a5000,analysis,31,cpu,9ef8d0ca0f32798c0ce0eeec15719588fb53a9dd12a8a94dbf1c8b35d7c6c238,"[""R3_UM_V2_DEPTH_42_selected""]","{""model"": ""UM_V2_DEPTH"", ""seed"": 42, ""source_job"": ""R3_UM_V2_DEPTH_42_selected""}"
R1_UM_V2_DEPTH_7,a5000,rolling_reuse,30,cpu,a812d891c55ffe584c4fbb63b0ce4dfc2ee779f5731a331b27b5e49447095e99,"[""main_UM_V2_DEPTH_7_selected""]","{""fold"": ""R1"", ""model"": ""UM_V2_DEPTH"", ""seed"": 7, ""source_job"": ""main_UM_V2_DEPTH_7_selected""}"
R2_UM_V2_DEPTH_7_selected,a5000,fit,30,gpu,e01cef9bb77726e4faf846943bd7ffa30e28430db907acf2c2e5d8a46b2859db,"[""select_UM_V2_DEPTH""]","{""family"": ""rolling"", ""fold"": ""R2"", ""model"": ""UM_V2_DEPTH"", ""seed"": 7, ""select_from"": ""select_UM_V2_DEPTH""}"
analyze_R2_UM_V2_DEPTH_7_selected,a5000,analysis,31,cpu,28a79288e2cf0856b830a68af4547e563dfae6403edcad54b1b79e279afaa076,"[""R2_UM_V2_DEPTH_7_selected""]","{""model"": ""UM_V2_DEPTH"", ""seed"": 7, ""source_job"": ""R2_UM_V2_DEPTH_7_selected""}"
R3_UM_V2_DEPTH_7_selected,a5000,fit,30,gpu,7f6d339f0042bdf3ca55d4ec947f8c9cd7d40744849b206d1dad36094038f37f,"[""select_UM_V2_DEPTH""]","{""family"": ""rolling"", ""fold"": ""R3"", ""model"": ""UM_V2_DEPTH"", ""seed"": 7, ""select_from"": ""select_UM_V2_DEPTH""}"
analyze_R3_UM_V2_DEPTH_7_selected,a5000,analysis,31,cpu,71bc471895f9de8f6c817b1f8052da65b61cfbd6a598acd6ac5a17c98c923172,"[""R3_UM_V2_DEPTH_7_selected""]","{""model"": ""UM_V2_DEPTH"", ""seed"": 7, ""source_job"": ""R3_UM_V2_DEPTH_7_selected""}"
R1_UM_V2_DEPTH_123,a5000,rolling_reuse,30,cpu,03b5ae6a46fb7c36baed668c1e3dd742ac867754b1e6d0b4c40684188eadd527,"[""main_UM_V2_DEPTH_123_selected""]","{""fold"": ""R1"", ""model"": ""UM_V2_DEPTH"", ""seed"": 123, ""source_job"": ""main_UM_V2_DEPTH_123_selected""}"
R2_UM_V2_DEPTH_123_selected,a5000,fit,30,gpu,1b622dc6b829fa37791be1a3bb5f68fdf6e4f3747f79e239ce3b3d3c32012326,"[""select_UM_V2_DEPTH""]","{""family"": ""rolling"", ""fold"": ""R2"", ""model"": ""UM_V2_DEPTH"", ""seed"": 123, ""select_from"": ""select_UM_V2_DEPTH""}"
analyze_R2_UM_V2_DEPTH_123_selected,a5000,analysis,31,cpu,4a72106bf4ae6a222f28fd452d731e6e80877c0663d3897054463a93a5537c75,"[""R2_UM_V2_DEPTH_123_selected""]","{""model"": ""UM_V2_DEPTH"", ""seed"": 123, ""source_job"": ""R2_UM_V2_DEPTH_123_selected""}"
R3_UM_V2_DEPTH_123_selected,a5000,fit,30,gpu,f1d6b734e320df0f36faff8aebf3a721b110d02aa64824b69cca59565fddcd5e,"[""select_UM_V2_DEPTH""]","{""family"": ""rolling"", ""fold"": ""R3"", ""model"": ""UM_V2_DEPTH"", ""seed"": 123, ""select_from"": ""select_UM_V2_DEPTH""}"
analyze_R3_UM_V2_DEPTH_123_selected,a5000,analysis,31,cpu,53d7b9ff4807ee4d1ab362a9ddd447337f70f4ae18f877401b4d8bde9af026e9,"[""R3_UM_V2_DEPTH_123_selected""]","{""model"": ""UM_V2_DEPTH"", ""seed"": 123, ""source_job"": ""R3_UM_V2_DEPTH_123_selected""}"
main_UX_42_000500,a5000,fit,10,gpu,ea5159acb1776e1b1995350a061fc84707fcabf1baa1208c1c69d79653264a07,"[""gate_a5000""]","{""family"": ""lr_search"", ""fold"": ""main"", ""lr"": 5e-05, ""model"": ""UX"", ""seed"": 42}"
main_UX_42_001000,a5000,fit,10,gpu,cd6b9190c03d0d7accdd1e915d5236babe0900392b7130a372c590af35af774d,"[""gate_a5000""]","{""family"": ""lr_search"", ""fold"": ""main"", ""lr"": 0.0001, ""model"": ""UX"", ""seed"": 42}"
main_UX_42_002000,a5000,fit,10,gpu,bfb81ab47480d306e688daddf5e016b727c57b3bca52731e69239f2a544a33fe,"[""gate_a5000""]","{""family"": ""lr_search"", ""fold"": ""main"", ""lr"": 0.0002, ""model"": ""UX"", ""seed"": 42}"
main_UX_42_004000,a5000,fit,10,gpu,fabadbf704113bec0cb36dc0b680136aaeabd578871ea692daf2db457838f983,"[""gate_a5000""]","{""family"": ""lr_search"", ""fold"": ""main"", ""lr"": 0.0004, ""model"": ""UX"", ""seed"": 42}"
select_UX,a5000,select,10,cpu,dcd07a4dd10856b895085bac2b11d9d66209e65292116cfb33fc0b8177aa117a,"[""main_UX_42_000500"", ""main_UX_42_001000"", ""main_UX_42_002000"", ""main_UX_42_004000""]","{""model"": ""UX"", ""trials"": [""main_UX_42_000500"", ""main_UX_42_001000"", ""main_UX_42_002000"", ""main_UX_42_004000""]}"
selected_UX_42,a5000,alias,10,cpu,853d5d700c415e471e6ceaa054e838b005d4a66ff3548cbe385aeba9c0c7a261,"[""select_UX""]","{""family"": ""selected"", ""fold"": ""main"", ""model"": ""UX"", ""seed"": 42, ""select_from"": ""select_UX""}"
main_UX_7_selected,a5000,fit,10,gpu,9f5f903145253f8e00d2f6980266737e91252c7d55c3c25c44e78414ad8b5cf5,"[""select_UX""]","{""family"": ""selected"", ""fold"": ""main"", ""model"": ""UX"", ""seed"": 7, ""select_from"": ""select_UX""}"
main_UX_123_selected,a5000,fit,10,gpu,193e4b5ac5c66cca29aa9419d1ab4aea1d6e3c22a1f134c32900de69be6abcf2,"[""select_UX""]","{""family"": ""selected"", ""fold"": ""main"", ""model"": ""UX"", ""seed"": 123, ""select_from"": ""select_UX""}"
analyze_UX_42,a5000,analysis,11,cpu,0c07cfbba3a133f29713ff5ec47ad97798fe41ec344a4f462c20f1abb34b6383,"[""selected_UX_42""]","{""model"": ""UX"", ""seed"": 42, ""source_job"": ""selected_UX_42""}"
analyze_UX_7,a5000,analysis,11,cpu,5213e851e72945fbc0ad45f1addbe1bd38897969d949df8d2d08e760ec11d644,"[""main_UX_7_selected""]","{""model"": ""UX"", ""seed"": 7, ""source_job"": ""main_UX_7_selected""}"
analyze_UX_123,a5000,analysis,11,cpu,54aa23804c75e378902d498822f124b63bafb520a4279755a7315ca249f5be86,"[""main_UX_123_selected""]","{""model"": ""UX"", ""seed"": 123, ""source_job"": ""main_UX_123_selected""}"
main_GRU_U1_42_000500,a5000,fit,10,gpu,96420c13f4118a366cccacd85548ac0a907621ebe16badbe5394a7be38312cdc,"[""gate_a5000""]","{""family"": ""lr_search"", ""fold"": ""main"", ""lr"": 5e-05, ""model"": ""GRU_U1"", ""seed"": 42}"
main_GRU_U1_42_001000,a5000,fit,10,gpu,5fdeedecf4791050aaead503068eb5ff9fd4553d359320d8fe2b020de4e2df77,"[""gate_a5000""]","{""family"": ""lr_search"", ""fold"": ""main"", ""lr"": 0.0001, ""model"": ""GRU_U1"", ""seed"": 42}"
main_GRU_U1_42_002000,a5000,fit,10,gpu,fe57d329a72f9413e33e3106e68e1dfb47f35d56ae284b9b93594b29eb450ffd,"[""gate_a5000""]","{""family"": ""lr_search"", ""fold"": ""main"", ""lr"": 0.0002, ""model"": ""GRU_U1"", ""seed"": 42}"
main_GRU_U1_42_004000,a5000,fit,10,gpu,363fab89154a91de17c2c49304223b7451c0e8087b4e644075ba22b1190b0b90,"[""gate_a5000""]","{""family"": ""lr_search"", ""fold"": ""main"", ""lr"": 0.0004, ""model"": ""GRU_U1"", ""seed"": 42}"
select_GRU_U1,a5000,select,10,cpu,eea7be341ddddf92d0713fa0a83aef0d94c9561cbf19c46aa881f592956f06dc,"[""main_GRU_U1_42_000500"", ""main_GRU_U1_42_001000"", ""main_GRU_U1_42_002000"", ""main_GRU_U1_42_004000""]","{""model"": ""GRU_U1"", ""trials"": [""main_GRU_U1_42_000500"", ""main_GRU_U1_42_001000"", ""main_GRU_U1_42_002000"", ""main_GRU_U1_42_004000""]}"
selected_GRU_U1_42,a5000,alias,10,cpu,feb6cbb15b830f9bac3a24ccac0f9a60643b6d256521758856f8a216ac6e8bc1,"[""select_GRU_U1""]","{""family"": ""selected"", ""fold"": ""main"", ""model"": ""GRU_U1"", ""seed"": 42, ""select_from"": ""select_GRU_U1""}"
main_GRU_U1_7_selected,a5000,fit,10,gpu,f2f5f3c2f6c557b3b28304af448ae1bce887ce6ad0866d58ecfccb8410f0956a,"[""select_GRU_U1""]","{""family"": ""selected"", ""fold"": ""main"", ""model"": ""GRU_U1"", ""seed"": 7, ""select_from"": ""select_GRU_U1""}"
main_GRU_U1_123_selected,a5000,fit,10,gpu,c31fb5bbd3e806c0150236479aa974614672aad8cacff0a8ff5b646df73e8542,"[""select_GRU_U1""]","{""family"": ""selected"", ""fold"": ""main"", ""model"": ""GRU_U1"", ""seed"": 123, ""select_from"": ""select_GRU_U1""}"
analyze_GRU_U1_42,a5000,analysis,11,cpu,951db03819db51575b5ad9ddece1445497224ea9562f6a2cf068a1d3062c0996,"[""selected_GRU_U1_42""]","{""model"": ""GRU_U1"", ""seed"": 42, ""source_job"": ""selected_GRU_U1_42""}"
analyze_GRU_U1_7,a5000,analysis,11,cpu,b3fc24c4f975d10d618c60e23fc08bc533aa0088be04a2990afd2a929de74811,"[""main_GRU_U1_7_selected""]","{""model"": ""GRU_U1"", ""seed"": 7, ""source_job"": ""main_GRU_U1_7_selected""}"
analyze_GRU_U1_123,a5000,analysis,11,cpu,71521dedc942c4234e3cfec97229fc2c7ce84c70d26871d3eee530ec2e369e5e,"[""main_GRU_U1_123_selected""]","{""model"": ""GRU_U1"", ""seed"": 123, ""source_job"": ""main_GRU_U1_123_selected""}"
main_SHARED_QUERY_42_000500,rtx3090,fit,20,gpu,267bb5213af567af3e283e11f4d874715bdecded1b540b126ee314d024b9840d,"[""gate_rtx3090""]","{""family"": ""lr_search"", ""fold"": ""main"", ""lr"": 5e-05, ""model"": ""SHARED_QUERY"", ""seed"": 42}"
main_SHARED_QUERY_42_001000,rtx3090,fit,20,gpu,aa420ea6f933f9d43c0f484e78bcf47cf6fa400a14616ff0a2796534ee3c3071,"[""gate_rtx3090""]","{""family"": ""lr_search"", ""fold"": ""main"", ""lr"": 0.0001, ""model"": ""SHARED_QUERY"", ""seed"": 42}"
main_SHARED_QUERY_42_002000,rtx3090,fit,20,gpu,ec1185aee00191bf4ec5b60efdcdd6adac41ecbe7dfa63b510d563fbb037cc7d,"[""gate_rtx3090""]","{""family"": ""lr_search"", ""fold"": ""main"", ""lr"": 0.0002, ""model"": ""SHARED_QUERY"", ""seed"": 42}"
main_SHARED_QUERY_42_004000,rtx3090,fit,20,gpu,061db65a47e537f951242bafae0dcd7eee7e2694809ea7a12e9f27d094b13746,"[""gate_rtx3090""]","{""family"": ""lr_search"", ""fold"": ""main"", ""lr"": 0.0004, ""model"": ""SHARED_QUERY"", ""seed"": 42}"
select_SHARED_QUERY,rtx3090,select,20,cpu,809918c3c9f576ca5411149e4fac94f48c5ea0076d97249196bb1b4127a8bd45,"[""main_SHARED_QUERY_42_000500"", ""main_SHARED_QUERY_42_001000"", ""main_SHARED_QUERY_42_002000"", ""main_SHARED_QUERY_42_004000""]","{""model"": ""SHARED_QUERY"", ""trials"": [""main_SHARED_QUERY_42_000500"", ""main_SHARED_QUERY_42_001000"", ""main_SHARED_QUERY_42_002000"", ""main_SHARED_QUERY_42_004000""]}"
selected_SHARED_QUERY_42,rtx3090,alias,20,cpu,b13eb57b71aa89b829733679ae9a1328ccf3ac91f534a046cc273f9b7ce977c3,"[""select_SHARED_QUERY""]","{""family"": ""selected"", ""fold"": ""main"", ""model"": ""SHARED_QUERY"", ""seed"": 42, ""select_from"": ""select_SHARED_QUERY""}"
main_SHARED_QUERY_7_selected,rtx3090,fit,20,gpu,6d9c13ce3665489471a366826ca0143ba4e16b3b9572fe3a1eadf94cebc1faa3,"[""select_SHARED_QUERY""]","{""family"": ""selected"", ""fold"": ""main"", ""model"": ""SHARED_QUERY"", ""seed"": 7, ""select_from"": ""select_SHARED_QUERY""}"
main_SHARED_QUERY_123_selected,rtx3090,fit,20,gpu,999cd660de39faba27661f90c12ce6eec6107f2158c4286c4cea6977c541ca49,"[""select_SHARED_QUERY""]","{""family"": ""selected"", ""fold"": ""main"", ""model"": ""SHARED_QUERY"", ""seed"": 123, ""select_from"": ""select_SHARED_QUERY""}"
analyze_SHARED_QUERY_42,rtx3090,analysis,21,cpu,ea43c78094a01741707b8bc35547e70e66ece267bd9c66027ee1e0c077120b7a,"[""selected_SHARED_QUERY_42""]","{""model"": ""SHARED_QUERY"", ""seed"": 42, ""source_job"": ""selected_SHARED_QUERY_42""}"
analyze_SHARED_QUERY_7,rtx3090,analysis,21,cpu,d54e15a221e4fd75cc428cfd92f0b2e4010df7f37d5959a024274dc9f97f6bc3,"[""main_SHARED_QUERY_7_selected""]","{""model"": ""SHARED_QUERY"", ""seed"": 7, ""source_job"": ""main_SHARED_QUERY_7_selected""}"
analyze_SHARED_QUERY_123,rtx3090,analysis,21,cpu,77057c31ac8ddda5a6158424c635b6e391b24b9ae48d84e932cd967b64fc501f,"[""main_SHARED_QUERY_123_selected""]","{""model"": ""SHARED_QUERY"", ""seed"": 123, ""source_job"": ""main_SHARED_QUERY_123_selected""}"
main_U0_42_000500,a5000,fit,50,gpu,4bca5bf48e44d92b76c7db682d1e974831744e66a8ea5fa81e8e6e3e6f59cf4a,"[""gate_a5000""]","{""family"": ""lr_search"", ""fold"": ""main"", ""lr"": 5e-05, ""model"": ""U0"", ""seed"": 42}"
main_U0_42_001000,a5000,fit,50,gpu,b7e3fb11001aead48d45d1f1d959934eb4fe2f2e38a411b8bb789fd2f278c4f5,"[""gate_a5000""]","{""family"": ""lr_search"", ""fold"": ""main"", ""lr"": 0.0001, ""model"": ""U0"", ""seed"": 42}"
main_U0_42_002000,a5000,fit,50,gpu,f7d7fab93c78255ab3ca3bcd4db8694b7200bb2dc9f4ea21951fa69547dba6eb,"[""gate_a5000""]","{""family"": ""lr_search"", ""fold"": ""main"", ""lr"": 0.0002, ""model"": ""U0"", ""seed"": 42}"
main_U0_42_004000,a5000,fit,50,gpu,d80ec9738eba1ff4ce4fa0374d15c2122c014f4e97ca6483141aae59d86b97d6,"[""gate_a5000""]","{""family"": ""lr_search"", ""fold"": ""main"", ""lr"": 0.0004, ""model"": ""U0"", ""seed"": 42}"
select_U0,a5000,select,50,cpu,546701d479825fd6f01cd4e14d738d582c874fe09c408009b4a1c3a99e37247c,"[""main_U0_42_000500"", ""main_U0_42_001000"", ""main_U0_42_002000"", ""main_U0_42_004000""]","{""model"": ""U0"", ""trials"": [""main_U0_42_000500"", ""main_U0_42_001000"", ""main_U0_42_002000"", ""main_U0_42_004000""]}"
selected_U0_42,a5000,alias,50,cpu,b4a93aea5895e8e5cb146c23e0997b2b776048c50798f662ed320e6fed6d2237,"[""select_U0""]","{""family"": ""selected"", ""fold"": ""main"", ""model"": ""U0"", ""seed"": 42, ""select_from"": ""select_U0""}"
main_U0_7_selected,a5000,fit,50,gpu,bba6c58817b0e3bb938699329421ea8df06ca1ecf97cefada7274f4d1e658713,"[""select_U0""]","{""family"": ""selected"", ""fold"": ""main"", ""model"": ""U0"", ""seed"": 7, ""select_from"": ""select_U0""}"
main_U0_123_selected,a5000,fit,50,gpu,003d74a9783dd6d2c1ae68d36f7f0a6450477ad70d59b40f2a674f4465d5023c,"[""select_U0""]","{""family"": ""selected"", ""fold"": ""main"", ""model"": ""U0"", ""seed"": 123, ""select_from"": ""select_U0""}"
analyze_U0_42,a5000,analysis,51,cpu,382e2d239229bbb3af2d7ecf347e73aca1755c03ad71fb8de739494aef226389,"[""selected_U0_42""]","{""model"": ""U0"", ""seed"": 42, ""source_job"": ""selected_U0_42""}"
analyze_U0_7,a5000,analysis,51,cpu,3d5045fdf4f07fbbfa1b6c81802cd060eeec0b654970821cfbe65f935e528bc6,"[""main_U0_7_selected""]","{""model"": ""U0"", ""seed"": 7, ""source_job"": ""main_U0_7_selected""}"
analyze_U0_123,a5000,analysis,51,cpu,9a42287bb532db39d91c5d965cb3be69cd6b3b5190bc98ddc4a7902a4f67da3f,"[""main_U0_123_selected""]","{""model"": ""U0"", ""seed"": 123, ""source_job"": ""main_U0_123_selected""}"
fixed_U0_42,a5000,alias,50,cpu,63e49bb1f31f190fd26146a9357d488b0206417eda35640c760e34f8d5c3a3dc,"[""main_U0_42_001000""]","{""family"": ""fixed"", ""model"": ""U0"", ""seed"": 42, ""source_job"": ""main_U0_42_001000""}"
fixed_U0_7,a5000,fixed_or_alias,50,gpu,083a4516a6ac22bd2bdf8a90a3a9d5c96c8898133e4568f8d083af15430e2ec0,"[""main_U0_7_selected""]","{""family"": ""fixed"", ""fold"": ""main"", ""lr"": 0.0001, ""model"": ""U0"", ""seed"": 7, ""source_job"": ""main_U0_7_selected""}"
fixed_U0_123,a5000,fixed_or_alias,50,gpu,1ec4b9b6d100ae34be93db178903d6096095f79dd0e9b59d8e9c89ff1508024d,"[""main_U0_123_selected""]","{""family"": ""fixed"", ""fold"": ""main"", ""lr"": 0.0001, ""model"": ""U0"", ""seed"": 123, ""source_job"": ""main_U0_123_selected""}"
main_TLOB_ADAPTED_42_000500,a5000,fit,40,gpu,80ac73944648e1db3af21bf7a80a58d97fb89c1fcddfdb9672784cc04238babe,"[""gate_a5000"", ""adapter_TLOB_ADAPTED""]","{""family"": ""lr_search"", ""fold"": ""main"", ""lr"": 5e-05, ""model"": ""TLOB_ADAPTED"", ""seed"": 42}"
main_TLOB_ADAPTED_42_001000,a5000,fit,40,gpu,434bf74f33b397e27ee570a282db6efa79f57a20c9a8273630f28b04718755ac,"[""gate_a5000"", ""adapter_TLOB_ADAPTED""]","{""family"": ""lr_search"", ""fold"": ""main"", ""lr"": 0.0001, ""model"": ""TLOB_ADAPTED"", ""seed"": 42}"
main_TLOB_ADAPTED_42_002000,a5000,fit,40,gpu,b4cd77107ab85a16d914d0bd3ebfead1ef763981379dc738f125c66f9f2a9d67,"[""gate_a5000"", ""adapter_TLOB_ADAPTED""]","{""family"": ""lr_search"", ""fold"": ""main"", ""lr"": 0.0002, ""model"": ""TLOB_ADAPTED"", ""seed"": 42}"
main_TLOB_ADAPTED_42_004000,a5000,fit,40,gpu,bf312004076fa7fe55f275ead7aea022cb76feaae21f4e77772fa063c13cb876,"[""gate_a5000"", ""adapter_TLOB_ADAPTED""]","{""family"": ""lr_search"", ""fold"": ""main"", ""lr"": 0.0004, ""model"": ""TLOB_ADAPTED"", ""seed"": 42}"
select_TLOB_ADAPTED,a5000,select,40,cpu,779a36d8dc2349ed06b9dd286ef23ce603778969a93fd97c7e9b1163725e6df9,"[""main_TLOB_ADAPTED_42_000500"", ""main_TLOB_ADAPTED_42_001000"", ""main_TLOB_ADAPTED_42_002000"", ""main_TLOB_ADAPTED_42_004000""]","{""model"": ""TLOB_ADAPTED"", ""trials"": [""main_TLOB_ADAPTED_42_000500"", ""main_TLOB_ADAPTED_42_001000"", ""main_TLOB_ADAPTED_42_002000"", ""main_TLOB_ADAPTED_42_004000""]}"
selected_TLOB_ADAPTED_42,a5000,alias,40,cpu,cd852c7279dbf8a848426cbd88c4fdd083bb9b87a1b9c2a861da895144505cab,"[""select_TLOB_ADAPTED""]","{""family"": ""selected"", ""fold"": ""main"", ""model"": ""TLOB_ADAPTED"", ""seed"": 42, ""select_from"": ""select_TLOB_ADAPTED""}"
main_TLOB_ADAPTED_7_selected,a5000,fit,40,gpu,074152b920887ab349142a9fc41148340c394ea453464969f0d867561af80803,"[""select_TLOB_ADAPTED""]","{""family"": ""selected"", ""fold"": ""main"", ""model"": ""TLOB_ADAPTED"", ""seed"": 7, ""select_from"": ""select_TLOB_ADAPTED""}"
main_TLOB_ADAPTED_123_selected,a5000,fit,40,gpu,2d2cabcdfa53d69a1608a29a5ed088d7e4d6237f230c7bf677d7ff2df896edc3,"[""select_TLOB_ADAPTED""]","{""family"": ""selected"", ""fold"": ""main"", ""model"": ""TLOB_ADAPTED"", ""seed"": 123, ""select_from"": ""select_TLOB_ADAPTED""}"
analyze_TLOB_ADAPTED_42,a5000,analysis,41,cpu,6ea5431f473b6397139471053780258d39b6ba0604a2a807589456047a5b92dd,"[""selected_TLOB_ADAPTED_42""]","{""model"": ""TLOB_ADAPTED"", ""seed"": 42, ""source_job"": ""selected_TLOB_ADAPTED_42""}"
analyze_TLOB_ADAPTED_7,a5000,analysis,41,cpu,f67dfdff7ca78b529334ce3a76508e2a484165f9c275a9c80d9d34f0e1bb0a75,"[""main_TLOB_ADAPTED_7_selected""]","{""model"": ""TLOB_ADAPTED"", ""seed"": 7, ""source_job"": ""main_TLOB_ADAPTED_7_selected""}"
analyze_TLOB_ADAPTED_123,a5000,analysis,41,cpu,a5ce3a4452262a2370592fe7757a69f05c898170b9c6ef12bdd20205b642049e,"[""main_TLOB_ADAPTED_123_selected""]","{""model"": ""TLOB_ADAPTED"", ""seed"": 123, ""source_job"": ""main_TLOB_ADAPTED_123_selected""}"
main_S_42_001000_KR7000030007_t,a5000,fit,50,gpu,ad6d39ce3597e0d1b9fbce1adc0e8fa518bbbeaefcd5c6b4eb553bfcfd1aea6a,"[""gate_a5000""]","{""asset"": ""KR7000030007_t"", ""family"": ""fixed"", ""fold"": ""main"", ""lr"": 0.0001, ""model"": ""S"", ""seed"": 42}"
main_S_42_001000_KR7000100008_t,a5000,fit,50,gpu,40496c563f2bb92bfc7da32b57414ad59adc8fba722377bd2ad40f76dc55d931,"[""gate_a5000""]","{""asset"": ""KR7000100008_t"", ""family"": ""fixed"", ""fold"": ""main"", ""lr"": 0.0001, ""model"": ""S"", ""seed"": 42}"
main_S_42_001000_KR7000120006_t,a5000,fit,50,gpu,6de69f84dac7e2e4f6a2936b8a10cf17a440627a5799e3b724ee3da1245dbe75,"[""gate_a5000""]","{""asset"": ""KR7000120006_t"", ""family"": ""fixed"", ""fold"": ""main"", ""lr"": 0.0001, ""model"": ""S"", ""seed"": 42}"
main_S_42_001000_KR7000150003_t,a5000,fit,50,gpu,917f2434a9b73a3a53cc2885a676b582c4971fe9c1729dc2fd6af11c53f46acb,"[""gate_a5000""]","{""asset"": ""KR7000150003_t"", ""family"": ""fixed"", ""fold"": ""main"", ""lr"": 0.0001, ""model"": ""S"", ""seed"": 42}"
main_S_42_001000_KR7000270009_t,a5000,fit,50,gpu,2e158656c73cea7b88b060cacd07337b6f8aa18a2779500755b422da48b57483,"[""gate_a5000""]","{""asset"": ""KR7000270009_t"", ""family"": ""fixed"", ""fold"": ""main"", ""lr"": 0.0001, ""model"": ""S"", ""seed"": 42}"
main_S_42_001000_KR7000660001_t,a5000,fit,50,gpu,7c7e2a3ed84ef8ce41ed8cdd67d74856e2f772c9af88b729e008df912f3fe03d,"[""gate_a5000""]","{""asset"": ""KR7000660001_t"", ""family"": ""fixed"", ""fold"": ""main"", ""lr"": 0.0001, ""model"": ""S"", ""seed"": 42}"
main_S_42_001000_KR7000720003_t,a5000,fit,50,gpu,a2499b81145511cb493c867c6274a57ff732e38f0de95c064bd58b850facba17,"[""gate_a5000""]","{""asset"": ""KR7000720003_t"", ""family"": ""fixed"", ""fold"": ""main"", ""lr"": 0.0001, ""model"": ""S"", ""seed"": 42}"
main_S_42_001000_KR7000810002_t,a5000,fit,50,gpu,e41078b114682ff52eb6d012e4f0b27dcc91774978ec7e6569d8252b6ec17963,"[""gate_a5000""]","{""asset"": ""KR7000810002_t"", ""family"": ""fixed"", ""fold"": ""main"", ""lr"": 0.0001, ""model"": ""S"", ""seed"": 42}"
main_S_42_001000_KR7001040005_t,a5000,fit,50,gpu,45396f0b07ffd6124c94f2a694a4556c5da27df2670b38552d79726903a9a33d,"[""gate_a5000""]","{""asset"": ""KR7001040005_t"", ""family"": ""fixed"", ""fold"": ""main"", ""lr"": 0.0001, ""model"": ""S"", ""seed"": 42}"
main_S_42_001000_KR7001450006_t,a5000,fit,50,gpu,8e48d8fe6f9f733b161eb5971c16c0d723a91508d73513c8921890bfc7059b7b,"[""gate_a5000""]","{""asset"": ""KR7001450006_t"", ""family"": ""fixed"", ""fold"": ""main"", ""lr"": 0.0001, ""model"": ""S"", ""seed"": 42}"
main_S_42_001000_KR7002380004_t,a5000,fit,50,gpu,98880a5a7f1ee70c0c9d72ba211a0c2675403f6c9da828cc88ec2711332b01ce,"[""gate_a5000""]","{""asset"": ""KR7002380004_t"", ""family"": ""fixed"", ""fold"": ""main"", ""lr"": 0.0001, ""model"": ""S"", ""seed"": 42}"
main_S_42_001000_KR7002550002_t,a5000,fit,50,gpu,cdb570705f3eeb1bfb98c7379de466f77631b1eb097e3d3b39a59c2d71cad1db,"[""gate_a5000""]","{""asset"": ""KR7002550002_t"", ""family"": ""fixed"", ""fold"": ""main"", ""lr"": 0.0001, ""model"": ""S"", ""seed"": 42}"
main_S_42_001000_KR7002790004_t,a5000,fit,50,gpu,b6058efea195e14c7990a08659a6da0a1e85f68d758a9126a63ef4d6535dcabe,"[""gate_a5000""]","{""asset"": ""KR7002790004_t"", ""family"": ""fixed"", ""fold"": ""main"", ""lr"": 0.0001, ""model"": ""S"", ""seed"": 42}"
main_S_42_001000_KR7003550001_t,a5000,fit,50,gpu,16ad952b2939b8a75b9b7fc59456a0f767ba08365ecefe94e5b358c999cc8b95,"[""gate_a5000""]","{""asset"": ""KR7003550001_t"", ""family"": ""fixed"", ""fold"": ""main"", ""lr"": 0.0001, ""model"": ""S"", ""seed"": 42}"
main_S_42_001000_KR7004020004_t,a5000,fit,50,gpu,c3bb42d5b2158950dbad0186426a8f0f83f3293d2c366ce2140b7d176274edbb,"[""gate_a5000""]","{""asset"": ""KR7004020004_t"", ""family"": ""fixed"", ""fold"": ""main"", ""lr"": 0.0001, ""model"": ""S"", ""seed"": 42}"
main_S_42_001000_KR7004170007_t,a5000,fit,50,gpu,0dc83132cc9823939fe0b90feda3c3462159bcf9c7a2b1ea3525304c9501cc2d,"[""gate_a5000""]","{""asset"": ""KR7004170007_t"", ""family"": ""fixed"", ""fold"": ""main"", ""lr"": 0.0001, ""model"": ""S"", ""seed"": 42}"
main_S_42_001000_KR7005300009_t,a5000,fit,50,gpu,0a2ae0afd87bc3872ad271d864565722b01ee7d5d6af739030a27df90707bcaf,"[""gate_a5000""]","{""asset"": ""KR7005300009_t"", ""family"": ""fixed"", ""fold"": ""main"", ""lr"": 0.0001, ""model"": ""S"", ""seed"": 42}"
main_S_42_001000_KR7005380001_t,a5000,fit,50,gpu,4291090c3f9ad2716cc16806296d727f59f4dd4530d96f4bf454e42c9c11b1a3,"[""gate_a5000""]","{""asset"": ""KR7005380001_t"", ""family"": ""fixed"", ""fold"": ""main"", ""lr"": 0.0001, ""model"": ""S"", ""seed"": 42}"
main_S_42_001000_KR7005440003_t,a5000,fit,50,gpu,44b18f02e594f59796b2ce146b699cba4f1a34e809b5c35a80259d09f5cd9312,"[""gate_a5000""]","{""asset"": ""KR7005440003_t"", ""family"": ""fixed"", ""fold"": ""main"", ""lr"": 0.0001, ""model"": ""S"", ""seed"": 42}"
main_S_42_001000_KR7005490008_t,a5000,fit,50,gpu,8f491b573cd347c71222da2e3fc06783caeb9d3fbfbbb886bb05afeddf84c90a,"[""gate_a5000""]","{""asset"": ""KR7005490008_t"", ""family"": ""fixed"", ""fold"": ""main"", ""lr"": 0.0001, ""model"": ""S"", ""seed"": 42}"
main_S_42_001000_KR7005830005_t,a5000,fit,50,gpu,e521563832c50551e9a123048aefa764220db70bf845ba26d5921f08309720c5,"[""gate_a5000""]","{""asset"": ""KR7005830005_t"", ""family"": ""fixed"", ""fold"": ""main"", ""lr"": 0.0001, ""model"": ""S"", ""seed"": 42}"
main_S_42_001000_KR7005930003_t,a5000,fit,50,gpu,7b60bd58ebf4e5dc578b1d12155df79c9edd214b406066ed0b6791eff04be66f,"[""gate_a5000""]","{""asset"": ""KR7005930003_t"", ""family"": ""fixed"", ""fold"": ""main"", ""lr"": 0.0001, ""model"": ""S"", ""seed"": 42}"
main_S_42_001000_KR7006400006_t,a5000,fit,50,gpu,3d132e7b4408c436ec605aa92392a31bd38d4bce7eb7f0177f07996b6d35b330,"[""gate_a5000""]","{""asset"": ""KR7006400006_t"", ""family"": ""fixed"", ""fold"": ""main"", ""lr"": 0.0001, ""model"": ""S"", ""seed"": 42}"
main_S_42_001000_KR7006800007_t,a5000,fit,50,gpu,a694cf03c0430bf044d6daa4214b0c5432869615be64921dade8d516aed89a13,"[""gate_a5000""]","{""asset"": ""KR7006800007_t"", ""family"": ""fixed"", ""fold"": ""main"", ""lr"": 0.0001, ""model"": ""S"", ""seed"": 42}"
main_S_42_001000_KR7007070006_t,a5000,fit,50,gpu,44145d5020c4dbce838e2c3c613dae5548b8abc29bd7c63c271e303e85092c5b,"[""gate_a5000""]","{""asset"": ""KR7007070006_t"", ""family"": ""fixed"", ""fold"": ""main"", ""lr"": 0.0001, ""model"": ""S"", ""seed"": 42}"
main_S_42_001000_KR7008770000_t,a5000,fit,50,gpu,7c13d6ef387168c3b29bc71ee2c2d07887aa5c055119c628ea2fb7d51133c743,"[""gate_a5000""]","{""asset"": ""KR7008770000_t"", ""family"": ""fixed"", ""fold"": ""main"", ""lr"": 0.0001, ""model"": ""S"", ""seed"": 42}"
main_S_42_001000_KR7009150004_t,a5000,fit,50,gpu,27c7919f54604111d082846615d255f2ee04a58d5fd6342e67529b33e85781f2,"[""gate_a5000""]","{""asset"": ""KR7009150004_t"", ""family"": ""fixed"", ""fold"": ""main"", ""lr"": 0.0001, ""model"": ""S"", ""seed"": 42}"
pool_S_42,a5000,pool,51,cpu,4a9c09b3a282d95f488ebb9b5313adacf72f263cdf8f0359d38150b53ba763ac,"[""main_S_42_001000_KR7000030007_t"", ""main_S_42_001000_KR7000100008_t"", ""main_S_42_001000_KR7000120006_t"", ""main_S_42_001000_KR7000150003_t"", ""main_S_42_001000_KR7000270009_t"", ""main_S_42_001000_KR7000660001_t"", ""main_S_42_001000_KR7000720003_t"", ""main_S_42_001000_KR7000810002_t"", ""main_S_42_001000_KR7001040005_t"", ""main_S_42_001000_KR7001450006_t"", ""main_S_42_001000_KR7002380004_t"", ""main_S_42_001000_KR7002550002_t"", ""main_S_42_001000_KR7002790004_t"", ""main_S_42_001000_KR7003550001_t"", ""main_S_42_001000_KR7004020004_t"", ""main_S_42_001000_KR7004170007_t"", ""main_S_42_001000_KR7005300009_t"", ""main_S_42_001000_KR7005380001_t"", ""main_S_42_001000_KR7005440003_t"", ""main_S_42_001000_KR7005490008_t"", ""main_S_42_001000_KR7005830005_t"", ""main_S_42_001000_KR7005930003_t"", ""main_S_42_001000_KR7006400006_t"", ""main_S_42_001000_KR7006800007_t"", ""main_S_42_001000_KR7007070006_t"", ""main_S_42_001000_KR7008770000_t"", ""main_S_42_001000_KR7009150004_t"", ""fixed_U0_42"", ""fixed_U1_42""]","{""fixed_jobs"": {""U0"": ""fixed_U0_42"", ""U1"": ""fixed_U1_42""}, ""model"": ""S"", ""seed"": 42, ""source_jobs"": [""main_S_42_001000_KR7000030007_t"", ""main_S_42_001000_KR7000100008_t"", ""main_S_42_001000_KR7000120006_t"", ""main_S_42_001000_KR7000150003_t"", ""main_S_42_001000_KR7000270009_t"", ""main_S_42_001000_KR7000660001_t"", ""main_S_42_001000_KR7000720003_t"", ""main_S_42_001000_KR7000810002_t"", ""main_S_42_001000_KR7001040005_t"", ""main_S_42_001000_KR7001450006_t"", ""main_S_42_001000_KR7002380004_t"", ""main_S_42_001000_KR7002550002_t"", ""main_S_42_001000_KR7002790004_t"", ""main_S_42_001000_KR7003550001_t"", ""main_S_42_001000_KR7004020004_t"", ""main_S_42_001000_KR7004170007_t"", ""main_S_42_001000_KR7005300009_t"", ""main_S_42_001000_KR7005380001_t"", ""main_S_42_001000_KR7005440003_t"", ""main_S_42_001000_KR7005490008_t"", ""main_S_42_001000_KR7005830005_t"", ""main_S_42_001000_KR7005930003_t"", ""main_S_42_001000_KR7006400006_t"", ""main_S_42_001000_KR7006800007_t"", ""main_S_42_001000_KR7007070006_t"", ""main_S_42_001000_KR7008770000_t"", ""main_S_42_001000_KR7009150004_t""]}"
main_S_7_001000_KR7000030007_t,a5000,fit,50,gpu,db5367159de4e49122cb465ba9aa38e3a1b0da3c300151606437bb3b84abd1fd,"[""gate_a5000""]","{""asset"": ""KR7000030007_t"", ""family"": ""fixed"", ""fold"": ""main"", ""lr"": 0.0001, ""model"": ""S"", ""seed"": 7}"
main_S_7_001000_KR7000100008_t,a5000,fit,50,gpu,4e9dd737ab29be09cd987866913790ecaf45d1db41196eaf84ec5a8ad7f48fd4,"[""gate_a5000""]","{""asset"": ""KR7000100008_t"", ""family"": ""fixed"", ""fold"": ""main"", ""lr"": 0.0001, ""model"": ""S"", ""seed"": 7}"
main_S_7_001000_KR7000120006_t,a5000,fit,50,gpu,8fcdeee347224d053de21a20ef64f7d038b124e6f46a3e1ef1ad9e8485dce905,"[""gate_a5000""]","{""asset"": ""KR7000120006_t"", ""family"": ""fixed"", ""fold"": ""main"", ""lr"": 0.0001, ""model"": ""S"", ""seed"": 7}"
main_S_7_001000_KR7000150003_t,a5000,fit,50,gpu,dbcd6d4816ac2895fa28340d01cf9a41f21a84643d1b8647d04fbc803ba35246,"[""gate_a5000""]","{""asset"": ""KR7000150003_t"", ""family"": ""fixed"", ""fold"": ""main"", ""lr"": 0.0001, ""model"": ""S"", ""seed"": 7}"
main_S_7_001000_KR7000270009_t,a5000,fit,50,gpu,3a38ddf7d562efc6f707c8b76199162d0b20ea007ac8e22a9ac2b6b4e2d04644,"[""gate_a5000""]","{""asset"": ""KR7000270009_t"", ""family"": ""fixed"", ""fold"": ""main"", ""lr"": 0.0001, ""model"": ""S"", ""seed"": 7}"
main_S_7_001000_KR7000660001_t,a5000,fit,50,gpu,f34ef7039e14cada93050efa0b816c3a1f4e697a9589d9fe070adfc271b49496,"[""gate_a5000""]","{""asset"": ""KR7000660001_t"", ""family"": ""fixed"", ""fold"": ""main"", ""lr"": 0.0001, ""model"": ""S"", ""seed"": 7}"
main_S_7_001000_KR7000720003_t,a5000,fit,50,gpu,5b79c71b1e35b3950e68d00c41db57f36614c5d659bbd89bec4da80c319e46bc,"[""gate_a5000""]","{""asset"": ""KR7000720003_t"", ""family"": ""fixed"", ""fold"": ""main"", ""lr"": 0.0001, ""model"": ""S"", ""seed"": 7}"
main_S_7_001000_KR7000810002_t,a5000,fit,50,gpu,af8e7d0d1376d1fbe1480e025c139e77a2f9d2f6957901512cc93b912e2f6394,"[""gate_a5000""]","{""asset"": ""KR7000810002_t"", ""family"": ""fixed"", ""fold"": ""main"", ""lr"": 0.0001, ""model"": ""S"", ""seed"": 7}"
main_S_7_001000_KR7001040005_t,a5000,fit,50,gpu,d48ff58fff9545f4dd4444fb8f75865ad62fc2d91b87ba98945a62fcbc2c0899,"[""gate_a5000""]","{""asset"": ""KR7001040005_t"", ""family"": ""fixed"", ""fold"": ""main"", ""lr"": 0.0001, ""model"": ""S"", ""seed"": 7}"
main_S_7_001000_KR7001450006_t,a5000,fit,50,gpu,530c021928c60b2845dda495c0ec2408c714811ab9660b9bae33d4445933761a,"[""gate_a5000""]","{""asset"": ""KR7001450006_t"", ""family"": ""fixed"", ""fold"": ""main"", ""lr"": 0.0001, ""model"": ""S"", ""seed"": 7}"
main_S_7_001000_KR7002380004_t,a5000,fit,50,gpu,93e8380a3d7c1ad798044745d54dfe91c191a230418b5b61c43a488744e63188,"[""gate_a5000""]","{""asset"": ""KR7002380004_t"", ""family"": ""fixed"", ""fold"": ""main"", ""lr"": 0.0001, ""model"": ""S"", ""seed"": 7}"
main_S_7_001000_KR7002550002_t,a5000,fit,50,gpu,9cdd63a5e066614221ba72c0a0e4d61a2dfd8abb898f9effd4df2082ab6498f6,"[""gate_a5000""]","{""asset"": ""KR7002550002_t"", ""family"": ""fixed"", ""fold"": ""main"", ""lr"": 0.0001, ""model"": ""S"", ""seed"": 7}"
main_S_7_001000_KR7002790004_t,a5000,fit,50,gpu,53d8dd2968190839c6fb4ce47ee224f9a394b71eae2a0fe054e2ae556ef9cba7,"[""gate_a5000""]","{""asset"": ""KR7002790004_t"", ""family"": ""fixed"", ""fold"": ""main"", ""lr"": 0.0001, ""model"": ""S"", ""seed"": 7}"
main_S_7_001000_KR7003550001_t,a5000,fit,50,gpu,6e085bd9bf65f46816d11024124b9c343ef6d5b11e1ca5dd30bd3586ade82f2a,"[""gate_a5000""]","{""asset"": ""KR7003550001_t"", ""family"": ""fixed"", ""fold"": ""main"", ""lr"": 0.0001, ""model"": ""S"", ""seed"": 7}"
main_S_7_001000_KR7004020004_t,a5000,fit,50,gpu,e96d03e5eaee6f7e7038d21ad638ba23a38e82746673d8910744dc112f8c878b,"[""gate_a5000""]","{""asset"": ""KR7004020004_t"", ""family"": ""fixed"", ""fold"": ""main"", ""lr"": 0.0001, ""model"": ""S"", ""seed"": 7}"
main_S_7_001000_KR7004170007_t,a5000,fit,50,gpu,ef0fe68a2e26cc7f470e7854664f80727147a2bb3b7a38c3304e0cf88fe2863a,"[""gate_a5000""]","{""asset"": ""KR7004170007_t"", ""family"": ""fixed"", ""fold"": ""main"", ""lr"": 0.0001, ""model"": ""S"", ""seed"": 7}"
main_S_7_001000_KR7005300009_t,a5000,fit,50,gpu,575871be47169cd5f941b822dd7bf2e3013a15dd66b4358163276982600c5673,"[""gate_a5000""]","{""asset"": ""KR7005300009_t"", ""family"": ""fixed"", ""fold"": ""main"", ""lr"": 0.0001, ""model"": ""S"", ""seed"": 7}"
main_S_7_001000_KR7005380001_t,a5000,fit,50,gpu,ff9bf1cda3f1d5d67e7e71e94b44128f9b9159eec5f703adfd8595e08cea1d9e,"[""gate_a5000""]","{""asset"": ""KR7005380001_t"", ""family"": ""fixed"", ""fold"": ""main"", ""lr"": 0.0001, ""model"": ""S"", ""seed"": 7}"
main_S_7_001000_KR7005440003_t,a5000,fit,50,gpu,5437345c28be5a02e8bce5dd63f9af93c74072895863fa79661a1abec9ad0aaa,"[""gate_a5000""]","{""asset"": ""KR7005440003_t"", ""family"": ""fixed"", ""fold"": ""main"", ""lr"": 0.0001, ""model"": ""S"", ""seed"": 7}"
main_S_7_001000_KR7005490008_t,a5000,fit,50,gpu,c65a51c0d8c0d105ffc7e9e304bbd791482f34520f3fc89bcef1f8cb028a4ed6,"[""gate_a5000""]","{""asset"": ""KR7005490008_t"", ""family"": ""fixed"", ""fold"": ""main"", ""lr"": 0.0001, ""model"": ""S"", ""seed"": 7}"
main_S_7_001000_KR7005830005_t,a5000,fit,50,gpu,e31d7d62437f063e5eec28988b83f1d5118895e486c374b244c964eb6fe3ed04,"[""gate_a5000""]","{""asset"": ""KR7005830005_t"", ""family"": ""fixed"", ""fold"": ""main"", ""lr"": 0.0001, ""model"": ""S"", ""seed"": 7}"
main_S_7_001000_KR7005930003_t,a5000,fit,50,gpu,61a587768aee0890a619310329e48561b632c71c08c0e8b708a87e71cf9b8b45,"[""gate_a5000""]","{""asset"": ""KR7005930003_t"", ""family"": ""fixed"", ""fold"": ""main"", ""lr"": 0.0001, ""model"": ""S"", ""seed"": 7}"
main_S_7_001000_KR7006400006_t,a5000,fit,50,gpu,c28408435f8493586c29da02435e5fe61e77d5541264f116024f4ff706342006,"[""gate_a5000""]","{""asset"": ""KR7006400006_t"", ""family"": ""fixed"", ""fold"": ""main"", ""lr"": 0.0001, ""model"": ""S"", ""seed"": 7}"
main_S_7_001000_KR7006800007_t,a5000,fit,50,gpu,51dfe8f114debbfe51430e814542655dc1040f73b4a53be4d89ec77ce866b41c,"[""gate_a5000""]","{""asset"": ""KR7006800007_t"", ""family"": ""fixed"", ""fold"": ""main"", ""lr"": 0.0001, ""model"": ""S"", ""seed"": 7}"
main_S_7_001000_KR7007070006_t,a5000,fit,50,gpu,72c8eaaec1b8977a30cbac70da3a4415931f7a7cae34f918b35eb5aaf1547666,"[""gate_a5000""]","{""asset"": ""KR7007070006_t"", ""family"": ""fixed"", ""fold"": ""main"", ""lr"": 0.0001, ""model"": ""S"", ""seed"": 7}"
main_S_7_001000_KR7008770000_t,a5000,fit,50,gpu,eb4d7d242a9984c534188b2a8ac07e14d8a9a2da26c813e2d819cf6cabf91b32,"[""gate_a5000""]","{""asset"": ""KR7008770000_t"", ""family"": ""fixed"", ""fold"": ""main"", ""lr"": 0.0001, ""model"": ""S"", ""seed"": 7}"
main_S_7_001000_KR7009150004_t,a5000,fit,50,gpu,f702f24ac27dc344cc82d564c577d12af43f8f9644f436ebc9a51e6b035d1e2e,"[""gate_a5000""]","{""asset"": ""KR7009150004_t"", ""family"": ""fixed"", ""fold"": ""main"", ""lr"": 0.0001, ""model"": ""S"", ""seed"": 7}"
pool_S_7,a5000,pool,51,cpu,4e2b9f50a5c60b42b3a05da28f476756203803da549f136977e7769cc35d5eb1,"[""main_S_7_001000_KR7000030007_t"", ""main_S_7_001000_KR7000100008_t"", ""main_S_7_001000_KR7000120006_t"", ""main_S_7_001000_KR7000150003_t"", ""main_S_7_001000_KR7000270009_t"", ""main_S_7_001000_KR7000660001_t"", ""main_S_7_001000_KR7000720003_t"", ""main_S_7_001000_KR7000810002_t"", ""main_S_7_001000_KR7001040005_t"", ""main_S_7_001000_KR7001450006_t"", ""main_S_7_001000_KR7002380004_t"", ""main_S_7_001000_KR7002550002_t"", ""main_S_7_001000_KR7002790004_t"", ""main_S_7_001000_KR7003550001_t"", ""main_S_7_001000_KR7004020004_t"", ""main_S_7_001000_KR7004170007_t"", ""main_S_7_001000_KR7005300009_t"", ""main_S_7_001000_KR7005380001_t"", ""main_S_7_001000_KR7005440003_t"", ""main_S_7_001000_KR7005490008_t"", ""main_S_7_001000_KR7005830005_t"", ""main_S_7_001000_KR7005930003_t"", ""main_S_7_001000_KR7006400006_t"", ""main_S_7_001000_KR7006800007_t"", ""main_S_7_001000_KR7007070006_t"", ""main_S_7_001000_KR7008770000_t"", ""main_S_7_001000_KR7009150004_t"", ""fixed_U0_7"", ""fixed_U1_7""]","{""fixed_jobs"": {""U0"": ""fixed_U0_7"", ""U1"": ""fixed_U1_7""}, ""model"": ""S"", ""seed"": 7, ""source_jobs"": [""main_S_7_001000_KR7000030007_t"", ""main_S_7_001000_KR7000100008_t"", ""main_S_7_001000_KR7000120006_t"", ""main_S_7_001000_KR7000150003_t"", ""main_S_7_001000_KR7000270009_t"", ""main_S_7_001000_KR7000660001_t"", ""main_S_7_001000_KR7000720003_t"", ""main_S_7_001000_KR7000810002_t"", ""main_S_7_001000_KR7001040005_t"", ""main_S_7_001000_KR7001450006_t"", ""main_S_7_001000_KR7002380004_t"", ""main_S_7_001000_KR7002550002_t"", ""main_S_7_001000_KR7002790004_t"", ""main_S_7_001000_KR7003550001_t"", ""main_S_7_001000_KR7004020004_t"", ""main_S_7_001000_KR7004170007_t"", ""main_S_7_001000_KR7005300009_t"", ""main_S_7_001000_KR7005380001_t"", ""main_S_7_001000_KR7005440003_t"", ""main_S_7_001000_KR7005490008_t"", ""main_S_7_001000_KR7005830005_t"", ""main_S_7_001000_KR7005930003_t"", ""main_S_7_001000_KR7006400006_t"", ""main_S_7_001000_KR7006800007_t"", ""main_S_7_001000_KR7007070006_t"", ""main_S_7_001000_KR7008770000_t"", ""main_S_7_001000_KR7009150004_t""]}"
main_S_123_001000_KR7000030007_t,a5000,fit,50,gpu,b1025bcfc73c53da7285654b02efa205ecfa1e8bd748823466d496de8b9d92ec,"[""gate_a5000""]","{""asset"": ""KR7000030007_t"", ""family"": ""fixed"", ""fold"": ""main"", ""lr"": 0.0001, ""model"": ""S"", ""seed"": 123}"
main_S_123_001000_KR7000100008_t,a5000,fit,50,gpu,6ccc31526217b306d87f4e5ecca3995d74f2c2c802c8d61455f85ea1d4911816,"[""gate_a5000""]","{""asset"": ""KR7000100008_t"", ""family"": ""fixed"", ""fold"": ""main"", ""lr"": 0.0001, ""model"": ""S"", ""seed"": 123}"
main_S_123_001000_KR7000120006_t,a5000,fit,50,gpu,323cbc0ef9ad342c01470bbad6e699c459f442fa631f03f1a9f0c580969de8f4,"[""gate_a5000""]","{""asset"": ""KR7000120006_t"", ""family"": ""fixed"", ""fold"": ""main"", ""lr"": 0.0001, ""model"": ""S"", ""seed"": 123}"
main_S_123_001000_KR7000150003_t,a5000,fit,50,gpu,310b571da90e32e43bfc08025c0f8f0ce561a81e1f52ab2e9469e27e9a1d6752,"[""gate_a5000""]","{""asset"": ""KR7000150003_t"", ""family"": ""fixed"", ""fold"": ""main"", ""lr"": 0.0001, ""model"": ""S"", ""seed"": 123}"
main_S_123_001000_KR7000270009_t,a5000,fit,50,gpu,6657cc9e39422d595e44dcbf0ee3880b2513c87cc90f52e1c9103d253809b6bf,"[""gate_a5000""]","{""asset"": ""KR7000270009_t"", ""family"": ""fixed"", ""fold"": ""main"", ""lr"": 0.0001, ""model"": ""S"", ""seed"": 123}"
main_S_123_001000_KR7000660001_t,a5000,fit,50,gpu,f22d5e085db99f0f76362c029c8092671b3366c5aa627fc3a099274245768cb9,"[""gate_a5000""]","{""asset"": ""KR7000660001_t"", ""family"": ""fixed"", ""fold"": ""main"", ""lr"": 0.0001, ""model"": ""S"", ""seed"": 123}"
main_S_123_001000_KR7000720003_t,a5000,fit,50,gpu,c4530403cbae0406ea88bd853b9b8239a02e12a0b6be3131d4182a155415ae8e,"[""gate_a5000""]","{""asset"": ""KR7000720003_t"", ""family"": ""fixed"", ""fold"": ""main"", ""lr"": 0.0001, ""model"": ""S"", ""seed"": 123}"
main_S_123_001000_KR7000810002_t,a5000,fit,50,gpu,115be24a45fff157e7050fa68834e535a7f303870402988dca8eb7189a410b49,"[""gate_a5000""]","{""asset"": ""KR7000810002_t"", ""family"": ""fixed"", ""fold"": ""main"", ""lr"": 0.0001, ""model"": ""S"", ""seed"": 123}"
main_S_123_001000_KR7001040005_t,a5000,fit,50,gpu,94147676cc0ea5cf148aaa899f0b823a00edc2694e0485ba787c53ce7a4c7745,"[""gate_a5000""]","{""asset"": ""KR7001040005_t"", ""family"": ""fixed"", ""fold"": ""main"", ""lr"": 0.0001, ""model"": ""S"", ""seed"": 123}"
main_S_123_001000_KR7001450006_t,a5000,fit,50,gpu,a138010bfdee8a8c6ae61bfa391ae43ddf118489fe5d612f42ecaf36cc049f8b,"[""gate_a5000""]","{""asset"": ""KR7001450006_t"", ""family"": ""fixed"", ""fold"": ""main"", ""lr"": 0.0001, ""model"": ""S"", ""seed"": 123}"
main_S_123_001000_KR7002380004_t,a5000,fit,50,gpu,388356a7bee9591266068608be8efeab989fb7a440b5d3f0f76efeae969658b1,"[""gate_a5000""]","{""asset"": ""KR7002380004_t"", ""family"": ""fixed"", ""fold"": ""main"", ""lr"": 0.0001, ""model"": ""S"", ""seed"": 123}"
main_S_123_001000_KR7002550002_t,a5000,fit,50,gpu,b5cacdc7e0f5d1acb850c95986dec95b5684e82d4746215fc6d5ddba821b2fae,"[""gate_a5000""]","{""asset"": ""KR7002550002_t"", ""family"": ""fixed"", ""fold"": ""main"", ""lr"": 0.0001, ""model"": ""S"", ""seed"": 123}"
main_S_123_001000_KR7002790004_t,a5000,fit,50,gpu,f000f63098efd8f77bc79a26f24439a1e735156ebf291964e8d90fcb838d90ed,"[""gate_a5000""]","{""asset"": ""KR7002790004_t"", ""family"": ""fixed"", ""fold"": ""main"", ""lr"": 0.0001, ""model"": ""S"", ""seed"": 123}"
main_S_123_001000_KR7003550001_t,a5000,fit,50,gpu,7571a493c7a2c8f0c110789be56feaf89ce2faa18802bced400b2c513a967e8d,"[""gate_a5000""]","{""asset"": ""KR7003550001_t"", ""family"": ""fixed"", ""fold"": ""main"", ""lr"": 0.0001, ""model"": ""S"", ""seed"": 123}"
main_S_123_001000_KR7004020004_t,a5000,fit,50,gpu,8c3ea9482389ef428f3b167bef5a525251365f27af7116f528c171f313549130,"[""gate_a5000""]","{""asset"": ""KR7004020004_t"", ""family"": ""fixed"", ""fold"": ""main"", ""lr"": 0.0001, ""model"": ""S"", ""seed"": 123}"
main_S_123_001000_KR7004170007_t,a5000,fit,50,gpu,8a63256f85fd949b3c23a8af89985384f19b2dfd9b6f09d2efc0ac40b8e82fe3,"[""gate_a5000""]","{""asset"": ""KR7004170007_t"", ""family"": ""fixed"", ""fold"": ""main"", ""lr"": 0.0001, ""model"": ""S"", ""seed"": 123}"
main_S_123_001000_KR7005300009_t,a5000,fit,50,gpu,d663c4ecdd06620de0664cb68cdc3a7919e26abbc94ab08b1e029907cd5ab0f6,"[""gate_a5000""]","{""asset"": ""KR7005300009_t"", ""family"": ""fixed"", ""fold"": ""main"", ""lr"": 0.0001, ""model"": ""S"", ""seed"": 123}"
main_S_123_001000_KR7005380001_t,a5000,fit,50,gpu,460c26905c360cd63f7e2cd8b1b8a2bbee4785717d16e877fa06042b1ce77272,"[""gate_a5000""]","{""asset"": ""KR7005380001_t"", ""family"": ""fixed"", ""fold"": ""main"", ""lr"": 0.0001, ""model"": ""S"", ""seed"": 123}"
main_S_123_001000_KR7005440003_t,a5000,fit,50,gpu,ce53085dd2d8be83f59aa794f360a77576ebdc21708b2d8dcd333141e6734590,"[""gate_a5000""]","{""asset"": ""KR7005440003_t"", ""family"": ""fixed"", ""fold"": ""main"", ""lr"": 0.0001, ""model"": ""S"", ""seed"": 123}"
main_S_123_001000_KR7005490008_t,a5000,fit,50,gpu,0fb580c3d1c362f4f903b5134501614d72f46ce1a1858b44b0650faa51c8997e,"[""gate_a5000""]","{""asset"": ""KR7005490008_t"", ""family"": ""fixed"", ""fold"": ""main"", ""lr"": 0.0001, ""model"": ""S"", ""seed"": 123}"
main_S_123_001000_KR7005830005_t,a5000,fit,50,gpu,a1dcdcc820df712a9ccb750e6a91a7784097f76cdc78570474ac1307d3df1d70,"[""gate_a5000""]","{""asset"": ""KR7005830005_t"", ""family"": ""fixed"", ""fold"": ""main"", ""lr"": 0.0001, ""model"": ""S"", ""seed"": 123}"
main_S_123_001000_KR7005930003_t,a5000,fit,50,gpu,64ad09ecb61aa1a2f747798df475dc1b8d2d56198149818600be71d614a525bd,"[""gate_a5000""]","{""asset"": ""KR7005930003_t"", ""family"": ""fixed"", ""fold"": ""main"", ""lr"": 0.0001, ""model"": ""S"", ""seed"": 123}"
main_S_123_001000_KR7006400006_t,a5000,fit,50,gpu,272c6745266d7470600241bd846126b5f5c01793c9d930342418feeb064b6e73,"[""gate_a5000""]","{""asset"": ""KR7006400006_t"", ""family"": ""fixed"", ""fold"": ""main"", ""lr"": 0.0001, ""model"": ""S"", ""seed"": 123}"
main_S_123_001000_KR7006800007_t,a5000,fit,50,gpu,92a90f7b1dd5b78008836096f05403c3c1a71197ddb2fb0c7f08019e914a725b,"[""gate_a5000""]","{""asset"": ""KR7006800007_t"", ""family"": ""fixed"", ""fold"": ""main"", ""lr"": 0.0001, ""model"": ""S"", ""seed"": 123}"
main_S_123_001000_KR7007070006_t,a5000,fit,50,gpu,e0ff8187f833887462c53b846113b326e17ab89d61ffd108811a10c272fca3b0,"[""gate_a5000""]","{""asset"": ""KR7007070006_t"", ""family"": ""fixed"", ""fold"": ""main"", ""lr"": 0.0001, ""model"": ""S"", ""seed"": 123}"
main_S_123_001000_KR7008770000_t,a5000,fit,50,gpu,5252a8e4f376b6adab7aa3a89c51d1ff25d804d56c50701588a3e581bb58dbb3,"[""gate_a5000""]","{""asset"": ""KR7008770000_t"", ""family"": ""fixed"", ""fold"": ""main"", ""lr"": 0.0001, ""model"": ""S"", ""seed"": 123}"
main_S_123_001000_KR7009150004_t,a5000,fit,50,gpu,b2c132140570e3341d975631fa1976fc63963564998c53d83161e5b61fe266a0,"[""gate_a5000""]","{""asset"": ""KR7009150004_t"", ""family"": ""fixed"", ""fold"": ""main"", ""lr"": 0.0001, ""model"": ""S"", ""seed"": 123}"
pool_S_123,a5000,pool,51,cpu,d2aaac8a96414d3dca8ae8017242b10933e06f6ed35f1e42317713b48afe4816,"[""main_S_123_001000_KR7000030007_t"", ""main_S_123_001000_KR7000100008_t"", ""main_S_123_001000_KR7000120006_t"", ""main_S_123_001000_KR7000150003_t"", ""main_S_123_001000_KR7000270009_t"", ""main_S_123_001000_KR7000660001_t"", ""main_S_123_001000_KR7000720003_t"", ""main_S_123_001000_KR7000810002_t"", ""main_S_123_001000_KR7001040005_t"", ""main_S_123_001000_KR7001450006_t"", ""main_S_123_001000_KR7002380004_t"", ""main_S_123_001000_KR7002550002_t"", ""main_S_123_001000_KR7002790004_t"", ""main_S_123_001000_KR7003550001_t"", ""main_S_123_001000_KR7004020004_t"", ""main_S_123_001000_KR7004170007_t"", ""main_S_123_001000_KR7005300009_t"", ""main_S_123_001000_KR7005380001_t"", ""main_S_123_001000_KR7005440003_t"", ""main_S_123_001000_KR7005490008_t"", ""main_S_123_001000_KR7005830005_t"", ""main_S_123_001000_KR7005930003_t"", ""main_S_123_001000_KR7006400006_t"", ""main_S_123_001000_KR7006800007_t"", ""main_S_123_001000_KR7007070006_t"", ""main_S_123_001000_KR7008770000_t"", ""main_S_123_001000_KR7009150004_t"", ""fixed_U0_123"", ""fixed_U1_123""]","{""fixed_jobs"": {""U0"": ""fixed_U0_123"", ""U1"": ""fixed_U1_123""}, ""model"": ""S"", ""seed"": 123, ""source_jobs"": [""main_S_123_001000_KR7000030007_t"", ""main_S_123_001000_KR7000100008_t"", ""main_S_123_001000_KR7000120006_t"", ""main_S_123_001000_KR7000150003_t"", ""main_S_123_001000_KR7000270009_t"", ""main_S_123_001000_KR7000660001_t"", ""main_S_123_001000_KR7000720003_t"", ""main_S_123_001000_KR7000810002_t"", ""main_S_123_001000_KR7001040005_t"", ""main_S_123_001000_KR7001450006_t"", ""main_S_123_001000_KR7002380004_t"", ""main_S_123_001000_KR7002550002_t"", ""main_S_123_001000_KR7002790004_t"", ""main_S_123_001000_KR7003550001_t"", ""main_S_123_001000_KR7004020004_t"", ""main_S_123_001000_KR7004170007_t"", ""main_S_123_001000_KR7005300009_t"", ""main_S_123_001000_KR7005380001_t"", ""main_S_123_001000_KR7005440003_t"", ""main_S_123_001000_KR7005490008_t"", ""main_S_123_001000_KR7005830005_t"", ""main_S_123_001000_KR7005930003_t"", ""main_S_123_001000_KR7006400006_t"", ""main_S_123_001000_KR7006800007_t"", ""main_S_123_001000_KR7007070006_t"", ""main_S_123_001000_KR7008770000_t"", ""main_S_123_001000_KR7009150004_t""]}"
final_a5000,a5000,final,60,cpu,e9f907aa08b7491be3803a7a3d5109d0392cbfa774c8d6a72aae100d6a5c8b69,"[""gate_a5000"", ""adapter_TLOB_ADAPTED"", ""prior_main"", ""prior_R1"", ""prior_R2"", ""prior_R3"", ""main_U1_42_000500"", ""main_U1_42_001000"", ""main_U1_42_002000"", ""main_U1_42_004000"", ""select_U1"", ""selected_U1_42"", ""main_U1_7_selected"", ""main_U1_123_selected"", ""analyze_U1_42"", ""analyze_U1_7"", ""analyze_U1_123"", ""fixed_U1_42"", ""fixed_U1_7"", ""fixed_U1_123"", ""main_UM_V2_DEPTH_42_000500"", ""main_UM_V2_DEPTH_42_001000"", ""main_UM_V2_DEPTH_42_002000"", ""main_UM_V2_DEPTH_42_004000"", ""select_UM_V2_DEPTH"", ""selected_UM_V2_DEPTH_42"", ""main_UM_V2_DEPTH_7_selected"", ""main_UM_V2_DEPTH_123_selected"", ""analyze_UM_V2_DEPTH_42"", ""analyze_UM_V2_DEPTH_7"", ""analyze_UM_V2_DEPTH_123"", ""R1_UM_V2_DEPTH_42"", ""R2_UM_V2_DEPTH_42_selected"", ""analyze_R2_UM_V2_DEPTH_42_selected"", ""R3_UM_V2_DEPTH_42_selected"", ""analyze_R3_UM_V2_DEPTH_42_selected"", ""R1_UM_V2_DEPTH_7"", ""R2_UM_V2_DEPTH_7_selected"", ""analyze_R2_UM_V2_DEPTH_7_selected"", ""R3_UM_V2_DEPTH_7_selected"", ""analyze_R3_UM_V2_DEPTH_7_selected"", ""R1_UM_V2_DEPTH_123"", ""R2_UM_V2_DEPTH_123_selected"", ""analyze_R2_UM_V2_DEPTH_123_selected"", ""R3_UM_V2_DEPTH_123_selected"", ""analyze_R3_UM_V2_DEPTH_123_selected"", ""main_UX_42_000500"", ""main_UX_42_001000"", ""main_UX_42_002000"", ""main_UX_42_004000"", ""select_UX"", ""selected_UX_42"", ""main_UX_7_selected"", ""main_UX_123_selected"", ""analyze_UX_42"", ""analyze_UX_7"", ""analyze_UX_123"", ""main_GRU_U1_42_000500"", ""main_GRU_U1_42_001000"", ""main_GRU_U1_42_002000"", ""main_GRU_U1_42_004000"", ""select_GRU_U1"", ""selected_GRU_U1_42"", ""main_GRU_U1_7_selected"", ""main_GRU_U1_123_selected"", ""analyze_GRU_U1_42"", ""analyze_GRU_U1_7"", ""analyze_GRU_U1_123"", ""main_U0_42_000500"", ""main_U0_42_001000"", ""main_U0_42_002000"", ""main_U0_42_004000"", ""select_U0"", ""selected_U0_42"", ""main_U0_7_selected"", ""main_U0_123_selected"", ""analyze_U0_42"", ""analyze_U0_7"", ""analyze_U0_123"", ""fixed_U0_42"", ""fixed_U0_7"", ""fixed_U0_123"", ""main_TLOB_ADAPTED_42_000500"", ""main_TLOB_ADAPTED_42_001000"", ""main_TLOB_ADAPTED_42_002000"", ""main_TLOB_ADAPTED_42_004000"", ""select_TLOB_ADAPTED"", ""selected_TLOB_ADAPTED_42"", ""main_TLOB_ADAPTED_7_selected"", ""main_TLOB_ADAPTED_123_selected"", ""analyze_TLOB_ADAPTED_42"", ""analyze_TLOB_ADAPTED_7"", ""analyze_TLOB_ADAPTED_123"", ""main_S_42_001000_KR7000030007_t"", ""main_S_42_001000_KR7000100008_t"", ""main_S_42_001000_KR7000120006_t"", ""main_S_42_001000_KR7000150003_t"", ""main_S_42_001000_KR7000270009_t"", ""main_S_42_001000_KR7000660001_t"", ""main_S_42_001000_KR7000720003_t"", ""main_S_42_001000_KR7000810002_t"", ""main_S_42_001000_KR7001040005_t"", ""main_S_42_001000_KR7001450006_t"", ""main_S_42_001000_KR7002380004_t"", ""main_S_42_001000_KR7002550002_t"", ""main_S_42_001000_KR7002790004_t"", ""main_S_42_001000_KR7003550001_t"", ""main_S_42_001000_KR7004020004_t"", ""main_S_42_001000_KR7004170007_t"", ""main_S_42_001000_KR7005300009_t"", ""main_S_42_001000_KR7005380001_t"", ""main_S_42_001000_KR7005440003_t"", ""main_S_42_001000_KR7005490008_t"", ""main_S_42_001000_KR7005830005_t"", ""main_S_42_001000_KR7005930003_t"", ""main_S_42_001000_KR7006400006_t"", ""main_S_42_001000_KR7006800007_t"", ""main_S_42_001000_KR7007070006_t"", ""main_S_42_001000_KR7008770000_t"", ""main_S_42_001000_KR7009150004_t"", ""pool_S_42"", ""main_S_7_001000_KR7000030007_t"", ""main_S_7_001000_KR7000100008_t"", ""main_S_7_001000_KR7000120006_t"", ""main_S_7_001000_KR7000150003_t"", ""main_S_7_001000_KR7000270009_t"", ""main_S_7_001000_KR7000660001_t"", ""main_S_7_001000_KR7000720003_t"", ""main_S_7_001000_KR7000810002_t"", ""main_S_7_001000_KR7001040005_t"", ""main_S_7_001000_KR7001450006_t"", ""main_S_7_001000_KR7002380004_t"", ""main_S_7_001000_KR7002550002_t"", ""main_S_7_001000_KR7002790004_t"", ""main_S_7_001000_KR7003550001_t"", ""main_S_7_001000_KR7004020004_t"", ""main_S_7_001000_KR7004170007_t"", ""main_S_7_001000_KR7005300009_t"", ""main_S_7_001000_KR7005380001_t"", ""main_S_7_001000_KR7005440003_t"", ""main_S_7_001000_KR7005490008_t"", ""main_S_7_001000_KR7005830005_t"", ""main_S_7_001000_KR7005930003_t"", ""main_S_7_001000_KR7006400006_t"", ""main_S_7_001000_KR7006800007_t"", ""main_S_7_001000_KR7007070006_t"", ""main_S_7_001000_KR7008770000_t"", ""main_S_7_001000_KR7009150004_t"", ""pool_S_7"", ""main_S_123_001000_KR7000030007_t"", ""main_S_123_001000_KR7000100008_t"", ""main_S_123_001000_KR7000120006_t"", ""main_S_123_001000_KR7000150003_t"", ""main_S_123_001000_KR7000270009_t"", ""main_S_123_001000_KR7000660001_t"", ""main_S_123_001000_KR7000720003_t"", ""main_S_123_001000_KR7000810002_t"", ""main_S_123_001000_KR7001040005_t"", ""main_S_123_001000_KR7001450006_t"", ""main_S_123_001000_KR7002380004_t"", ""main_S_123_001000_KR7002550002_t"", ""main_S_123_001000_KR7002790004_t"", ""main_S_123_001000_KR7003550001_t"", ""main_S_123_001000_KR7004020004_t"", ""main_S_123_001000_KR7004170007_t"", ""main_S_123_001000_KR7005300009_t"", ""main_S_123_001000_KR7005380001_t"", ""main_S_123_001000_KR7005440003_t"", ""main_S_123_001000_KR7005490008_t"", ""main_S_123_001000_KR7005830005_t"", ""main_S_123_001000_KR7005930003_t"", ""main_S_123_001000_KR7006400006_t"", ""main_S_123_001000_KR7006800007_t"", ""main_S_123_001000_KR7007070006_t"", ""main_S_123_001000_KR7008770000_t"", ""main_S_123_001000_KR7009150004_t"", ""pool_S_123""]","{""allow_terminal_dependencies"": true}"
final_rtx3090,rtx3090,final,60,cpu,37e6204ffe46bec7440f6a0394d6e1e9c82b46f21a1e2861f520323a37febfe0,"[""gate_rtx3090"", ""historical_replay"", ""main_UC_42_000500"", ""main_UC_42_001000"", ""main_UC_42_002000"", ""main_UC_42_004000"", ""select_UC"", ""selected_UC_42"", ""main_UC_7_selected"", ""main_UC_123_selected"", ""analyze_UC_42"", ""analyze_UC_7"", ""analyze_UC_123"", ""R1_UC_42"", ""R2_UC_42_selected"", ""analyze_R2_UC_42_selected"", ""R3_UC_42_selected"", ""analyze_R3_UC_42_selected"", ""R1_UC_7"", ""R2_UC_7_selected"", ""analyze_R2_UC_7_selected"", ""R3_UC_7_selected"", ""analyze_R3_UC_7_selected"", ""R1_UC_123"", ""R2_UC_123_selected"", ""analyze_R2_UC_123_selected"", ""R3_UC_123_selected"", ""analyze_R3_UC_123_selected"", ""main_UA_42_000500"", ""main_UA_42_001000"", ""main_UA_42_002000"", ""main_UA_42_004000"", ""select_UA"", ""selected_UA_42"", ""main_UA_7_selected"", ""main_UA_123_selected"", ""analyze_UA_42"", ""analyze_UA_7"", ""analyze_UA_123"", ""R1_UA_42"", ""R2_UA_42_selected"", ""analyze_R2_UA_42_selected"", ""R3_UA_42_selected"", ""analyze_R3_UA_42_selected"", ""R1_UA_7"", ""R2_UA_7_selected"", ""analyze_R2_UA_7_selected"", ""R3_UA_7_selected"", ""analyze_R3_UA_7_selected"", ""R1_UA_123"", ""R2_UA_123_selected"", ""analyze_R2_UA_123_selected"", ""R3_UA_123_selected"", ""analyze_R3_UA_123_selected"", ""interventions_UA_42"", ""interventions_UA_7"", ""interventions_UA_123"", ""main_SHARED_QUERY_42_000500"", ""main_SHARED_QUERY_42_001000"", ""main_SHARED_QUERY_42_002000"", ""main_SHARED_QUERY_42_004000"", ""select_SHARED_QUERY"", ""selected_SHARED_QUERY_42"", ""main_SHARED_QUERY_7_selected"", ""main_SHARED_QUERY_123_selected"", ""analyze_SHARED_QUERY_42"", ""analyze_SHARED_QUERY_7"", ""analyze_SHARED_QUERY_123""]","{""allow_terminal_dependencies"": true}"
