model,seed,family,source_job,fold,split,population,bin,lower,upper,rows,accuracy,mean_confidence
UX,42,new_P3_selected,selected_UX_42,main,development_holdout,P0_legacy,0,0.0,0.06666666666666667,0,,
UX,42,new_P3_selected,selected_UX_42,main,development_holdout,P0_legacy,1,0.06666666666666667,0.13333333333333333,0,,
UX,42,new_P3_selected,selected_UX_42,main,development_holdout,P0_legacy,2,0.13333333333333333,0.2,0,,
UX,42,new_P3_selected,selected_UX_42,main,development_holdout,P0_legacy,3,0.2,0.26666666666666666,0,,
UX,42,new_P3_selected,selected_UX_42,main,development_holdout,P0_legacy,4,0.26666666666666666,0.3333333333333333,0,,
UX,42,new_P3_selected,selected_UX_42,main,development_holdout,P0_legacy,5,0.3333333333333333,0.4,9482,0.3723897911832947,0.37749007746047736
UX,42,new_P3_selected,selected_UX_42,main,development_holdout,P0_legacy,6,0.4,0.4666666666666667,23031,0.4236463896487343,0.4350024723990079
UX,42,new_P3_selected,selected_UX_42,main,development_holdout,P0_legacy,7,0.4666666666666667,0.5333333333333333,21722,0.4791916029831507,0.4979674873565848
UX,42,new_P3_selected,selected_UX_42,main,development_holdout,P0_legacy,8,0.5333333333333333,0.6,14256,0.5427188552188552,0.5643360048388412
UX,42,new_P3_selected,selected_UX_42,main,development_holdout,P0_legacy,9,0.6,0.6666666666666666,9689,0.6134792032201466,0.6311874032678393
UX,42,new_P3_selected,selected_UX_42,main,development_holdout,P0_legacy,10,0.6666666666666666,0.7333333333333333,7258,0.6758060071645081,0.6986105811152346
UX,42,new_P3_selected,selected_UX_42,main,development_holdout,P0_legacy,11,0.7333333333333333,0.8,6112,0.737401832460733,0.7657881154242042
UX,42,new_P3_selected,selected_UX_42,main,development_holdout,P0_legacy,12,0.8,0.8666666666666667,5113,0.8042245257187561,0.8324537573796479
UX,42,new_P3_selected,selected_UX_42,main,development_holdout,P0_legacy,13,0.8666666666666667,0.9333333333333333,3845,0.8725617685305592,0.8967786697418905
UX,42,new_P3_selected,selected_UX_42,main,development_holdout,P0_legacy,14,0.9333333333333333,1.0,1066,0.9418386491557224,0.9499737374486611
UX,42,new_P3_selected,selected_UX_42,main,development_holdout,P1_valid_cache_endpoints,0,0.0,0.06666666666666667,0,,
UX,42,new_P3_selected,selected_UX_42,main,development_holdout,P1_valid_cache_endpoints,1,0.06666666666666667,0.13333333333333333,0,,
UX,42,new_P3_selected,selected_UX_42,main,development_holdout,P1_valid_cache_endpoints,2,0.13333333333333333,0.2,0,,
UX,42,new_P3_selected,selected_UX_42,main,development_holdout,P1_valid_cache_endpoints,3,0.2,0.26666666666666666,0,,
UX,42,new_P3_selected,selected_UX_42,main,development_holdout,P1_valid_cache_endpoints,4,0.26666666666666666,0.3333333333333333,0,,
UX,42,new_P3_selected,selected_UX_42,main,development_holdout,P1_valid_cache_endpoints,5,0.3333333333333333,0.4,9116,0.3735190873189996,0.3774770300243168
UX,42,new_P3_selected,selected_UX_42,main,development_holdout,P1_valid_cache_endpoints,6,0.4,0.4666666666666667,22099,0.4246345988506267,0.4349880839277826
UX,42,new_P3_selected,selected_UX_42,main,development_holdout,P1_valid_cache_endpoints,7,0.4666666666666667,0.5333333333333333,20637,0.48253137568445026,0.4979800047851195
UX,42,new_P3_selected,selected_UX_42,main,development_holdout,P1_valid_cache_endpoints,8,0.5333333333333333,0.6,13473,0.5427892822682402,0.5643951755781882
UX,42,new_P3_selected,selected_UX_42,main,development_holdout,P1_valid_cache_endpoints,9,0.6,0.6666666666666666,9234,0.6091617933723197,0.6312751032275833
UX,42,new_P3_selected,selected_UX_42,main,development_holdout,P1_valid_cache_endpoints,10,0.6666666666666666,0.7333333333333333,6976,0.669868119266055,0.6986770712068635
UX,42,new_P3_selected,selected_UX_42,main,development_holdout,P1_valid_cache_endpoints,11,0.7333333333333333,0.8,5895,0.7292620865139949,0.7658428445287304
UX,42,new_P3_selected,selected_UX_42,main,development_holdout,P1_valid_cache_endpoints,12,0.8,0.8666666666666667,4958,0.7987091569181122,0.8324367349747777
UX,42,new_P3_selected,selected_UX_42,main,development_holdout,P1_valid_cache_endpoints,13,0.8666666666666667,0.9333333333333333,3730,0.8694369973190349,0.8968430067047762
UX,42,new_P3_selected,selected_UX_42,main,development_holdout,P1_valid_cache_endpoints,14,0.9333333333333333,1.0,1038,0.9402697495183044,0.9500099559814018
UX,42,new_P3_selected,selected_UX_42,main,development_holdout,P2_candidate_clock,0,0.0,0.06666666666666667,0,,
UX,42,new_P3_selected,selected_UX_42,main,development_holdout,P2_candidate_clock,1,0.06666666666666667,0.13333333333333333,0,,
UX,42,new_P3_selected,selected_UX_42,main,development_holdout,P2_candidate_clock,2,0.13333333333333333,0.2,0,,
UX,42,new_P3_selected,selected_UX_42,main,development_holdout,P2_candidate_clock,3,0.2,0.26666666666666666,0,,
UX,42,new_P3_selected,selected_UX_42,main,development_holdout,P2_candidate_clock,4,0.26666666666666666,0.3333333333333333,0,,
UX,42,new_P3_selected,selected_UX_42,main,development_holdout,P2_candidate_clock,5,0.3333333333333333,0.4,8646,0.3706916493176035,0.37745947871681607
UX,42,new_P3_selected,selected_UX_42,main,development_holdout,P2_candidate_clock,6,0.4,0.4666666666666667,20759,0.42294908232573825,0.4348100777555165
UX,42,new_P3_selected,selected_UX_42,main,development_holdout,P2_candidate_clock,7,0.4666666666666667,0.5333333333333333,18428,0.47834816583459955,0.4977326832805981
UX,42,new_P3_selected,selected_UX_42,main,development_holdout,P2_candidate_clock,8,0.5333333333333333,0.6,11789,0.5406735092034948,0.564406028699451
UX,42,new_P3_selected,selected_UX_42,main,development_holdout,P2_candidate_clock,9,0.6,0.6666666666666666,8089,0.6081097787118309,0.6314571039675297
UX,42,new_P3_selected,selected_UX_42,main,development_holdout,P2_candidate_clock,10,0.6666666666666666,0.7333333333333333,6294,0.6733396885923101,0.6986729273869544
UX,42,new_P3_selected,selected_UX_42,main,development_holdout,P2_candidate_clock,11,0.7333333333333333,0.8,5375,0.7320930232558139,0.7658164325101948
UX,42,new_P3_selected,selected_UX_42,main,development_holdout,P2_candidate_clock,12,0.8,0.8666666666666667,4503,0.8021319120586275,0.8324895642625384
UX,42,new_P3_selected,selected_UX_42,main,development_holdout,P2_candidate_clock,13,0.8666666666666667,0.9333333333333333,3375,0.8731851851851852,0.8969182059869637
UX,42,new_P3_selected,selected_UX_42,main,development_holdout,P2_candidate_clock,14,0.9333333333333333,1.0,951,0.9463722397476341,0.9500045275336919
UX,42,new_P3_selected,selected_UX_42,main,development_holdout,P3_intersection,0,0.0,0.06666666666666667,0,,
UX,42,new_P3_selected,selected_UX_42,main,development_holdout,P3_intersection,1,0.06666666666666667,0.13333333333333333,0,,
UX,42,new_P3_selected,selected_UX_42,main,development_holdout,P3_intersection,2,0.13333333333333333,0.2,0,,
UX,42,new_P3_selected,selected_UX_42,main,development_holdout,P3_intersection,3,0.2,0.26666666666666666,0,,
UX,42,new_P3_selected,selected_UX_42,main,development_holdout,P3_intersection,4,0.26666666666666666,0.3333333333333333,0,,
UX,42,new_P3_selected,selected_UX_42,main,development_holdout,P3_intersection,5,0.3333333333333333,0.4,8495,0.3731606827545615,0.37746061503708067
UX,42,new_P3_selected,selected_UX_42,main,development_holdout,P3_intersection,6,0.4,0.4666666666666667,20335,0.42532579296778955,0.4347895921918672
UX,42,new_P3_selected,selected_UX_42,main,development_holdout,P3_intersection,7,0.4666666666666667,0.5333333333333333,17953,0.482871943407787,0.4977443912424118
UX,42,new_P3_selected,selected_UX_42,main,development_holdout,P3_intersection,8,0.5333333333333333,0.6,11479,0.5469117518947644,0.5644541498205551
UX,42,new_P3_selected,selected_UX_42,main,development_holdout,P3_intersection,9,0.6,0.6666666666666666,7944,0.6119083585095669,0.6315424510082059
UX,42,new_P3_selected,selected_UX_42,main,development_holdout,P3_intersection,10,0.6666666666666666,0.7333333333333333,6231,0.6750120365912373,0.698732873805438
UX,42,new_P3_selected,selected_UX_42,main,development_holdout,P3_intersection,11,0.7333333333333333,0.8,5349,0.7322864086745186,0.7658327512461146
UX,42,new_P3_selected,selected_UX_42,main,development_holdout,P3_intersection,12,0.8,0.8666666666666667,4488,0.8021390374331551,0.8324853072380656
UX,42,new_P3_selected,selected_UX_42,main,development_holdout,P3_intersection,13,0.8666666666666667,0.9333333333333333,3365,0.8736998514115899,0.8969328603477904
UX,42,new_P3_selected,selected_UX_42,main,development_holdout,P3_intersection,14,0.9333333333333333,1.0,949,0.946259220231823,0.9500209841673141
UX,42,new_P3_selected,selected_UX_42,main,validation,P0_legacy,0,0.0,0.06666666666666667,0,,
UX,42,new_P3_selected,selected_UX_42,main,validation,P0_legacy,1,0.06666666666666667,0.13333333333333333,0,,
UX,42,new_P3_selected,selected_UX_42,main,validation,P0_legacy,2,0.13333333333333333,0.2,0,,
UX,42,new_P3_selected,selected_UX_42,main,validation,P0_legacy,3,0.2,0.26666666666666666,0,,
UX,42,new_P3_selected,selected_UX_42,main,validation,P0_legacy,4,0.26666666666666666,0.3333333333333333,0,,
UX,42,new_P3_selected,selected_UX_42,main,validation,P0_legacy,5,0.3333333333333333,0.4,4636,0.36928386540120794,0.3773676892422766
UX,42,new_P3_selected,selected_UX_42,main,validation,P0_legacy,6,0.4,0.4666666666666667,10855,0.4427452786734224,0.4350960580528128
UX,42,new_P3_selected,selected_UX_42,main,validation,P0_legacy,7,0.4666666666666667,0.5333333333333333,10363,0.48277525812988514,0.49795103158636755
UX,42,new_P3_selected,selected_UX_42,main,validation,P0_legacy,8,0.5333333333333333,0.6,6825,0.5541391941391941,0.5643719133074289
UX,42,new_P3_selected,selected_UX_42,main,validation,P0_legacy,9,0.6,0.6666666666666666,4778,0.6157388028463793,0.6322855984799359
UX,42,new_P3_selected,selected_UX_42,main,validation,P0_legacy,10,0.6666666666666666,0.7333333333333333,3970,0.6644836272040302,0.6996083607671062
UX,42,new_P3_selected,selected_UX_42,main,validation,P0_legacy,11,0.7333333333333333,0.8,3479,0.7441793618855993,0.7650773750691063
UX,42,new_P3_selected,selected_UX_42,main,validation,P0_legacy,12,0.8,0.8666666666666667,2760,0.8177536231884058,0.8323951524185061
UX,42,new_P3_selected,selected_UX_42,main,validation,P0_legacy,13,0.8666666666666667,0.9333333333333333,2110,0.8848341232227488,0.8968657391586045
UX,42,new_P3_selected,selected_UX_42,main,validation,P0_legacy,14,0.9333333333333333,1.0,498,0.9317269076305221,0.9490119592114096
UX,42,new_P3_selected,selected_UX_42,main,validation,P1_valid_cache_endpoints,0,0.0,0.06666666666666667,0,,
UX,42,new_P3_selected,selected_UX_42,main,validation,P1_valid_cache_endpoints,1,0.06666666666666667,0.13333333333333333,0,,
UX,42,new_P3_selected,selected_UX_42,main,validation,P1_valid_cache_endpoints,2,0.13333333333333333,0.2,0,,
UX,42,new_P3_selected,selected_UX_42,main,validation,P1_valid_cache_endpoints,3,0.2,0.26666666666666666,0,,
UX,42,new_P3_selected,selected_UX_42,main,validation,P1_valid_cache_endpoints,4,0.26666666666666666,0.3333333333333333,0,,
UX,42,new_P3_selected,selected_UX_42,main,validation,P1_valid_cache_endpoints,5,0.3333333333333333,0.4,4489,0.3684562263310314,0.3773631092522823
UX,42,new_P3_selected,selected_UX_42,main,validation,P1_valid_cache_endpoints,6,0.4,0.4666666666666667,10531,0.44259804387047763,0.43499114691781693
UX,42,new_P3_selected,selected_UX_42,main,validation,P1_valid_cache_endpoints,7,0.4666666666666667,0.5333333333333333,9915,0.48078668683812403,0.49787655594116315
UX,42,new_P3_selected,selected_UX_42,main,validation,P1_valid_cache_endpoints,8,0.5333333333333333,0.6,6518,0.5532371893218779,0.5644047713923416
UX,42,new_P3_selected,selected_UX_42,main,validation,P1_valid_cache_endpoints,9,0.6,0.6666666666666666,4581,0.6107836716874046,0.6323048455914444
UX,42,new_P3_selected,selected_UX_42,main,validation,P1_valid_cache_endpoints,10,0.6666666666666666,0.7333333333333333,3721,0.6756248320343994,0.6992584027959964
UX,42,new_P3_selected,selected_UX_42,main,validation,P1_valid_cache_endpoints,11,0.7333333333333333,0.8,3352,0.7458233890214797,0.7652424536139297
UX,42,new_P3_selected,selected_UX_42,main,validation,P1_valid_cache_endpoints,12,0.8,0.8666666666666667,2660,0.8112781954887218,0.8323951565562357
UX,42,new_P3_selected,selected_UX_42,main,validation,P1_valid_cache_endpoints,13,0.8666666666666667,0.9333333333333333,2037,0.8807069219440353,0.8969340181721045
UX,42,new_P3_selected,selected_UX_42,main,validation,P1_valid_cache_endpoints,14,0.9333333333333333,1.0,476,0.9285714285714286,0.9489225095737023
UX,42,new_P3_selected,selected_UX_42,main,validation,P2_candidate_clock,0,0.0,0.06666666666666667,0,,
UX,42,new_P3_selected,selected_UX_42,main,validation,P2_candidate_clock,1,0.06666666666666667,0.13333333333333333,0,,
UX,42,new_P3_selected,selected_UX_42,main,validation,P2_candidate_clock,2,0.13333333333333333,0.2,0,,
UX,42,new_P3_selected,selected_UX_42,main,validation,P2_candidate_clock,3,0.2,0.26666666666666666,0,,
UX,42,new_P3_selected,selected_UX_42,main,validation,P2_candidate_clock,4,0.26666666666666666,0.3333333333333333,0,,
UX,42,new_P3_selected,selected_UX_42,main,validation,P2_candidate_clock,5,0.3333333333333333,0.4,4264,0.36866791744840527,0.37737375422951663
UX,42,new_P3_selected,selected_UX_42,main,validation,P2_candidate_clock,6,0.4,0.4666666666666667,9784,0.44388798037612426,0.4349170776878433
UX,42,new_P3_selected,selected_UX_42,main,validation,P2_candidate_clock,7,0.4666666666666667,0.5333333333333333,8696,0.4827506899724011,0.4976005948430213
UX,42,new_P3_selected,selected_UX_42,main,validation,P2_candidate_clock,8,0.5333333333333333,0.6,5703,0.5516394879887778,0.5642434519745854
UX,42,new_P3_selected,selected_UX_42,main,validation,P2_candidate_clock,9,0.6,0.6666666666666666,3954,0.6049570055639858,0.6325590250124835
UX,42,new_P3_selected,selected_UX_42,main,validation,P2_candidate_clock,10,0.6666666666666666,0.7333333333333333,3444,0.6637630662020906,0.6995447343683315
UX,42,new_P3_selected,selected_UX_42,main,validation,P2_candidate_clock,11,0.7333333333333333,0.8,3090,0.7417475728155339,0.7651053757875186
UX,42,new_P3_selected,selected_UX_42,main,validation,P2_candidate_clock,12,0.8,0.8666666666666667,2434,0.8134757600657354,0.8324282116955336
UX,42,new_P3_selected,selected_UX_42,main,validation,P2_candidate_clock,13,0.8666666666666667,0.9333333333333333,1844,0.8828633405639913,0.8968033231060477
UX,42,new_P3_selected,selected_UX_42,main,validation,P2_candidate_clock,14,0.9333333333333333,1.0,446,0.9282511210762332,0.9493072874948781
UX,42,new_P3_selected,selected_UX_42,main,validation,P3_intersection,0,0.0,0.06666666666666667,0,,
UX,42,new_P3_selected,selected_UX_42,main,validation,P3_intersection,1,0.06666666666666667,0.13333333333333333,0,,
UX,42,new_P3_selected,selected_UX_42,main,validation,P3_intersection,2,0.13333333333333333,0.2,0,,
UX,42,new_P3_selected,selected_UX_42,main,validation,P3_intersection,3,0.2,0.26666666666666666,0,,
UX,42,new_P3_selected,selected_UX_42,main,validation,P3_intersection,4,0.26666666666666666,0.3333333333333333,0,,
UX,42,new_P3_selected,selected_UX_42,main,validation,P3_intersection,5,0.3333333333333333,0.4,4214,0.37019458946369244,0.3774117795233675
UX,42,new_P3_selected,selected_UX_42,main,validation,P3_intersection,6,0.4,0.4666666666666667,9688,0.44467382328654004,0.4348671814915465
UX,42,new_P3_selected,selected_UX_42,main,validation,P3_intersection,7,0.4666666666666667,0.5333333333333333,8556,0.4848059841047218,0.49751548039292937
UX,42,new_P3_selected,selected_UX_42,main,validation,P3_intersection,8,0.5333333333333333,0.6,5607,0.5555555555555556,0.5642561988630309
UX,42,new_P3_selected,selected_UX_42,main,validation,P3_intersection,9,0.6,0.6666666666666666,3908,0.6074718526100307,0.6325993004274802
UX,42,new_P3_selected,selected_UX_42,main,validation,P3_intersection,10,0.6666666666666666,0.7333333333333333,3325,0.6818045112781955,0.6993666175345584
UX,42,new_P3_selected,selected_UX_42,main,validation,P3_intersection,11,0.7333333333333333,0.8,3051,0.7482792527040315,0.7652605005468388
UX,42,new_P3_selected,selected_UX_42,main,validation,P3_intersection,12,0.8,0.8666666666666667,2424,0.8131188118811881,0.8324445091967104
UX,42,new_P3_selected,selected_UX_42,main,validation,P3_intersection,13,0.8666666666666667,0.9333333333333333,1839,0.8825448613376835,0.896802484422834
UX,42,new_P3_selected,selected_UX_42,main,validation,P3_intersection,14,0.9333333333333333,1.0,438,0.9269406392694064,0.9491395316907476
