model,seed,family,fold,split,population,bin,lower,upper,rows,accuracy,mean_confidence
UM_V2_DEPTH,123,selected,main,development_holdout,P0_legacy,0,0.0,0.06666666666666667,0,,
UM_V2_DEPTH,123,selected,main,development_holdout,P0_legacy,1,0.06666666666666667,0.13333333333333333,0,,
UM_V2_DEPTH,123,selected,main,development_holdout,P0_legacy,2,0.13333333333333333,0.2,0,,
UM_V2_DEPTH,123,selected,main,development_holdout,P0_legacy,3,0.2,0.26666666666666666,0,,
UM_V2_DEPTH,123,selected,main,development_holdout,P0_legacy,4,0.26666666666666666,0.3333333333333333,0,,
UM_V2_DEPTH,123,selected,main,development_holdout,P0_legacy,5,0.3333333333333333,0.4,10019,0.37608543766843,0.3770830090822438
UM_V2_DEPTH,123,selected,main,development_holdout,P0_legacy,6,0.4,0.4666666666666667,23053,0.4287945169826053,0.4346840911344591
UM_V2_DEPTH,123,selected,main,development_holdout,P0_legacy,7,0.4666666666666667,0.5333333333333333,21528,0.48025826830174656,0.49811510961312816
UM_V2_DEPTH,123,selected,main,development_holdout,P0_legacy,8,0.5333333333333333,0.6,13745,0.5503819570753001,0.5640670877758309
UM_V2_DEPTH,123,selected,main,development_holdout,P0_legacy,9,0.6,0.6666666666666666,9339,0.6115215761858871,0.6318249628813116
UM_V2_DEPTH,123,selected,main,development_holdout,P0_legacy,10,0.6666666666666666,0.7333333333333333,7476,0.6688068485821295,0.6983891359217922
UM_V2_DEPTH,123,selected,main,development_holdout,P0_legacy,11,0.7333333333333333,0.8,6181,0.73920077657337,0.7655323069307095
UM_V2_DEPTH,123,selected,main,development_holdout,P0_legacy,12,0.8,0.8666666666666667,5256,0.7977549467275494,0.8325320353564831
UM_V2_DEPTH,123,selected,main,development_holdout,P0_legacy,13,0.8666666666666667,0.9333333333333333,3876,0.8753869969040248,0.8975072263823497
UM_V2_DEPTH,123,selected,main,development_holdout,P0_legacy,14,0.9333333333333333,1.0,1101,0.932788374205268,0.9481069330250403
UM_V2_DEPTH,123,selected,main,development_holdout,P1_valid_cache_endpoints,0,0.0,0.06666666666666667,0,,
UM_V2_DEPTH,123,selected,main,development_holdout,P1_valid_cache_endpoints,1,0.06666666666666667,0.13333333333333333,0,,
UM_V2_DEPTH,123,selected,main,development_holdout,P1_valid_cache_endpoints,2,0.13333333333333333,0.2,0,,
UM_V2_DEPTH,123,selected,main,development_holdout,P1_valid_cache_endpoints,3,0.2,0.26666666666666666,0,,
UM_V2_DEPTH,123,selected,main,development_holdout,P1_valid_cache_endpoints,4,0.26666666666666666,0.3333333333333333,0,,
UM_V2_DEPTH,123,selected,main,development_holdout,P1_valid_cache_endpoints,5,0.3333333333333333,0.4,9648,0.37728026533996684,0.37708055365153387
UM_V2_DEPTH,123,selected,main,development_holdout,P1_valid_cache_endpoints,6,0.4,0.4666666666666667,22031,0.42980345876265263,0.4346236252949097
UM_V2_DEPTH,123,selected,main,development_holdout,P1_valid_cache_endpoints,7,0.4666666666666667,0.5333333333333333,20370,0.48306332842415317,0.4980003019214475
UM_V2_DEPTH,123,selected,main,development_holdout,P1_valid_cache_endpoints,8,0.5333333333333333,0.6,13033,0.5490677510933784,0.5640927462977984
UM_V2_DEPTH,123,selected,main,development_holdout,P1_valid_cache_endpoints,9,0.6,0.6666666666666666,8963,0.6041503960727435,0.6318643016604231
UM_V2_DEPTH,123,selected,main,development_holdout,P1_valid_cache_endpoints,10,0.6666666666666666,0.7333333333333333,7244,0.6606847045831032,0.6984634564456671
UM_V2_DEPTH,123,selected,main,development_holdout,P1_valid_cache_endpoints,11,0.7333333333333333,0.8,5971,0.7310333277507955,0.7655327588828984
UM_V2_DEPTH,123,selected,main,development_holdout,P1_valid_cache_endpoints,12,0.8,0.8666666666666667,5087,0.7910359740515038,0.8325819995933552
UM_V2_DEPTH,123,selected,main,development_holdout,P1_valid_cache_endpoints,13,0.8666666666666667,0.9333333333333333,3745,0.8718291054739653,0.8975213601076985
UM_V2_DEPTH,123,selected,main,development_holdout,P1_valid_cache_endpoints,14,0.9333333333333333,1.0,1064,0.9304511278195489,0.9481650050835434
UM_V2_DEPTH,123,selected,main,development_holdout,P2_candidate_clock,0,0.0,0.06666666666666667,0,,
UM_V2_DEPTH,123,selected,main,development_holdout,P2_candidate_clock,1,0.06666666666666667,0.13333333333333333,0,,
UM_V2_DEPTH,123,selected,main,development_holdout,P2_candidate_clock,2,0.13333333333333333,0.2,0,,
UM_V2_DEPTH,123,selected,main,development_holdout,P2_candidate_clock,3,0.2,0.26666666666666666,0,,
UM_V2_DEPTH,123,selected,main,development_holdout,P2_candidate_clock,4,0.26666666666666666,0.3333333333333333,0,,
UM_V2_DEPTH,123,selected,main,development_holdout,P2_candidate_clock,5,0.3333333333333333,0.4,9213,0.37490502550743515,0.3770944224291156
UM_V2_DEPTH,123,selected,main,development_holdout,P2_candidate_clock,6,0.4,0.4666666666666667,20736,0.4288194444444444,0.4344324724970599
UM_V2_DEPTH,123,selected,main,development_holdout,P2_candidate_clock,7,0.4666666666666667,0.5333333333333333,18077,0.47939370470763953,0.49778008013199476
UM_V2_DEPTH,123,selected,main,development_holdout,P2_candidate_clock,8,0.5333333333333333,0.6,11331,0.5469067160886065,0.5640469392809427
UM_V2_DEPTH,123,selected,main,development_holdout,P2_candidate_clock,9,0.6,0.6666666666666666,7929,0.6073905914995585,0.6321279861969133
UM_V2_DEPTH,123,selected,main,development_holdout,P2_candidate_clock,10,0.6666666666666666,0.7333333333333333,6604,0.6623258631132647,0.698430790325783
UM_V2_DEPTH,123,selected,main,development_holdout,P2_candidate_clock,11,0.7333333333333333,0.8,5430,0.7344383057090239,0.7655488082262465
UM_V2_DEPTH,123,selected,main,development_holdout,P2_candidate_clock,12,0.8,0.8666666666666667,4564,0.796669588080631,0.8328244829886683
UM_V2_DEPTH,123,selected,main,development_holdout,P2_candidate_clock,13,0.8666666666666667,0.9333333333333333,3377,0.8782943440923897,0.897736476140645
UM_V2_DEPTH,123,selected,main,development_holdout,P2_candidate_clock,14,0.9333333333333333,1.0,948,0.9314345991561181,0.9483105278783015
UM_V2_DEPTH,123,selected,main,development_holdout,P3_intersection,0,0.0,0.06666666666666667,0,,
UM_V2_DEPTH,123,selected,main,development_holdout,P3_intersection,1,0.06666666666666667,0.13333333333333333,0,,
UM_V2_DEPTH,123,selected,main,development_holdout,P3_intersection,2,0.13333333333333333,0.2,0,,
UM_V2_DEPTH,123,selected,main,development_holdout,P3_intersection,3,0.2,0.26666666666666666,0,,
UM_V2_DEPTH,123,selected,main,development_holdout,P3_intersection,4,0.26666666666666666,0.3333333333333333,0,,
UM_V2_DEPTH,123,selected,main,development_holdout,P3_intersection,5,0.3333333333333333,0.4,9042,0.37513824375138244,0.3771198849270286
UM_V2_DEPTH,123,selected,main,development_holdout,P3_intersection,6,0.4,0.4666666666666667,20236,0.43121170191737496,0.4344191995559714
UM_V2_DEPTH,123,selected,main,development_holdout,P3_intersection,7,0.4666666666666667,0.5333333333333333,17537,0.4852597365569938,0.4977413630215492
UM_V2_DEPTH,123,selected,main,development_holdout,P3_intersection,8,0.5333333333333333,0.6,11061,0.5519392459994575,0.5641203667612402
UM_V2_DEPTH,123,selected,main,development_holdout,P3_intersection,9,0.6,0.6666666666666666,7847,0.6095323053396202,0.6321982514775559
UM_V2_DEPTH,123,selected,main,development_holdout,P3_intersection,10,0.6666666666666666,0.7333333333333333,6577,0.6627641781967463,0.6984225724613964
UM_V2_DEPTH,123,selected,main,development_holdout,P3_intersection,11,0.7333333333333333,0.8,5416,0.7346750369276218,0.7655602965079853
UM_V2_DEPTH,123,selected,main,development_holdout,P3_intersection,12,0.8,0.8666666666666667,4558,0.7964019306713471,0.832822709103119
UM_V2_DEPTH,123,selected,main,development_holdout,P3_intersection,13,0.8666666666666667,0.9333333333333333,3368,0.8788598574821853,0.897731377257633
UM_V2_DEPTH,123,selected,main,development_holdout,P3_intersection,14,0.9333333333333333,1.0,946,0.9312896405919662,0.948320293468999
UM_V2_DEPTH,123,selected,main,validation,P0_legacy,0,0.0,0.06666666666666667,0,,
UM_V2_DEPTH,123,selected,main,validation,P0_legacy,1,0.06666666666666667,0.13333333333333333,0,,
UM_V2_DEPTH,123,selected,main,validation,P0_legacy,2,0.13333333333333333,0.2,0,,
UM_V2_DEPTH,123,selected,main,validation,P0_legacy,3,0.2,0.26666666666666666,0,,
UM_V2_DEPTH,123,selected,main,validation,P0_legacy,4,0.26666666666666666,0.3333333333333333,0,,
UM_V2_DEPTH,123,selected,main,validation,P0_legacy,5,0.3333333333333333,0.4,4759,0.3641521328010086,0.3769347849559381
UM_V2_DEPTH,123,selected,main,validation,P0_legacy,6,0.4,0.4666666666666667,10992,0.4366812227074236,0.43477995055129626
UM_V2_DEPTH,123,selected,main,validation,P0_legacy,7,0.4666666666666667,0.5333333333333333,10780,0.4846938775510204,0.4979677899378973
UM_V2_DEPTH,123,selected,main,validation,P0_legacy,8,0.5333333333333333,0.6,6967,0.5491603272570691,0.5643333829083869
UM_V2_DEPTH,123,selected,main,validation,P0_legacy,9,0.6,0.6666666666666666,4757,0.6310700021021652,0.6322602556239882
UM_V2_DEPTH,123,selected,main,validation,P0_legacy,10,0.6666666666666666,0.7333333333333333,3874,0.6938564790913784,0.6992702182010355
UM_V2_DEPTH,123,selected,main,validation,P0_legacy,11,0.7333333333333333,0.8,3220,0.7633540372670807,0.7653976307233539
UM_V2_DEPTH,123,selected,main,validation,P0_legacy,12,0.8,0.8666666666666667,2608,0.8301380368098159,0.832274853389644
UM_V2_DEPTH,123,selected,main,validation,P0_legacy,13,0.8666666666666667,0.9333333333333333,1911,0.8791208791208791,0.896590819270651
UM_V2_DEPTH,123,selected,main,validation,P0_legacy,14,0.9333333333333333,1.0,406,0.9384236453201971,0.9476040414730411
UM_V2_DEPTH,123,selected,main,validation,P1_valid_cache_endpoints,0,0.0,0.06666666666666667,0,,
UM_V2_DEPTH,123,selected,main,validation,P1_valid_cache_endpoints,1,0.06666666666666667,0.13333333333333333,0,,
UM_V2_DEPTH,123,selected,main,validation,P1_valid_cache_endpoints,2,0.13333333333333333,0.2,0,,
UM_V2_DEPTH,123,selected,main,validation,P1_valid_cache_endpoints,3,0.2,0.26666666666666666,0,,
UM_V2_DEPTH,123,selected,main,validation,P1_valid_cache_endpoints,4,0.26666666666666666,0.3333333333333333,0,,
UM_V2_DEPTH,123,selected,main,validation,P1_valid_cache_endpoints,5,0.3333333333333333,0.4,4619,0.36436458107815545,0.3769639594232347
UM_V2_DEPTH,123,selected,main,validation,P1_valid_cache_endpoints,6,0.4,0.4666666666666667,10644,0.43705373919579105,0.43474672193647534
UM_V2_DEPTH,123,selected,main,validation,P1_valid_cache_endpoints,7,0.4666666666666667,0.5333333333333333,10270,0.48675754625121714,0.4978200973961354
UM_V2_DEPTH,123,selected,main,validation,P1_valid_cache_endpoints,8,0.5333333333333333,0.6,6577,0.5534438193705337,0.5644665005442957
UM_V2_DEPTH,123,selected,main,validation,P1_valid_cache_endpoints,9,0.6,0.6666666666666666,4570,0.6262582056892779,0.6323453138506532
UM_V2_DEPTH,123,selected,main,validation,P1_valid_cache_endpoints,10,0.6666666666666666,0.7333333333333333,3764,0.6865037194473964,0.69931969980689
UM_V2_DEPTH,123,selected,main,validation,P1_valid_cache_endpoints,11,0.7333333333333333,0.8,3103,0.7550757331614567,0.765426076703025
UM_V2_DEPTH,123,selected,main,validation,P1_valid_cache_endpoints,12,0.8,0.8666666666666667,2518,0.824066719618745,0.8323224050195005
UM_V2_DEPTH,123,selected,main,validation,P1_valid_cache_endpoints,13,0.8666666666666667,0.9333333333333333,1837,0.874251497005988,0.8966731244200643
UM_V2_DEPTH,123,selected,main,validation,P1_valid_cache_endpoints,14,0.9333333333333333,1.0,378,0.9338624338624338,0.9475810061900423
UM_V2_DEPTH,123,selected,main,validation,P2_candidate_clock,0,0.0,0.06666666666666667,0,,
UM_V2_DEPTH,123,selected,main,validation,P2_candidate_clock,1,0.06666666666666667,0.13333333333333333,0,,
UM_V2_DEPTH,123,selected,main,validation,P2_candidate_clock,2,0.13333333333333333,0.2,0,,
UM_V2_DEPTH,123,selected,main,validation,P2_candidate_clock,3,0.2,0.26666666666666666,0,,
UM_V2_DEPTH,123,selected,main,validation,P2_candidate_clock,4,0.26666666666666666,0.3333333333333333,0,,
UM_V2_DEPTH,123,selected,main,validation,P2_candidate_clock,5,0.3333333333333333,0.4,4407,0.36805082822781937,0.37690403455538435
UM_V2_DEPTH,123,selected,main,validation,P2_candidate_clock,6,0.4,0.4666666666666667,9900,0.4381818181818182,0.4344740332656316
UM_V2_DEPTH,123,selected,main,validation,P2_candidate_clock,7,0.4666666666666667,0.5333333333333333,9110,0.4841931942919868,0.49773083281229424
UM_V2_DEPTH,123,selected,main,validation,P2_candidate_clock,8,0.5333333333333333,0.6,5721,0.5465827652508303,0.5644889328738297
UM_V2_DEPTH,123,selected,main,validation,P2_candidate_clock,9,0.6,0.6666666666666666,4029,0.6264581782079921,0.6324369992715675
UM_V2_DEPTH,123,selected,main,validation,P2_candidate_clock,10,0.6666666666666666,0.7333333333333333,3407,0.6900498972703258,0.6992487731899794
UM_V2_DEPTH,123,selected,main,validation,P2_candidate_clock,11,0.7333333333333333,0.8,2790,0.7551971326164875,0.7653471928493348
UM_V2_DEPTH,123,selected,main,validation,P2_candidate_clock,12,0.8,0.8666666666666667,2309,0.8284971849285405,0.8321051210935584
UM_V2_DEPTH,123,selected,main,validation,P2_candidate_clock,13,0.8666666666666667,0.9333333333333333,1647,0.8791742562234366,0.8964524299196059
UM_V2_DEPTH,123,selected,main,validation,P2_candidate_clock,14,0.9333333333333333,1.0,339,0.9380530973451328,0.9478677522989671
UM_V2_DEPTH,123,selected,main,validation,P3_intersection,0,0.0,0.06666666666666667,0,,
UM_V2_DEPTH,123,selected,main,validation,P3_intersection,1,0.06666666666666667,0.13333333333333333,0,,
UM_V2_DEPTH,123,selected,main,validation,P3_intersection,2,0.13333333333333333,0.2,0,,
UM_V2_DEPTH,123,selected,main,validation,P3_intersection,3,0.2,0.26666666666666666,0,,
UM_V2_DEPTH,123,selected,main,validation,P3_intersection,4,0.26666666666666666,0.3333333333333333,0,,
UM_V2_DEPTH,123,selected,main,validation,P3_intersection,5,0.3333333333333333,0.4,4347,0.36853002070393376,0.376981590041468
UM_V2_DEPTH,123,selected,main,validation,P3_intersection,6,0.4,0.4666666666666667,9794,0.4393506228303043,0.4344637118937472
UM_V2_DEPTH,123,selected,main,validation,P3_intersection,7,0.4666666666666667,0.5333333333333333,8891,0.490271060623102,0.4975332442608824
UM_V2_DEPTH,123,selected,main,validation,P3_intersection,8,0.5333333333333333,0.6,5572,0.5554558506819813,0.5647361944031026
UM_V2_DEPTH,123,selected,main,validation,P3_intersection,9,0.6,0.6666666666666666,3992,0.6292585170340681,0.6324836173792824
UM_V2_DEPTH,123,selected,main,validation,P3_intersection,10,0.6666666666666666,0.7333333333333333,3394,0.690041249263406,0.6992327945848726
UM_V2_DEPTH,123,selected,main,validation,P3_intersection,11,0.7333333333333333,0.8,2780,0.7546762589928058,0.7653656739117137
UM_V2_DEPTH,123,selected,main,validation,P3_intersection,12,0.8,0.8666666666666667,2305,0.8281995661605206,0.8320944865174432
UM_V2_DEPTH,123,selected,main,validation,P3_intersection,13,0.8666666666666667,0.9333333333333333,1642,0.8788063337393422,0.8964556242572382
UM_V2_DEPTH,123,selected,main,validation,P3_intersection,14,0.9333333333333333,1.0,333,0.9369369369369369,0.9477781087647293
