model,seed,family,fold,split,population,asset_id,rows,nll,accuracy,macro_f1,mcc,brier,equal_asset_nll,down,flat,up,max_probability_sum_error
SHARED_QUERY,42,lr_search,main,development_holdout,P0_legacy,KR7000030007_t,3762,0.6749386821902592,0.7192982456140351,0.39556846144316565,0.18288809548984505,0.3944543122222018,0.6749386821902593,493,2700,569,9.12696123123169e-08
SHARED_QUERY,42,lr_search,main,development_holdout,P0_legacy,KR7000100008_t,3762,0.9117162478573186,0.5627325890483785,0.4477938531802465,0.21852401277414854,0.5478435778806545,0.9117162478573186,853,2002,907,1.043081283569336e-07
SHARED_QUERY,42,lr_search,main,development_holdout,P0_legacy,KR7000120006_t,3762,0.7324165527311337,0.6796916533758639,0.4504395918419563,0.23538599043247124,0.4279519467015377,0.7324165527311337,637,2522,603,9.685754776000977e-08
SHARED_QUERY,42,lr_search,main,development_holdout,P0_legacy,KR7000150003_t,3762,0.9269126365664073,0.5430622009569378,0.4685437189753894,0.2298951559269678,0.5547927815550644,0.9269126365664073,934,1941,887,1.043081283569336e-07
SHARED_QUERY,42,lr_search,main,development_holdout,P0_legacy,KR7000270009_t,3762,0.870345455509418,0.5933014354066986,0.5055463699048212,0.2969881975252558,0.5199676156084226,0.870345455509418,925,2015,822,1.1920928955078125e-07
SHARED_QUERY,42,lr_search,main,development_holdout,P0_legacy,KR7000660001_t,3762,1.0152234178709323,0.47368421052631576,0.45115326896641444,0.19554273898328084,0.6131294543361787,1.0152234178709323,1153,1468,1141,1.043081283569336e-07
SHARED_QUERY,42,lr_search,main,development_holdout,P0_legacy,KR7000720003_t,3762,1.0247183936256254,0.45773524720893144,0.447619803435976,0.188542428989711,0.6212967584826192,1.0247183936256254,1311,1256,1195,1.043081283569336e-07
SHARED_QUERY,42,lr_search,main,development_holdout,P0_legacy,KR7000810002_t,3762,0.8705842063200782,0.6015417331206805,0.46879971962315414,0.24058150823511604,0.5183924198996348,0.870584206320078,820,2158,784,1.043081283569336e-07
SHARED_QUERY,42,lr_search,main,development_holdout,P0_legacy,KR7001040005_t,3762,0.9224915544271682,0.5528973950026581,0.44054964683783054,0.19390672840809833,0.5552128653894111,0.9224915544271682,888,2025,849,1.043081283569336e-07
SHARED_QUERY,42,lr_search,main,development_holdout,P0_legacy,KR7001450006_t,3762,0.9226910714940934,0.5531632110579479,0.47908357339813756,0.24909524368478397,0.551875875731872,0.9226910714940932,879,1922,961,1.043081283569336e-07
SHARED_QUERY,42,lr_search,main,development_holdout,P0_legacy,KR7002380004_t,3762,0.9842580579502129,0.49574694311536416,0.47695290235719773,0.22559269475922594,0.5941459415957798,0.9842580579502129,1060,1582,1120,1.1920928955078125e-07
SHARED_QUERY,42,lr_search,main,development_holdout,P0_legacy,KR7002550002_t,3762,0.8824363262655761,0.5574162679425837,0.48454893940768473,0.23238224642089175,0.5274528770364361,0.8824363262655762,783,2178,801,1.1175870895385742e-07
SHARED_QUERY,42,lr_search,main,development_holdout,P0_legacy,KR7002790004_t,3762,0.811643860164217,0.645933014354067,0.4348978287963195,0.21076500800716888,0.4784232710693875,0.8116438601642169,706,2428,628,9.685754776000977e-08
SHARED_QUERY,42,lr_search,main,development_holdout,P0_legacy,KR7003550001_t,3762,1.0395204280476427,0.4614566719829878,0.4541946605544324,0.18614961432719496,0.6269040677584371,1.0395204280476427,1212,1400,1150,1.043081283569336e-07
SHARED_QUERY,42,lr_search,main,development_holdout,P0_legacy,KR7004020004_t,3762,0.9871663455163946,0.5002658160552897,0.4678641753927748,0.2129793497916297,0.5976156022220875,0.9871663455163946,1066,1723,973,1.043081283569336e-07
SHARED_QUERY,42,lr_search,main,development_holdout,P0_legacy,KR7004170007_t,3762,0.9559848119333835,0.5255183413078149,0.4570489092535506,0.21807720761290586,0.5729651845331467,0.9559848119333835,964,1807,991,1.043081283569336e-07
SHARED_QUERY,42,lr_search,main,development_holdout,P0_legacy,KR7005300009_t,3762,1.1141173819060701,0.43859649122807015,0.41812275772159513,0.1886884447657439,0.6585922003525925,1.1141173819060703,1216,1395,1151,1.043081283569336e-07
SHARED_QUERY,42,lr_search,main,development_holdout,P0_legacy,KR7005380001_t,3762,0.7372177071784384,0.6919191919191919,0.4008627402039178,0.1997720933695416,0.42934109627692196,0.7372177071784383,598,2565,599,1.043081283569336e-07
SHARED_QUERY,42,lr_search,main,development_holdout,P0_legacy,KR7005440003_t,3762,0.8777499464819107,0.58160552897395,0.42897000330412155,0.1782331450456106,0.5287327309696052,0.8777499464819107,769,2201,792,1.1920928955078125e-07
SHARED_QUERY,42,lr_search,main,development_holdout,P0_legacy,KR7005490008_t,3762,0.9501337899044223,0.531632110579479,0.42937784683864866,0.1935053601079689,0.5726940905013563,0.9501337899044222,945,1874,943,1.0803341865539551e-07
SHARED_QUERY,42,lr_search,main,development_holdout,P0_legacy,KR7005830005_t,3762,0.9588368578642845,0.5268474215842637,0.4885844052521778,0.2447149255737309,0.5767592044602797,0.9588368578642845,942,1868,952,1.043081283569336e-07
SHARED_QUERY,42,lr_search,main,development_holdout,P0_legacy,KR7005930003_t,3762,1.0380980550302552,0.4359383306751728,0.3905158552579214,0.10656560029655145,0.6308405292072354,1.0380980550302552,1445,854,1463,1.1920928955078125e-07
SHARED_QUERY,42,lr_search,main,development_holdout,P0_legacy,KR7006400006_t,3762,0.6870069957055004,0.7230196703880915,0.443032276152801,0.24546489522747725,0.39694565745288835,0.6870069957055004,532,2695,535,1.043081283569336e-07
SHARED_QUERY,42,lr_search,main,development_holdout,P0_legacy,KR7006800007_t,3762,1.0227827680468011,0.4534821903242956,0.42620091568340807,0.18023619871122765,0.6167436972201281,1.0227827680468011,1276,1305,1181,1.043081283569336e-07
SHARED_QUERY,42,lr_search,main,development_holdout,P0_legacy,KR7007070006_t,3762,0.9914596871208273,0.49229133439659756,0.47977104182479535,0.2271419237348702,0.5995578790393774,0.9914596871208273,1048,1714,1000,1.043081283569336e-07
SHARED_QUERY,42,lr_search,main,development_holdout,P0_legacy,KR7008770000_t,3762,1.0176696021222233,0.4779372674109516,0.4615715147592175,0.21252291481702792,0.6148829316224683,1.0176696021222233,1219,1369,1174,1.1920928955078125e-07
SHARED_QUERY,42,lr_search,main,development_holdout,P0_legacy,KR7009150004_t,3762,1.0146918721540523,0.4750132908027645,0.45059669115547124,0.19429928988050563,0.6144910265773076,1.0146918721540523,1126,1498,1138,1.043081283569336e-07
SHARED_QUERY,42,lr_search,main,development_holdout,P1_valid_cache_endpoints,KR7000030007_t,3661,0.6855729156001154,0.7121005189838842,0.39402155040050796,0.18171204701011753,0.401642354278122,0.6855729156001156,493,2599,569,9.12696123123169e-08
SHARED_QUERY,42,lr_search,main,development_holdout,P1_valid_cache_endpoints,KR7000100008_t,3643,0.9213001520753544,0.5553115564095525,0.4467354911265766,0.21859668852130915,0.5545984380332103,0.9213001520753545,850,1891,902,1.043081283569336e-07
SHARED_QUERY,42,lr_search,main,development_holdout,P1_valid_cache_endpoints,KR7000120006_t,3583,0.7376373337675677,0.6762489533910131,0.4528033090656854,0.2453548411069477,0.4320139989462742,0.7376373337675677,626,2361,596,9.685754776000977e-08
SHARED_QUERY,42,lr_search,main,development_holdout,P1_valid_cache_endpoints,KR7000150003_t,3624,0.9277436569222199,0.5419426048565121,0.47097587269417446,0.23606439449496985,0.5560773074069361,0.92774365692222,923,1818,883,1.043081283569336e-07
SHARED_QUERY,42,lr_search,main,development_holdout,P1_valid_cache_endpoints,KR7000270009_t,3663,0.8795389622092818,0.5850395850395851,0.5030794079612626,0.2923616269635292,0.526142399199996,0.8795389622092817,925,1916,822,1.1920928955078125e-07
SHARED_QUERY,42,lr_search,main,development_holdout,P1_valid_cache_endpoints,KR7000660001_t,3663,1.022764347937321,0.4662844662844663,0.4475993933269804,0.1908964572506792,0.617968221004336,1.0227643479373212,1153,1369,1141,1.043081283569336e-07
SHARED_QUERY,42,lr_search,main,development_holdout,P1_valid_cache_endpoints,KR7000720003_t,3663,1.0237714170373193,0.46027846027846026,0.4477664635759287,0.18713641063327613,0.6203157688819678,1.0237714170373193,1311,1157,1195,1.043081283569336e-07
SHARED_QUERY,42,lr_search,main,development_holdout,P1_valid_cache_endpoints,KR7000810002_t,3657,0.8802201601140269,0.5944763467322942,0.46752591388027315,0.24040789865585097,0.5248092429537345,0.8802201601140269,818,2055,784,1.043081283569336e-07
SHARED_QUERY,42,lr_search,main,development_holdout,P1_valid_cache_endpoints,KR7001040005_t,3655,0.9297050086435844,0.5461012311901505,0.4387391585639073,0.19387099975083416,0.5602974643026861,0.9297050086435844,884,1922,849,1.043081283569336e-07
SHARED_QUERY,42,lr_search,main,development_holdout,P1_valid_cache_endpoints,KR7001450006_t,3655,0.9291972291768112,0.548016415868673,0.4786326979689859,0.24930597264354704,0.5562102350049098,0.9291972291768112,878,1819,958,1.043081283569336e-07
SHARED_QUERY,42,lr_search,main,development_holdout,P1_valid_cache_endpoints,KR7002380004_t,3627,0.9842896059116847,0.49545078577336643,0.4794175801208163,0.2302107773563064,0.5941683892911738,0.9842896059116846,1056,1459,1112,1.1920928955078125e-07
SHARED_QUERY,42,lr_search,main,development_holdout,P1_valid_cache_endpoints,KR7002550002_t,3039,0.8372336527814362,0.5923000987166831,0.5217660815939525,0.2992901282551681,0.49956696993488264,0.8372336527814362,681,1643,715,1.1175870895385742e-07
SHARED_QUERY,42,lr_search,main,development_holdout,P1_valid_cache_endpoints,KR7002790004_t,3643,0.8189343559972029,0.641229755695855,0.4358896960037404,0.21467637595303787,0.48337968886317484,0.8189343559972028,702,2317,624,9.685754776000977e-08
SHARED_QUERY,42,lr_search,main,development_holdout,P1_valid_cache_endpoints,KR7003550001_t,3663,1.0441877214807915,0.4589134589134589,0.45330680420273245,0.18533528911978556,0.6296212655078725,1.0441877214807915,1212,1301,1150,1.043081283569336e-07
SHARED_QUERY,42,lr_search,main,development_holdout,P1_valid_cache_endpoints,KR7004020004_t,3663,0.9927724385291947,0.4944034944034944,0.46590491544305723,0.2096453615027526,0.601035615245338,0.9927724385291947,1066,1624,973,1.043081283569336e-07
SHARED_QUERY,42,lr_search,main,development_holdout,P1_valid_cache_endpoints,KR7004170007_t,3661,0.9636474713543588,0.5203496312482928,0.4564538579471283,0.21947570126539595,0.577784075047542,0.9636474713543588,963,1707,991,1.043081283569336e-07
SHARED_QUERY,42,lr_search,main,development_holdout,P1_valid_cache_endpoints,KR7005300009_t,2815,0.9737496639125316,0.4976909413854352,0.4766295563800485,0.23358127280379912,0.5926474153031144,0.9737496639125316,1063,737,1015,1.043081283569336e-07
SHARED_QUERY,42,lr_search,main,development_holdout,P1_valid_cache_endpoints,KR7005380001_t,3663,0.7497461076963374,0.6855036855036855,0.39983711503201186,0.20196482703886745,0.43737618938620054,0.7497461076963375,598,2466,599,1.043081283569336e-07
SHARED_QUERY,42,lr_search,main,development_holdout,P1_valid_cache_endpoints,KR7005440003_t,3645,0.8856707107990966,0.5764060356652949,0.4283513019128022,0.18169862104291934,0.533655772139018,0.8856707107990966,765,2091,789,1.1920928955078125e-07
SHARED_QUERY,42,lr_search,main,development_holdout,P1_valid_cache_endpoints,KR7005490008_t,3663,0.9611115742107382,0.5225225225225225,0.42671455873331193,0.1911426166237943,0.5800782644207093,0.9611115742107382,945,1775,943,1.0803341865539551e-07
SHARED_QUERY,42,lr_search,main,development_holdout,P1_valid_cache_endpoints,KR7005830005_t,3645,0.9610385313180606,0.5253772290809328,0.4907069457532079,0.24739449580243558,0.5780921177270496,0.9610385313180608,940,1757,948,1.043081283569336e-07
SHARED_QUERY,42,lr_search,main,development_holdout,P1_valid_cache_endpoints,KR7005930003_t,3663,1.0329995025464325,0.44335244335244334,0.39280638879829305,0.10673579634131047,0.627503562491526,1.0329995025464325,1445,755,1463,1.1920928955078125e-07
SHARED_QUERY,42,lr_search,main,development_holdout,P1_valid_cache_endpoints,KR7006400006_t,3661,0.6973724661275948,0.7161977601748156,0.4417204340711378,0.2436124283236688,0.40391153788347867,0.6973724661275948,531,2595,535,1.043081283569336e-07
SHARED_QUERY,42,lr_search,main,development_holdout,P1_valid_cache_endpoints,KR7006800007_t,3663,1.03066596793622,0.4469014469014469,0.42294599392686444,0.17662678873480026,0.6216348845847491,1.03066596793622,1276,1206,1181,1.043081283569336e-07
SHARED_QUERY,42,lr_search,main,development_holdout,P1_valid_cache_endpoints,KR7007070006_t,3657,0.9940297837386143,0.49083948591741866,0.48020012198144335,0.226880408059802,0.6007757462193853,0.9940297837386143,1048,1611,998,1.043081283569336e-07
SHARED_QUERY,42,lr_search,main,development_holdout,P1_valid_cache_endpoints,KR7008770000_t,3655,1.0251452990922458,0.4711354309165527,0.45786710850121853,0.2078730726407088,0.6192716798511944,1.0251452990922458,1218,1265,1172,1.1920928955078125e-07
SHARED_QUERY,42,lr_search,main,development_holdout,P1_valid_cache_endpoints,KR7009150004_t,3663,1.023217049335423,0.4681954681954682,0.44772267360517204,0.19056655094037628,0.6198234290867624,1.023217049335423,1126,1399,1138,1.043081283569336e-07
SHARED_QUERY,42,lr_search,main,development_holdout,P2_candidate_clock,KR7000030007_t,3267,0.6725640566069971,0.7202326293235384,0.36552405328749593,0.1346940882786283,0.3929576894285964,0.6725640566069971,424,2363,480,9.12696123123169e-08
SHARED_QUERY,42,lr_search,main,development_holdout,P2_candidate_clock,KR7000100008_t,3267,0.920681099165684,0.5506580961126416,0.4372557965959593,0.20239223798427478,0.5549420635922959,0.920681099165684,751,1710,806,1.043081283569336e-07
SHARED_QUERY,42,lr_search,main,development_holdout,P2_candidate_clock,KR7000120006_t,3267,0.7306030618903449,0.6770737679828589,0.431729138833965,0.20586481431228992,0.42869373305530895,0.7306030618903449,543,2205,519,9.685754776000977e-08
SHARED_QUERY,42,lr_search,main,development_holdout,P2_candidate_clock,KR7000150003_t,3267,0.9216375952562569,0.5454545454545454,0.4661795988280684,0.2296930668302422,0.5519140876374335,0.9216375952562569,802,1690,775,1.043081283569336e-07
SHARED_QUERY,42,lr_search,main,development_holdout,P2_candidate_clock,KR7000270009_t,3267,0.8781892016853549,0.5855524946434038,0.49961401282430523,0.2849118006532795,0.5248409657932875,0.8781892016853549,799,1751,717,1.1920928955078125e-07
SHARED_QUERY,42,lr_search,main,development_holdout,P2_candidate_clock,KR7000660001_t,3267,1.0215320118261912,0.4695439240893786,0.450909047903318,0.19277714358975528,0.6167800641236547,1.0215320118261912,1013,1249,1005,1.043081283569336e-07
SHARED_QUERY,42,lr_search,main,development_holdout,P2_candidate_clock,KR7000720003_t,3267,1.0255039468585805,0.4588307315580043,0.4457020955631355,0.18572108797244105,0.6210300992528077,1.0255039468585805,1165,1039,1063,1.043081283569336e-07
SHARED_QUERY,42,lr_search,main,development_holdout,P2_candidate_clock,KR7000810002_t,3267,0.8803458656399024,0.5953474135292317,0.4658699729389384,0.23341381076100015,0.525962326189648,0.8803458656399024,720,1850,697,1.043081283569336e-07
SHARED_QUERY,42,lr_search,main,development_holdout,P2_candidate_clock,KR7001040005_t,3267,0.9278162704400021,0.5454545454545454,0.43107166896234833,0.1795286379644195,0.5591958640112272,0.927816270440002,782,1747,738,1.043081283569336e-07
SHARED_QUERY,42,lr_search,main,development_holdout,P2_candidate_clock,KR7001450006_t,3267,0.9324699206528503,0.5466789103152739,0.47552649651240514,0.24106252458333458,0.5575092882324209,0.9324699206528504,755,1656,856,1.043081283569336e-07
SHARED_QUERY,42,lr_search,main,development_holdout,P2_candidate_clock,KR7002380004_t,3267,0.9858438818843276,0.4921946740128558,0.4732072383108849,0.22110945257635137,0.594971128539233,0.9858438818843276,918,1363,986,1.1920928955078125e-07
SHARED_QUERY,42,lr_search,main,development_holdout,P2_candidate_clock,KR7002550002_t,3267,0.874236972376363,0.5607591062136517,0.4870446906479143,0.2360603260222514,0.5231391746626148,0.874236972376363,690,1882,695,1.1175870895385742e-07
SHARED_QUERY,42,lr_search,main,development_holdout,P2_candidate_clock,KR7002790004_t,3267,0.8114832666971739,0.6437098255280074,0.42577937521186104,0.19628994077507073,0.4797636607614321,0.8114832666971739,625,2107,535,8.940696716308594e-08
SHARED_QUERY,42,lr_search,main,development_holdout,P2_candidate_clock,KR7003550001_t,3267,1.0466784821862265,0.4588307315580043,0.452107586929641,0.18295983884699515,0.6304733090017275,1.0466784821862263,1081,1191,995,1.043081283569336e-07
SHARED_QUERY,42,lr_search,main,development_holdout,P2_candidate_clock,KR7004020004_t,3267,0.9904962729376617,0.4983164983164983,0.4689614187493194,0.21283244390869066,0.5992558250944163,0.9904962729376617,932,1481,854,1.043081283569336e-07
SHARED_QUERY,42,lr_search,main,development_holdout,P2_candidate_clock,KR7004170007_t,3267,0.9632787719351308,0.522191613100704,0.45375759329376636,0.21334563081069335,0.5768860929880434,0.9632787719351308,835,1562,870,1.043081283569336e-07
SHARED_QUERY,42,lr_search,main,development_holdout,P2_candidate_clock,KR7005300009_t,3267,1.1066050968034462,0.44077134986225897,0.4177986706856613,0.18702694039372442,0.6568349753242021,1.1066050968034462,1082,1174,1011,1.043081283569336e-07
SHARED_QUERY,42,lr_search,main,development_holdout,P2_candidate_clock,KR7005380001_t,3267,0.7421355358656666,0.6917661463116008,0.3844741530696696,0.18147961028504261,0.43249139510987494,0.7421355358656666,513,2227,527,1.043081283569336e-07
SHARED_QUERY,42,lr_search,main,development_holdout,P2_candidate_clock,KR7005440003_t,3267,0.8777217971910496,0.5775941230486685,0.4218396207700077,0.16660921007790816,0.5288702870402735,0.8777217971910496,659,1906,702,1.1920928955078125e-07
SHARED_QUERY,42,lr_search,main,development_holdout,P2_candidate_clock,KR7005490008_t,3267,0.9589377721255121,0.5258647076828895,0.4221023008951925,0.18215466109314565,0.577438679086287,0.9589377721255121,824,1624,819,1.0803341865539551e-07
SHARED_QUERY,42,lr_search,main,development_holdout,P2_candidate_clock,KR7005830005_t,3267,0.9596832989918781,0.529537802265075,0.4934212183014323,0.25058056549800367,0.5767893522957724,0.9596832989918781,804,1618,845,1.043081283569336e-07
SHARED_QUERY,42,lr_search,main,development_holdout,P2_candidate_clock,KR7005930003_t,3267,1.0377355814393536,0.4398530762167126,0.38958167832670293,0.10533600360426643,0.6296884674370947,1.0377355814393536,1271,703,1293,1.1920928955078125e-07
SHARED_QUERY,42,lr_search,main,development_holdout,P2_candidate_clock,KR7006400006_t,3267,0.6883079253535013,0.7226813590449954,0.42622850541820373,0.21037016622209578,0.3980594724203447,0.6883079253535013,452,2364,451,1.043081283569336e-07
SHARED_QUERY,42,lr_search,main,development_holdout,P2_candidate_clock,KR7006800007_t,3267,1.0336098476381543,0.4462809917355372,0.42262189803943917,0.17483120423921145,0.6226528738577748,1.0336098476381543,1121,1089,1057,1.043081283569336e-07
SHARED_QUERY,42,lr_search,main,development_holdout,P2_candidate_clock,KR7007070006_t,3267,0.9985542910484796,0.4903581267217631,0.4791193896957438,0.22426997594004364,0.6024886050171654,0.9985542910484796,940,1460,867,1.043081283569336e-07
SHARED_QUERY,42,lr_search,main,development_holdout,P2_candidate_clock,KR7008770000_t,3267,1.0265588804553247,0.46862565044383225,0.4551114084420608,0.20089225841679073,0.6198601384832988,1.0265588804553247,1077,1158,1032,1.1920928955078125e-07
SHARED_QUERY,42,lr_search,main,development_holdout,P2_candidate_clock,KR7009150004_t,3267,1.0237719669404985,0.46495255586164674,0.4447099931791298,0.18373646422664772,0.6201560947556018,1.0237719669404985,995,1262,1010,1.043081283569336e-07
SHARED_QUERY,42,lr_search,main,development_holdout,P3_intersection,KR7000030007_t,3265,0.6725765483587255,0.7200612557427258,0.36548425081500624,0.13464246109087155,0.392984021185713,0.6725765483587255,424,2361,480,9.12696123123169e-08
SHARED_QUERY,42,lr_search,main,development_holdout,P3_intersection,KR7000100008_t,3248,0.9197359827724167,0.5517241379310345,0.4384478300669685,0.2043642310696155,0.5543532808123242,0.9197359827724167,748,1699,801,1.043081283569336e-07
SHARED_QUERY,42,lr_search,main,development_holdout,P3_intersection,KR7000120006_t,3192,0.7277166666506113,0.6785714285714286,0.43338412819799355,0.2113304842988288,0.42714126350824544,0.7277166666506113,532,2148,512,9.685754776000977e-08
SHARED_QUERY,42,lr_search,main,development_holdout,P3_intersection,KR7000150003_t,3233,0.9203848664219364,0.5468605010825859,0.4669669964230869,0.23146542765750275,0.5511475408201848,0.9203848664219362,791,1671,771,1.043081283569336e-07
SHARED_QUERY,42,lr_search,main,development_holdout,P3_intersection,KR7000270009_t,3267,0.8781892016853549,0.5855524946434038,0.49961401282430523,0.2849118006532795,0.5248409657932875,0.8781892016853549,799,1751,717,1.1920928955078125e-07
SHARED_QUERY,42,lr_search,main,development_holdout,P3_intersection,KR7000660001_t,3267,1.0215320118261912,0.4695439240893786,0.450909047903318,0.19277714358975528,0.6167800641236547,1.0215320118261912,1013,1249,1005,1.043081283569336e-07
SHARED_QUERY,42,lr_search,main,development_holdout,P3_intersection,KR7000720003_t,3267,1.0255039468585805,0.4588307315580043,0.4457020955631355,0.18572108797244105,0.6210300992528077,1.0255039468585805,1165,1039,1063,1.043081283569336e-07
SHARED_QUERY,42,lr_search,main,development_holdout,P3_intersection,KR7000810002_t,3262,0.8803347151685732,0.595340282035561,0.46577118223837005,0.23328516936175675,0.5259778662513362,0.8803347151685732,718,1847,697,1.043081283569336e-07
SHARED_QUERY,42,lr_search,main,development_holdout,P3_intersection,KR7001040005_t,3261,0.92761306868566,0.5452315240723704,0.4300269159970089,0.17829535573477698,0.5591004045250175,0.92761306868566,778,1745,738,1.043081283569336e-07
SHARED_QUERY,42,lr_search,main,development_holdout,P3_intersection,KR7001450006_t,3259,0.9316284018071286,0.5474071801166002,0.47586654042937687,0.24198298659695774,0.5569987655524181,0.9316284018071286,754,1652,853,1.043081283569336e-07
SHARED_QUERY,42,lr_search,main,development_holdout,P3_intersection,KR7002380004_t,3233,0.984175577901382,0.4939684503557068,0.4752240638229133,0.22418275445044705,0.5937754042872478,0.9841755779013819,914,1341,978,1.1920928955078125e-07
SHARED_QUERY,42,lr_search,main,development_holdout,P3_intersection,KR7002550002_t,2702,0.8294142949114146,0.5973353071798667,0.5223583765371053,0.2984231385048046,0.4942903531657795,0.8294142949114146,594,1491,617,1.1175870895385742e-07
SHARED_QUERY,42,lr_search,main,development_holdout,P3_intersection,KR7002790004_t,3247,0.8093945998408775,0.6458269171542963,0.42781038913977554,0.20057418902985605,0.47862321547219,0.8093945998408775,622,2094,531,8.940696716308594e-08
SHARED_QUERY,42,lr_search,main,development_holdout,P3_intersection,KR7003550001_t,3267,1.0466784821862265,0.4588307315580043,0.452107586929641,0.18295983884699515,0.6304733090017275,1.0466784821862263,1081,1191,995,1.043081283569336e-07
SHARED_QUERY,42,lr_search,main,development_holdout,P3_intersection,KR7004020004_t,3267,0.9904962729376617,0.4983164983164983,0.4689614187493194,0.21283244390869066,0.5992558250944163,0.9904962729376617,932,1481,854,1.043081283569336e-07
SHARED_QUERY,42,lr_search,main,development_holdout,P3_intersection,KR7004170007_t,3265,0.9631274301734654,0.5222052067381318,0.45363821800029264,0.21331369804722505,0.5768053846858635,0.9631274301734652,834,1561,870,1.043081283569336e-07
SHARED_QUERY,42,lr_search,main,development_holdout,P3_intersection,KR7005300009_t,2466,0.9764901210096549,0.4975669099756691,0.47689171157699956,0.2338893489970805,0.5940839066236299,0.9764901210096549,932,654,880,1.043081283569336e-07
SHARED_QUERY,42,lr_search,main,development_holdout,P3_intersection,KR7005380001_t,3267,0.7421355358656666,0.6917661463116008,0.3844741530696696,0.18147961028504261,0.43249139510987494,0.7421355358656666,513,2227,527,1.043081283569336e-07
SHARED_QUERY,42,lr_search,main,development_holdout,P3_intersection,KR7005440003_t,3251,0.8773501888591287,0.5776684097200862,0.4211238277628319,0.1662600383900585,0.5286366343074783,0.8773501888591287,655,1897,699,1.1920928955078125e-07
SHARED_QUERY,42,lr_search,main,development_holdout,P3_intersection,KR7005490008_t,3267,0.9589377721255121,0.5258647076828895,0.4221023008951925,0.18215466109314565,0.577438679086287,0.9589377721255121,824,1624,819,1.0803341865539551e-07
SHARED_QUERY,42,lr_search,main,development_holdout,P3_intersection,KR7005830005_t,3249,0.9578525566399062,0.5312403816558942,0.49516239077731056,0.25313430606717224,0.5757442895098758,0.9578525566399062,802,1606,841,1.043081283569336e-07
SHARED_QUERY,42,lr_search,main,development_holdout,P3_intersection,KR7005930003_t,3267,1.0377355814393536,0.4398530762167126,0.38958167832670293,0.10533600360426643,0.6296884674370947,1.0377355814393536,1271,703,1293,1.1920928955078125e-07
SHARED_QUERY,42,lr_search,main,development_holdout,P3_intersection,KR7006400006_t,3265,0.6880323620604406,0.7228177641653905,0.42639398787013055,0.21056268924787536,0.3978459072554757,0.6880323620604406,451,2363,451,1.043081283569336e-07
SHARED_QUERY,42,lr_search,main,development_holdout,P3_intersection,KR7006800007_t,3267,1.0336098476381543,0.4462809917355372,0.42262189803943917,0.17483120423921145,0.6226528738577748,1.0336098476381543,1121,1089,1057,1.043081283569336e-07
SHARED_QUERY,42,lr_search,main,development_holdout,P3_intersection,KR7007070006_t,3261,0.9982884743414582,0.49064704078503524,0.4793542588042225,0.22458083527620398,0.6023362865314393,0.9982884743414582,940,1456,865,1.043081283569336e-07
SHARED_QUERY,42,lr_search,main,development_holdout,P3_intersection,KR7008770000_t,3259,1.026970409629173,0.46824179196072413,0.45481872854461564,0.20047465994684313,0.6200487002305556,1.0269704096291727,1076,1153,1030,1.1920928955078125e-07
SHARED_QUERY,42,lr_search,main,development_holdout,P3_intersection,KR7009150004_t,3267,1.0237719669404985,0.46495255586164674,0.4447099931791298,0.18373646422664772,0.6201560947556018,1.0237719669404985,995,1262,1010,1.043081283569336e-07
SHARED_QUERY,42,lr_search,main,validation,P0_legacy,KR7000030007_t,1862,0.5610221319141171,0.7900107411385607,0.36639897491773077,0.12920210025529033,0.3181551783819358,0.561022131914117,181,1483,198,8.940696716308594e-08
SHARED_QUERY,42,lr_search,main,validation,P0_legacy,KR7000100008_t,1862,0.8623112759117534,0.6041890440386681,0.4279150390268289,0.19156021292176886,0.5090794728321691,0.8623112759117534,376,1145,341,1.043081283569336e-07
SHARED_QUERY,42,lr_search,main,validation,P0_legacy,KR7000120006_t,1862,0.8037050140405297,0.6482277121374865,0.4564231888664871,0.2386879659431172,0.47400780085407057,0.8037050140405297,398,1169,295,9.313225746154785e-08
SHARED_QUERY,42,lr_search,main,validation,P0_legacy,KR7000150003_t,1862,0.6636201634582564,0.7320085929108485,0.37675449881720297,0.1464990257575592,0.3903481038454585,0.6636201634582564,252,1375,235,1.1920928955078125e-07
SHARED_QUERY,42,lr_search,main,validation,P0_legacy,KR7000270009_t,1862,0.904925271950497,0.5644468313641245,0.48618549522638954,0.25647545284101686,0.5423152471598476,0.9049252719504969,419,1002,441,1.043081283569336e-07
SHARED_QUERY,42,lr_search,main,validation,P0_legacy,KR7000660001_t,1862,1.0404849728034238,0.45166487647690656,0.4472291429279018,0.1730740337352124,0.6287025963134685,1.0404849728034238,603,679,580,1.043081283569336e-07
SHARED_QUERY,42,lr_search,main,validation,P0_legacy,KR7000720003_t,1862,1.039765113968573,0.4323308270676692,0.418366977548889,0.1478051972935164,0.6309550975599783,1.0397651139685729,646,597,619,1.043081283569336e-07
SHARED_QUERY,42,lr_search,main,validation,P0_legacy,KR7000810002_t,1862,0.9129153128758031,0.5585392051557465,0.4535331293188052,0.21922980365183517,0.553135367584486,0.9129153128758031,454,977,431,8.940696716308594e-08
SHARED_QUERY,42,lr_search,main,validation,P0_legacy,KR7001040005_t,1862,0.9333129956534004,0.556390977443609,0.4718441889893899,0.22830825303342792,0.5629629663660295,0.9333129956534004,447,980,435,9.685754776000977e-08
SHARED_QUERY,42,lr_search,main,validation,P0_legacy,KR7001450006_t,1862,0.97313798300466,0.5204081632653061,0.4809105165915448,0.2431211334903926,0.5824865648006327,0.9731379830046599,531,817,514,1.043081283569336e-07
SHARED_QUERY,42,lr_search,main,validation,P0_legacy,KR7002380004_t,1862,0.9602375270283967,0.518796992481203,0.4720487707324108,0.22322530805143506,0.5766495119596172,0.9602375270283967,516,891,455,1.043081283569336e-07
SHARED_QUERY,42,lr_search,main,validation,P0_legacy,KR7002550002_t,1862,0.917728858752868,0.5633727175080558,0.46107318235572053,0.21035192509481726,0.5472301348787952,0.917728858752868,456,1040,366,1.1920928955078125e-07
SHARED_QUERY,42,lr_search,main,validation,P0_legacy,KR7002790004_t,1862,0.8870846608552511,0.5741138560687433,0.40994725927339976,0.1651026517367564,0.5334279876105017,0.8870846608552511,412,1068,382,1.043081283569336e-07
SHARED_QUERY,42,lr_search,main,validation,P0_legacy,KR7003550001_t,1862,0.946186733076871,0.527389903329753,0.4742084976064209,0.2188271270246084,0.570569538596064,0.9461867330768708,434,940,488,1.1920928955078125e-07
SHARED_QUERY,42,lr_search,main,validation,P0_legacy,KR7004020004_t,1862,1.0312009562274458,0.4527389903329753,0.4293189128358906,0.161056972239386,0.6236859716343639,1.0312009562274458,571,736,555,1.043081283569336e-07
SHARED_QUERY,42,lr_search,main,validation,P0_legacy,KR7004170007_t,1862,0.7745544810542239,0.6686358754027927,0.4440321166180952,0.2443594949293836,0.45746659706566517,0.7745544810542239,360,1203,299,1.043081283569336e-07
SHARED_QUERY,42,lr_search,main,validation,P0_legacy,KR7005300009_t,1862,1.1025167674170409,0.4301825993555317,0.39329174245165416,0.15985568946964832,0.65637902055184,1.1025167674170409,642,649,571,1.1175870895385742e-07
SHARED_QUERY,42,lr_search,main,validation,P0_legacy,KR7005380001_t,1862,0.6391658853405499,0.7502685284640171,0.3938853365633605,0.1893414031639874,0.36379849442906664,0.6391658853405499,226,1389,247,8.940696716308594e-08
SHARED_QUERY,42,lr_search,main,validation,P0_legacy,KR7005440003_t,1862,0.7670354861937153,0.6718582169709989,0.4485817643865573,0.20215074375784062,0.4498687786278457,0.7670354861937153,281,1289,292,1.043081283569336e-07
SHARED_QUERY,42,lr_search,main,validation,P0_legacy,KR7005490008_t,1862,0.9457077426877067,0.5349087003222341,0.4246358073596768,0.20479794886188205,0.5730200340289714,0.9457077426877069,502,911,449,1.043081283569336e-07
SHARED_QUERY,42,lr_search,main,validation,P0_legacy,KR7005830005_t,1862,1.0123165038458837,0.4806659505907626,0.46606684376112256,0.19662008366445216,0.612693803840411,1.0123165038458837,544,809,509,1.043081283569336e-07
SHARED_QUERY,42,lr_search,main,validation,P0_legacy,KR7005930003_t,1862,1.054732384824097,0.41836734693877553,0.399150074991031,0.11019823397212397,0.6408693644304623,1.054732384824097,659,517,686,1.043081283569336e-07
SHARED_QUERY,42,lr_search,main,validation,P0_legacy,KR7006400006_t,1862,0.7602933607071003,0.6680988184747583,0.49597552538821404,0.314363699505975,0.44012968649452916,0.7602933607071003,312,1177,373,8.940696716308594e-08
SHARED_QUERY,42,lr_search,main,validation,P0_legacy,KR7006800007_t,1862,1.033450667374066,0.4597207303974221,0.4378335731237079,0.1861557610591771,0.6242292794538031,1.033450667374066,573,695,594,1.043081283569336e-07
SHARED_QUERY,42,lr_search,main,validation,P0_legacy,KR7007070006_t,1862,1.020038072307166,0.45435016111707843,0.4536802628609326,0.19376368869831512,0.6187979995887952,1.020038072307166,548,718,596,1.043081283569336e-07
SHARED_QUERY,42,lr_search,main,validation,P0_legacy,KR7008770000_t,1862,0.9632453274369585,0.5118152524167562,0.4813609394375034,0.24183318798739298,0.580606754841148,0.9632453274369585,587,785,490,1.043081283569336e-07
SHARED_QUERY,42,lr_search,main,validation,P0_legacy,KR7009150004_t,1862,0.9576920218573454,0.5343716433941997,0.47504557409295783,0.24991291241488214,0.5746431742267343,0.9576920218573454,502,865,495,1.043081283569336e-07
SHARED_QUERY,42,lr_search,main,validation,P1_valid_cache_endpoints,KR7000030007_t,1805,0.5716937615665508,0.7839335180055401,0.36520830465141874,0.1292566921771958,0.3252265339283291,0.5716937615665508,181,1426,198,8.940696716308594e-08
SHARED_QUERY,42,lr_search,main,validation,P1_valid_cache_endpoints,KR7000100008_t,1783,0.8730020400267343,0.6006730229949523,0.42955030515781284,0.1979363776358209,0.5158682830635464,0.8730020400267342,370,1076,337,1.043081283569336e-07
SHARED_QUERY,42,lr_search,main,validation,P1_valid_cache_endpoints,KR7000120006_t,1791,0.8159165964779879,0.6404243439419319,0.45368427179307647,0.2389551571065767,0.4823685506206149,0.8159165964779878,395,1103,293,9.313225746154785e-08
SHARED_QUERY,42,lr_search,main,validation,P1_valid_cache_endpoints,KR7000150003_t,1791,0.6720687602269061,0.7258514796203238,0.37085468574060904,0.1453752410360555,0.396656229921705,0.6720687602269061,250,1308,233,1.1920928955078125e-07
SHARED_QUERY,42,lr_search,main,validation,P1_valid_cache_endpoints,KR7000270009_t,1807,0.9139658348408561,0.557830658550083,0.48519103390797036,0.2549792729107115,0.5478691406907132,0.9139658348408561,419,947,441,1.043081283569336e-07
SHARED_QUERY,42,lr_search,main,validation,P1_valid_cache_endpoints,KR7000660001_t,1807,1.0436939501655351,0.4460431654676259,0.4435773142573791,0.16770079452132247,0.6319065954663353,1.0436939501655351,603,625,579,1.043081283569336e-07
SHARED_QUERY,42,lr_search,main,validation,P1_valid_cache_endpoints,KR7000720003_t,1807,1.0411529456406936,0.4333148865522966,0.41492465771316195,0.1421714319890985,0.6316898120849419,1.0411529456406936,646,542,619,1.043081283569336e-07
SHARED_QUERY,42,lr_search,main,validation,P1_valid_cache_endpoints,KR7000810002_t,1807,0.925121852299439,0.5484228002213614,0.45059964607074066,0.2156872293200682,0.5616366221024577,0.9251218522994389,454,922,431,8.940696716308594e-08
SHARED_QUERY,42,lr_search,main,validation,P1_valid_cache_endpoints,KR7001040005_t,1801,0.9419500940580714,0.5474736257634647,0.4689570233967979,0.22479864556004056,0.5692091713514978,0.9419500940580713,446,922,433,9.685754776000977e-08
SHARED_QUERY,42,lr_search,main,validation,P1_valid_cache_endpoints,KR7001450006_t,1805,0.9830757078152462,0.5119113573407202,0.4779120162558579,0.2387875531249312,0.5891861831945349,0.9830757078152463,531,761,513,1.043081283569336e-07
SHARED_QUERY,42,lr_search,main,validation,P1_valid_cache_endpoints,KR7002380004_t,1803,0.9587549546555276,0.516916250693289,0.4740093363670413,0.22739035564851842,0.5769058845319844,0.9587549546555276,516,834,453,1.043081283569336e-07
SHARED_QUERY,42,lr_search,main,validation,P1_valid_cache_endpoints,KR7002550002_t,1801,0.924809530323501,0.5585785674625208,0.4618242360929747,0.21342386835975288,0.5520662373808543,0.924809530323501,456,981,364,1.1920928955078125e-07
SHARED_QUERY,42,lr_search,main,validation,P1_valid_cache_endpoints,KR7002790004_t,1805,0.9009666872425668,0.56398891966759,0.40754557507636785,0.16256877649377224,0.5430183238704858,0.9009666872425668,411,1012,382,1.043081283569336e-07
SHARED_QUERY,42,lr_search,main,validation,P1_valid_cache_endpoints,KR7003550001_t,1807,0.9539210078511572,0.5218594355285002,0.4736389575515964,0.21877503510182025,0.5752280190944999,0.9539210078511573,434,885,488,1.1920928955078125e-07
SHARED_QUERY,42,lr_search,main,validation,P1_valid_cache_endpoints,KR7004020004_t,1807,1.040081352995737,0.4465965688987272,0.42696954372089246,0.15880949161966101,0.629073663669602,1.040081352995737,571,681,555,1.043081283569336e-07
SHARED_QUERY,42,lr_search,main,validation,P1_valid_cache_endpoints,KR7004170007_t,1780,0.7848929883639322,0.6595505617977528,0.4417704346033278,0.24480001566506163,0.4650917725084485,0.7848929883639323,355,1127,298,1.043081283569336e-07
SHARED_QUERY,42,lr_search,main,validation,P1_valid_cache_endpoints,KR7005300009_t,1506,1.0117650562464786,0.4714475431606906,0.42723271547652514,0.18984451060992463,0.6143906214186121,1.0117650562464786,585,402,519,1.1175870895385742e-07
SHARED_QUERY,42,lr_search,main,validation,P1_valid_cache_endpoints,KR7005380001_t,1807,0.6519218218083974,0.7426674045379081,0.39218412501522026,0.18699051139490566,0.37229976663891245,0.6519218218083974,226,1334,247,8.940696716308594e-08
SHARED_QUERY,42,lr_search,main,validation,P1_valid_cache_endpoints,KR7005440003_t,1737,0.7757917501475228,0.666090961427749,0.4483331215295805,0.2099112909988422,0.45587706024148644,0.7757917501475228,275,1174,288,1.043081283569336e-07
SHARED_QUERY,42,lr_search,main,validation,P1_valid_cache_endpoints,KR7005490008_t,1807,0.9594769407979415,0.5235196458218041,0.42101242254495874,0.20091921536927182,0.582438378992848,0.9594769407979415,502,856,449,1.043081283569336e-07
SHARED_QUERY,42,lr_search,main,validation,P1_valid_cache_endpoints,KR7005830005_t,1797,1.0177370731058935,0.4785754034501948,0.46679471387648896,0.1984065624076256,0.6160585284522552,1.0177370731058935,539,749,509,1.043081283569336e-07
SHARED_QUERY,42,lr_search,main,validation,P1_valid_cache_endpoints,KR7005930003_t,1807,1.0491393698201084,0.4266740453790813,0.40530362162777495,0.11409069244969637,0.6373677913294096,1.0491393698201081,659,463,685,1.043081283569336e-07
SHARED_QUERY,42,lr_search,main,validation,P1_valid_cache_endpoints,KR7006400006_t,1807,0.7707552732606953,0.6629773104593248,0.4964433272066147,0.3172018045279147,0.4466780030206273,0.7707552732606953,312,1122,373,8.940696716308594e-08
SHARED_QUERY,42,lr_search,main,validation,P1_valid_cache_endpoints,KR7006800007_t,1797,1.0376003361241362,0.4574290484140234,0.43828193640811225,0.188861608218554,0.62654347151446,1.0376003361241362,570,635,592,1.043081283569336e-07
SHARED_QUERY,42,lr_search,main,validation,P1_valid_cache_endpoints,KR7007070006_t,1796,1.0222675410267243,0.45434298440979953,0.4533105695968607,0.1914994219919155,0.61982535286701,1.0222675410267243,547,655,594,1.043081283569336e-07
SHARED_QUERY,42,lr_search,main,validation,P1_valid_cache_endpoints,KR7008770000_t,1805,0.9703521078788208,0.5091412742382272,0.48197762226970237,0.24359763843523632,0.584859364929611,0.9703521078788206,586,729,490,1.043081283569336e-07
SHARED_QUERY,42,lr_search,main,validation,P1_valid_cache_endpoints,KR7009150004_t,1807,0.9686845364368301,0.527393469839513,0.4736206501077514,0.24819118100212195,0.5814458108305977,0.9686845364368301,502,810,495,1.043081283569336e-07
SHARED_QUERY,42,lr_search,main,validation,P2_candidate_clock,KR7000030007_t,1617,0.5492845550437178,0.7971552257266543,0.3271491903440467,0.06754136785407025,0.3106930190454909,0.5492845550437178,152,1294,171,8.940696716308594e-08
SHARED_QUERY,42,lr_search,main,validation,P2_candidate_clock,KR7000100008_t,1617,0.8688254524541948,0.5943104514533086,0.4168343728887347,0.1779438912594056,0.5161465571723856,0.8688254524541946,333,978,306,1.043081283569336e-07
SHARED_QUERY,42,lr_search,main,validation,P2_candidate_clock,KR7000120006_t,1617,0.8153018598970317,0.6351267779839208,0.4356379689559395,0.20895463752891796,0.4838951598671124,0.8153018598970317,348,1006,263,9.313225746154785e-08
SHARED_QUERY,42,lr_search,main,validation,P2_candidate_clock,KR7000150003_t,1617,0.6607400395207573,0.7334570191713049,0.3479326732176129,0.10223834578844623,0.38947171151553855,0.6607400395207573,216,1197,204,1.1920928955078125e-07
SHARED_QUERY,42,lr_search,main,validation,P2_candidate_clock,KR7000270009_t,1617,0.9087881979994051,0.557204700061843,0.47885751802220017,0.24382357930793497,0.5461106180873811,0.908788197999405,363,875,379,1.043081283569336e-07
SHARED_QUERY,42,lr_search,main,validation,P2_candidate_clock,KR7000660001_t,1617,1.0470613950689396,0.4489795918367347,0.446946857968929,0.1709404334026885,0.6321341480358939,1.0470613950689396,540,571,506,1.043081283569336e-07
SHARED_QUERY,42,lr_search,main,validation,P2_candidate_clock,KR7000720003_t,1617,1.0420699996895082,0.43537414965986393,0.4176140002707797,0.14759959226757435,0.6312568153293397,1.0420699996895082,575,497,545,1.043081283569336e-07
SHARED_QUERY,42,lr_search,main,validation,P2_candidate_clock,KR7000810002_t,1617,0.9183018013074393,0.5510204081632653,0.4450408092338412,0.20753936738611364,0.5584328082423443,0.9183018013074393,400,841,376,8.940696716308594e-08
SHARED_QUERY,42,lr_search,main,validation,P2_candidate_clock,KR7001040005_t,1617,0.9406248647579343,0.5473098330241187,0.46564910081703176,0.2184621566808684,0.5686610421035067,0.9406248647579343,400,836,381,9.685754776000977e-08
SHARED_QUERY,42,lr_search,main,validation,P2_candidate_clock,KR7001450006_t,1617,0.9834867545531141,0.5102040816326531,0.4733922700292949,0.23109632439078256,0.588934253811048,0.9834867545531141,462,698,457,1.043081283569336e-07
SHARED_QUERY,42,lr_search,main,validation,P2_candidate_clock,KR7002380004_t,1617,0.9598772740001742,0.5126777983920842,0.46772270120571097,0.2158727464394451,0.5781653359720281,0.9598772740001742,459,760,398,1.043081283569336e-07
SHARED_QUERY,42,lr_search,main,validation,P2_candidate_clock,KR7002550002_t,1617,0.9187321430379197,0.5590599876314162,0.4508363103191235,0.19487772332278358,0.5480138315769199,0.9187321430379197,392,907,318,1.1920928955078125e-07
SHARED_QUERY,42,lr_search,main,validation,P2_candidate_clock,KR7002790004_t,1617,0.8935288214701811,0.562152133580705,0.39072336488413256,0.13244023952582729,0.5385314405050313,0.8935288214701811,363,928,326,8.940696716308594e-08
SHARED_QUERY,42,lr_search,main,validation,P2_candidate_clock,KR7003550001_t,1617,0.9433201220685971,0.5262832405689548,0.47324879227053146,0.21700306901176614,0.5690279634408735,0.9433201220685971,378,816,423,1.1920928955078125e-07
SHARED_QUERY,42,lr_search,main,validation,P2_candidate_clock,KR7004020004_t,1617,1.0401965398677786,0.44341372912801486,0.42279139125439436,0.15283432473264608,0.6295236676270893,1.0401965398677786,507,614,496,1.043081283569336e-07
SHARED_QUERY,42,lr_search,main,validation,P2_candidate_clock,KR7004170007_t,1617,0.7786852401681515,0.6617192331478046,0.43109555449151826,0.22171186129331977,0.4626030741914855,0.7786852401681515,310,1042,265,1.043081283569336e-07
SHARED_QUERY,42,lr_search,main,validation,P2_candidate_clock,KR7005300009_t,1617,1.096595415019502,0.4329004329004329,0.39364954026967053,0.15988379714755852,0.6549938908014041,1.096595415019502,568,554,495,1.1175870895385742e-07
SHARED_QUERY,42,lr_search,main,validation,P2_candidate_clock,KR7005380001_t,1617,0.6371777120668821,0.7526283240568955,0.3599558173616751,0.13806229324188596,0.3632535811057768,0.6371777120668821,188,1216,213,8.940696716308594e-08
SHARED_QUERY,42,lr_search,main,validation,P2_candidate_clock,KR7005440003_t,1617,0.7557652511618103,0.6747062461348176,0.43625644775278044,0.18712638144359559,0.4444859084531327,0.7557652511618103,244,1120,253,1.043081283569336e-07
SHARED_QUERY,42,lr_search,main,validation,P2_candidate_clock,KR7005490008_t,1617,0.963360989786752,0.525664811379097,0.41852337682039,0.1988515635081415,0.5838162386273257,0.963360989786752,451,773,393,1.043081283569336e-07
SHARED_QUERY,42,lr_search,main,validation,P2_candidate_clock,KR7005830005_t,1617,1.0134593582451943,0.479282622139765,0.4657326528349705,0.19530865106837522,0.6142266201137759,1.0134593582451943,481,692,444,1.043081283569336e-07
SHARED_QUERY,42,lr_search,main,validation,P2_candidate_clock,KR7005930003_t,1617,1.0545183921230121,0.43351886209029067,0.4110263922405222,0.12595708993479723,0.6391054478782994,1.0545183921230121,590,419,608,1.043081283569336e-07
SHARED_QUERY,42,lr_search,main,validation,P2_candidate_clock,KR7006400006_t,1617,0.7612754327547265,0.6679035250463822,0.4884029092965358,0.3028698385624572,0.4411032378286046,0.7612754327547266,259,1029,329,8.940696716308594e-08
SHARED_QUERY,42,lr_search,main,validation,P2_candidate_clock,KR7006800007_t,1617,1.0382471874422665,0.45640074211502785,0.43807787206037263,0.18644979168531867,0.6268629005932347,1.0382471874422665,510,577,530,1.043081283569336e-07
SHARED_QUERY,42,lr_search,main,validation,P2_candidate_clock,KR7007070006_t,1617,1.0261907337987106,0.45392702535559676,0.45271447931053305,0.1922590500550606,0.6216468288000182,1.0261907337987106,486,594,537,1.043081283569336e-07
SHARED_QUERY,42,lr_search,main,validation,P2_candidate_clock,KR7008770000_t,1617,0.9660052656628625,0.5114409400123686,0.4833463426794076,0.24548228448758433,0.5817792854003251,0.9660052656628625,517,664,436,1.043081283569336e-07
SHARED_QUERY,42,lr_search,main,validation,P2_candidate_clock,KR7009150004_t,1617,0.9643656310307488,0.5275200989486704,0.4739356179658516,0.2452524984120447,0.5792388962551862,0.9643656310307488,445,733,439,1.043081283569336e-07
SHARED_QUERY,42,lr_search,main,validation,P3_intersection,KR7000030007_t,1610,0.5502821351580246,0.7962732919254658,0.32696546496893575,0.06738440396719796,0.3114301826786731,0.5502821351580246,152,1287,171,8.940696716308594e-08
SHARED_QUERY,42,lr_search,main,validation,P3_intersection,KR7000100008_t,1589,0.8702830506097228,0.5966016362492134,0.41863912414910653,0.18263028343835383,0.5166877501507993,0.8702830506097228,327,960,302,1.043081283569336e-07
SHARED_QUERY,42,lr_search,main,validation,P3_intersection,KR7000120006_t,1598,0.8173929852342227,0.6339173967459324,0.4332343071195272,0.2073065877392385,0.4852749803908566,0.8173929852342227,345,992,261,9.313225746154785e-08
SHARED_QUERY,42,lr_search,main,validation,P3_intersection,KR7000150003_t,1598,0.6613205921190123,0.7321652065081352,0.340561314843987,0.09230705884991616,0.39008877996829394,0.6613205921190123,214,1182,202,1.1920928955078125e-07
SHARED_QUERY,42,lr_search,main,validation,P3_intersection,KR7000270009_t,1612,0.9108829073859419,0.5558312655086849,0.4782939635024929,0.24272299084560187,0.5475902356189428,0.9108829073859421,363,870,379,1.043081283569336e-07
SHARED_QUERY,42,lr_search,main,validation,P3_intersection,KR7000660001_t,1612,1.042683073190533,0.4497518610421836,0.4477456433491922,0.17227597988674587,0.6306865346833849,1.042683073190533,540,567,505,1.043081283569336e-07
SHARED_QUERY,42,lr_search,main,validation,P3_intersection,KR7000720003_t,1612,1.044541306434338,0.4336228287841191,0.41466914392607856,0.14407447272912932,0.6329793416954729,1.044541306434338,575,492,545,1.043081283569336e-07
SHARED_QUERY,42,lr_search,main,validation,P3_intersection,KR7000810002_t,1612,0.9205255985317172,0.5496277915632755,0.44452122635267255,0.2066206623922331,0.560003620182328,0.9205255985317172,400,836,376,8.940696716308594e-08
SHARED_QUERY,42,lr_search,main,validation,P3_intersection,KR7001040005_t,1607,0.942110452313249,0.5463596764156814,0.46473860358399294,0.21735872818022978,0.5697754704580509,0.942110452313249,399,829,379,9.685754776000977e-08
SHARED_QUERY,42,lr_search,main,validation,P3_intersection,KR7001450006_t,1610,0.9853523506230376,0.508695652173913,0.4727469121695436,0.22976827233729819,0.5903071954116645,0.9853523506230376,462,692,456,1.043081283569336e-07
SHARED_QUERY,42,lr_search,main,validation,P3_intersection,KR7002380004_t,1608,0.952940299734162,0.5143034825870647,0.46956745488782897,0.21886843703214573,0.5754609572130823,0.9529402997341622,459,753,396,1.043081283569336e-07
SHARED_QUERY,42,lr_search,main,validation,P3_intersection,KR7002550002_t,1607,0.919231169127259,0.5581829495955196,0.45099824758169044,0.19493247948360196,0.5488216987863992,0.919231169127259,392,899,316,1.1920928955078125e-07
SHARED_QUERY,42,lr_search,main,validation,P3_intersection,KR7002790004_t,1611,0.8955769616557288,0.5611421477343265,0.3905932018975497,0.13168385466042395,0.5399799765584231,0.8955769616557288,362,923,326,8.940696716308594e-08
SHARED_QUERY,42,lr_search,main,validation,P3_intersection,KR7003550001_t,1612,0.945560593415654,0.5248138957816377,0.4725626450843842,0.21574916181827525,0.5705997710239419,0.945560593415654,378,811,423,1.1920928955078125e-07
SHARED_QUERY,42,lr_search,main,validation,P3_intersection,KR7004020004_t,1612,1.0427127185292269,0.44168734491315137,0.4216946329445676,0.1509469841819326,0.6312692928431218,1.0427127185292269,507,609,496,1.043081283569336e-07
SHARED_QUERY,42,lr_search,main,validation,P3_intersection,KR7004170007_t,1587,0.7803034318024011,0.6603654694391935,0.4298942531301613,0.22279738092442766,0.4637233481429861,0.7803034318024011,305,1018,264,1.043081283569336e-07
SHARED_QUERY,42,lr_search,main,validation,P3_intersection,KR7005300009_t,1328,1.0255157905297354,0.463855421686747,0.4185469315514267,0.1809389030319761,0.6211412817394097,1.0255157905297354,511,373,444,1.1175870895385742e-07
SHARED_QUERY,42,lr_search,main,validation,P3_intersection,KR7005380001_t,1612,0.6384932095366619,0.7518610421836228,0.3597859549133317,0.13787112900145074,0.3642007574260975,0.6384932095366619,188,1211,213,8.940696716308594e-08
SHARED_QUERY,42,lr_search,main,validation,P3_intersection,KR7005440003_t,1548,0.760476709310551,0.6731266149870802,0.43411608789348516,0.19042331420332054,0.44784567554092103,0.760476709310551,238,1061,249,1.043081283569336e-07
SHARED_QUERY,42,lr_search,main,validation,P3_intersection,KR7005490008_t,1612,0.9656819116469346,0.5241935483870968,0.41796837626538946,0.19794865355987834,0.5854442930653796,0.9656819116469346,451,768,393,1.043081283569336e-07
SHARED_QUERY,42,lr_search,main,validation,P3_intersection,KR7005830005_t,1603,1.0147054427518036,0.4784778540237056,0.4654330344994709,0.19468599036274623,0.6152913699785556,1.0147054427518036,476,683,444,1.043081283569336e-07
SHARED_QUERY,42,lr_search,main,validation,P3_intersection,KR7005930003_t,1612,1.051778026666578,0.434863523573201,0.41235950206776567,0.1273161694452167,0.6377593226308572,1.051778026666578,590,415,607,1.043081283569336e-07
SHARED_QUERY,42,lr_search,main,validation,P3_intersection,KR7006400006_t,1612,0.762978452923133,0.6668734491315137,0.4881219042817804,0.3022994681959616,0.44229304573991746,0.7629784529231329,259,1024,329,8.940696716308594e-08
SHARED_QUERY,42,lr_search,main,validation,P3_intersection,KR7006800007_t,1602,1.0360868772125778,0.45942571785268416,0.4410525212544356,0.19185821456011173,0.6253023915302095,1.036086877212578,507,567,528,1.043081283569336e-07
SHARED_QUERY,42,lr_search,main,validation,P3_intersection,KR7007070006_t,1602,1.028886410142309,0.4519350811485643,0.45048774142495224,0.18883210257881122,0.6234103808338214,1.028886410142309,485,582,535,1.043081283569336e-07
SHARED_QUERY,42,lr_search,main,validation,P3_intersection,KR7008770000_t,1610,0.9683971448442216,0.5105590062111801,0.48302218194334295,0.2448969900186163,0.5833967116428874,0.9683971448442216,516,658,436,1.043081283569336e-07
SHARED_QUERY,42,lr_search,main,validation,P3_intersection,KR7009150004_t,1612,0.9666620178270957,0.5260545905707196,0.47326514228530986,0.24394958777132053,0.5808373522433471,0.9666620178270957,445,728,439,1.043081283569336e-07
