model,seed,family,condition,fold,split,population,bin,lower,upper,rows,accuracy,mean_confidence
UA,123,distribution_shift_sensitivity,self_only,main,development_holdout,P0_legacy,0,0.0,0.06666666666666667,0,,
UA,123,distribution_shift_sensitivity,self_only,main,development_holdout,P0_legacy,1,0.06666666666666667,0.13333333333333333,0,,
UA,123,distribution_shift_sensitivity,self_only,main,development_holdout,P0_legacy,2,0.13333333333333333,0.2,0,,
UA,123,distribution_shift_sensitivity,self_only,main,development_holdout,P0_legacy,3,0.2,0.26666666666666666,0,,
UA,123,distribution_shift_sensitivity,self_only,main,development_holdout,P0_legacy,4,0.26666666666666666,0.3333333333333333,0,,
UA,123,distribution_shift_sensitivity,self_only,main,development_holdout,P0_legacy,5,0.3333333333333333,0.4,8238,0.3565185724690459,0.37700004623330013
UA,123,distribution_shift_sensitivity,self_only,main,development_holdout,P0_legacy,6,0.4,0.4666666666666667,18549,0.4017467248908297,0.4345376623579268
UA,123,distribution_shift_sensitivity,self_only,main,development_holdout,P0_legacy,7,0.4666666666666667,0.5333333333333333,17295,0.43515466897947386,0.4974257154665642
UA,123,distribution_shift_sensitivity,self_only,main,development_holdout,P0_legacy,8,0.5333333333333333,0.6,10748,0.4754372906587272,0.5644390409128429
UA,123,distribution_shift_sensitivity,self_only,main,development_holdout,P0_legacy,9,0.6,0.6666666666666666,7984,0.529308617234469,0.632388790361784
UA,123,distribution_shift_sensitivity,self_only,main,development_holdout,P0_legacy,10,0.6666666666666666,0.7333333333333333,6816,0.5852406103286385,0.6993372299747798
UA,123,distribution_shift_sensitivity,self_only,main,development_holdout,P0_legacy,11,0.7333333333333333,0.8,6361,0.6421946234868732,0.7666258503166308
UA,123,distribution_shift_sensitivity,self_only,main,development_holdout,P0_legacy,12,0.8,0.8666666666666667,5415,0.716528162511542,0.8319359601032003
UA,123,distribution_shift_sensitivity,self_only,main,development_holdout,P0_legacy,13,0.8666666666666667,0.9333333333333333,3982,0.8204419889502762,0.8981260919456323
UA,123,distribution_shift_sensitivity,self_only,main,development_holdout,P0_legacy,14,0.9333333333333333,1.0,1200,0.89,0.9466225851244314
UA,123,distribution_shift_sensitivity,self_only,main,development_holdout,P1_valid_cache_endpoints,0,0.0,0.06666666666666667,0,,
UA,123,distribution_shift_sensitivity,self_only,main,development_holdout,P1_valid_cache_endpoints,1,0.06666666666666667,0.13333333333333333,0,,
UA,123,distribution_shift_sensitivity,self_only,main,development_holdout,P1_valid_cache_endpoints,2,0.13333333333333333,0.2,0,,
UA,123,distribution_shift_sensitivity,self_only,main,development_holdout,P1_valid_cache_endpoints,3,0.2,0.26666666666666666,0,,
UA,123,distribution_shift_sensitivity,self_only,main,development_holdout,P1_valid_cache_endpoints,4,0.26666666666666666,0.3333333333333333,0,,
UA,123,distribution_shift_sensitivity,self_only,main,development_holdout,P1_valid_cache_endpoints,5,0.3333333333333333,0.4,8238,0.3565185724690459,0.37700004623330013
UA,123,distribution_shift_sensitivity,self_only,main,development_holdout,P1_valid_cache_endpoints,6,0.4,0.4666666666666667,18549,0.4017467248908297,0.4345376623579268
UA,123,distribution_shift_sensitivity,self_only,main,development_holdout,P1_valid_cache_endpoints,7,0.4666666666666667,0.5333333333333333,17295,0.43515466897947386,0.4974257154665642
UA,123,distribution_shift_sensitivity,self_only,main,development_holdout,P1_valid_cache_endpoints,8,0.5333333333333333,0.6,10748,0.4754372906587272,0.5644390409128429
UA,123,distribution_shift_sensitivity,self_only,main,development_holdout,P1_valid_cache_endpoints,9,0.6,0.6666666666666666,7984,0.529308617234469,0.632388790361784
UA,123,distribution_shift_sensitivity,self_only,main,development_holdout,P1_valid_cache_endpoints,10,0.6666666666666666,0.7333333333333333,6816,0.5852406103286385,0.6993372299747798
UA,123,distribution_shift_sensitivity,self_only,main,development_holdout,P1_valid_cache_endpoints,11,0.7333333333333333,0.8,6361,0.6421946234868732,0.7666258503166308
UA,123,distribution_shift_sensitivity,self_only,main,development_holdout,P1_valid_cache_endpoints,12,0.8,0.8666666666666667,5415,0.716528162511542,0.8319359601032003
UA,123,distribution_shift_sensitivity,self_only,main,development_holdout,P1_valid_cache_endpoints,13,0.8666666666666667,0.9333333333333333,3982,0.8204419889502762,0.8981260919456323
UA,123,distribution_shift_sensitivity,self_only,main,development_holdout,P1_valid_cache_endpoints,14,0.9333333333333333,1.0,1200,0.89,0.9466225851244314
UA,123,distribution_shift_sensitivity,self_only,main,development_holdout,P2_candidate_clock,0,0.0,0.06666666666666667,0,,
UA,123,distribution_shift_sensitivity,self_only,main,development_holdout,P2_candidate_clock,1,0.06666666666666667,0.13333333333333333,0,,
UA,123,distribution_shift_sensitivity,self_only,main,development_holdout,P2_candidate_clock,2,0.13333333333333333,0.2,0,,
UA,123,distribution_shift_sensitivity,self_only,main,development_holdout,P2_candidate_clock,3,0.2,0.26666666666666666,0,,
UA,123,distribution_shift_sensitivity,self_only,main,development_holdout,P2_candidate_clock,4,0.26666666666666666,0.3333333333333333,0,,
UA,123,distribution_shift_sensitivity,self_only,main,development_holdout,P2_candidate_clock,5,0.3333333333333333,0.4,8238,0.3565185724690459,0.37700004623330013
UA,123,distribution_shift_sensitivity,self_only,main,development_holdout,P2_candidate_clock,6,0.4,0.4666666666666667,18549,0.4017467248908297,0.4345376623579268
UA,123,distribution_shift_sensitivity,self_only,main,development_holdout,P2_candidate_clock,7,0.4666666666666667,0.5333333333333333,17295,0.43515466897947386,0.4974257154665642
UA,123,distribution_shift_sensitivity,self_only,main,development_holdout,P2_candidate_clock,8,0.5333333333333333,0.6,10748,0.4754372906587272,0.5644390409128429
UA,123,distribution_shift_sensitivity,self_only,main,development_holdout,P2_candidate_clock,9,0.6,0.6666666666666666,7984,0.529308617234469,0.632388790361784
UA,123,distribution_shift_sensitivity,self_only,main,development_holdout,P2_candidate_clock,10,0.6666666666666666,0.7333333333333333,6816,0.5852406103286385,0.6993372299747798
UA,123,distribution_shift_sensitivity,self_only,main,development_holdout,P2_candidate_clock,11,0.7333333333333333,0.8,6361,0.6421946234868732,0.7666258503166308
UA,123,distribution_shift_sensitivity,self_only,main,development_holdout,P2_candidate_clock,12,0.8,0.8666666666666667,5415,0.716528162511542,0.8319359601032003
UA,123,distribution_shift_sensitivity,self_only,main,development_holdout,P2_candidate_clock,13,0.8666666666666667,0.9333333333333333,3982,0.8204419889502762,0.8981260919456323
UA,123,distribution_shift_sensitivity,self_only,main,development_holdout,P2_candidate_clock,14,0.9333333333333333,1.0,1200,0.89,0.9466225851244314
UA,123,distribution_shift_sensitivity,self_only,main,development_holdout,P3_intersection,0,0.0,0.06666666666666667,0,,
UA,123,distribution_shift_sensitivity,self_only,main,development_holdout,P3_intersection,1,0.06666666666666667,0.13333333333333333,0,,
UA,123,distribution_shift_sensitivity,self_only,main,development_holdout,P3_intersection,2,0.13333333333333333,0.2,0,,
UA,123,distribution_shift_sensitivity,self_only,main,development_holdout,P3_intersection,3,0.2,0.26666666666666666,0,,
UA,123,distribution_shift_sensitivity,self_only,main,development_holdout,P3_intersection,4,0.26666666666666666,0.3333333333333333,0,,
UA,123,distribution_shift_sensitivity,self_only,main,development_holdout,P3_intersection,5,0.3333333333333333,0.4,8238,0.3565185724690459,0.37700004623330013
UA,123,distribution_shift_sensitivity,self_only,main,development_holdout,P3_intersection,6,0.4,0.4666666666666667,18549,0.4017467248908297,0.4345376623579268
UA,123,distribution_shift_sensitivity,self_only,main,development_holdout,P3_intersection,7,0.4666666666666667,0.5333333333333333,17295,0.43515466897947386,0.4974257154665642
UA,123,distribution_shift_sensitivity,self_only,main,development_holdout,P3_intersection,8,0.5333333333333333,0.6,10748,0.4754372906587272,0.5644390409128429
UA,123,distribution_shift_sensitivity,self_only,main,development_holdout,P3_intersection,9,0.6,0.6666666666666666,7984,0.529308617234469,0.632388790361784
UA,123,distribution_shift_sensitivity,self_only,main,development_holdout,P3_intersection,10,0.6666666666666666,0.7333333333333333,6816,0.5852406103286385,0.6993372299747798
UA,123,distribution_shift_sensitivity,self_only,main,development_holdout,P3_intersection,11,0.7333333333333333,0.8,6361,0.6421946234868732,0.7666258503166308
UA,123,distribution_shift_sensitivity,self_only,main,development_holdout,P3_intersection,12,0.8,0.8666666666666667,5415,0.716528162511542,0.8319359601032003
UA,123,distribution_shift_sensitivity,self_only,main,development_holdout,P3_intersection,13,0.8666666666666667,0.9333333333333333,3982,0.8204419889502762,0.8981260919456323
UA,123,distribution_shift_sensitivity,self_only,main,development_holdout,P3_intersection,14,0.9333333333333333,1.0,1200,0.89,0.9466225851244314
UA,123,distribution_shift_sensitivity,self_only,main,validation,P0_legacy,0,0.0,0.06666666666666667,0,,
UA,123,distribution_shift_sensitivity,self_only,main,validation,P0_legacy,1,0.06666666666666667,0.13333333333333333,0,,
UA,123,distribution_shift_sensitivity,self_only,main,validation,P0_legacy,2,0.13333333333333333,0.2,0,,
UA,123,distribution_shift_sensitivity,self_only,main,validation,P0_legacy,3,0.2,0.26666666666666666,0,,
UA,123,distribution_shift_sensitivity,self_only,main,validation,P0_legacy,4,0.26666666666666666,0.3333333333333333,0,,
UA,123,distribution_shift_sensitivity,self_only,main,validation,P0_legacy,5,0.3333333333333333,0.4,3828,0.36389759665621735,0.37695535205897074
UA,123,distribution_shift_sensitivity,self_only,main,validation,P0_legacy,6,0.4,0.4666666666666667,9114,0.412881281544876,0.4346320282306375
UA,123,distribution_shift_sensitivity,self_only,main,validation,P0_legacy,7,0.4666666666666667,0.5333333333333333,8571,0.42608797106521995,0.4973860022142926
UA,123,distribution_shift_sensitivity,self_only,main,validation,P0_legacy,8,0.5333333333333333,0.6,5422,0.4900405754334194,0.5647003712745253
UA,123,distribution_shift_sensitivity,self_only,main,validation,P0_legacy,9,0.6,0.6666666666666666,4171,0.5555022776312635,0.6326232464500205
UA,123,distribution_shift_sensitivity,self_only,main,validation,P0_legacy,10,0.6666666666666666,0.7333333333333333,3632,0.6236233480176211,0.6997765926044104
UA,123,distribution_shift_sensitivity,self_only,main,validation,P0_legacy,11,0.7333333333333333,0.8,3186,0.677338355304457,0.7657085918819801
UA,123,distribution_shift_sensitivity,self_only,main,validation,P0_legacy,12,0.8,0.8666666666666667,2570,0.7478599221789883,0.8319019418074853
UA,123,distribution_shift_sensitivity,self_only,main,validation,P0_legacy,13,0.8666666666666667,0.9333333333333333,1983,0.8245083207261724,0.8985490930988544
UA,123,distribution_shift_sensitivity,self_only,main,validation,P0_legacy,14,0.9333333333333333,1.0,573,0.9144851657940664,0.9475306676100367
UA,123,distribution_shift_sensitivity,self_only,main,validation,P1_valid_cache_endpoints,0,0.0,0.06666666666666667,0,,
UA,123,distribution_shift_sensitivity,self_only,main,validation,P1_valid_cache_endpoints,1,0.06666666666666667,0.13333333333333333,0,,
UA,123,distribution_shift_sensitivity,self_only,main,validation,P1_valid_cache_endpoints,2,0.13333333333333333,0.2,0,,
UA,123,distribution_shift_sensitivity,self_only,main,validation,P1_valid_cache_endpoints,3,0.2,0.26666666666666666,0,,
UA,123,distribution_shift_sensitivity,self_only,main,validation,P1_valid_cache_endpoints,4,0.26666666666666666,0.3333333333333333,0,,
UA,123,distribution_shift_sensitivity,self_only,main,validation,P1_valid_cache_endpoints,5,0.3333333333333333,0.4,3828,0.36389759665621735,0.37695535205897074
UA,123,distribution_shift_sensitivity,self_only,main,validation,P1_valid_cache_endpoints,6,0.4,0.4666666666666667,9114,0.412881281544876,0.4346320282306375
UA,123,distribution_shift_sensitivity,self_only,main,validation,P1_valid_cache_endpoints,7,0.4666666666666667,0.5333333333333333,8571,0.42608797106521995,0.4973860022142926
UA,123,distribution_shift_sensitivity,self_only,main,validation,P1_valid_cache_endpoints,8,0.5333333333333333,0.6,5422,0.4900405754334194,0.5647003712745253
UA,123,distribution_shift_sensitivity,self_only,main,validation,P1_valid_cache_endpoints,9,0.6,0.6666666666666666,4171,0.5555022776312635,0.6326232464500205
UA,123,distribution_shift_sensitivity,self_only,main,validation,P1_valid_cache_endpoints,10,0.6666666666666666,0.7333333333333333,3632,0.6236233480176211,0.6997765926044104
UA,123,distribution_shift_sensitivity,self_only,main,validation,P1_valid_cache_endpoints,11,0.7333333333333333,0.8,3186,0.677338355304457,0.7657085918819801
UA,123,distribution_shift_sensitivity,self_only,main,validation,P1_valid_cache_endpoints,12,0.8,0.8666666666666667,2570,0.7478599221789883,0.8319019418074853
UA,123,distribution_shift_sensitivity,self_only,main,validation,P1_valid_cache_endpoints,13,0.8666666666666667,0.9333333333333333,1983,0.8245083207261724,0.8985490930988544
UA,123,distribution_shift_sensitivity,self_only,main,validation,P1_valid_cache_endpoints,14,0.9333333333333333,1.0,573,0.9144851657940664,0.9475306676100367
UA,123,distribution_shift_sensitivity,self_only,main,validation,P2_candidate_clock,0,0.0,0.06666666666666667,0,,
UA,123,distribution_shift_sensitivity,self_only,main,validation,P2_candidate_clock,1,0.06666666666666667,0.13333333333333333,0,,
UA,123,distribution_shift_sensitivity,self_only,main,validation,P2_candidate_clock,2,0.13333333333333333,0.2,0,,
UA,123,distribution_shift_sensitivity,self_only,main,validation,P2_candidate_clock,3,0.2,0.26666666666666666,0,,
UA,123,distribution_shift_sensitivity,self_only,main,validation,P2_candidate_clock,4,0.26666666666666666,0.3333333333333333,0,,
UA,123,distribution_shift_sensitivity,self_only,main,validation,P2_candidate_clock,5,0.3333333333333333,0.4,3828,0.36389759665621735,0.37695535205897074
UA,123,distribution_shift_sensitivity,self_only,main,validation,P2_candidate_clock,6,0.4,0.4666666666666667,9114,0.412881281544876,0.4346320282306375
UA,123,distribution_shift_sensitivity,self_only,main,validation,P2_candidate_clock,7,0.4666666666666667,0.5333333333333333,8571,0.42608797106521995,0.4973860022142926
UA,123,distribution_shift_sensitivity,self_only,main,validation,P2_candidate_clock,8,0.5333333333333333,0.6,5422,0.4900405754334194,0.5647003712745253
UA,123,distribution_shift_sensitivity,self_only,main,validation,P2_candidate_clock,9,0.6,0.6666666666666666,4171,0.5555022776312635,0.6326232464500205
UA,123,distribution_shift_sensitivity,self_only,main,validation,P2_candidate_clock,10,0.6666666666666666,0.7333333333333333,3632,0.6236233480176211,0.6997765926044104
UA,123,distribution_shift_sensitivity,self_only,main,validation,P2_candidate_clock,11,0.7333333333333333,0.8,3186,0.677338355304457,0.7657085918819801
UA,123,distribution_shift_sensitivity,self_only,main,validation,P2_candidate_clock,12,0.8,0.8666666666666667,2570,0.7478599221789883,0.8319019418074853
UA,123,distribution_shift_sensitivity,self_only,main,validation,P2_candidate_clock,13,0.8666666666666667,0.9333333333333333,1983,0.8245083207261724,0.8985490930988544
UA,123,distribution_shift_sensitivity,self_only,main,validation,P2_candidate_clock,14,0.9333333333333333,1.0,573,0.9144851657940664,0.9475306676100367
UA,123,distribution_shift_sensitivity,self_only,main,validation,P3_intersection,0,0.0,0.06666666666666667,0,,
UA,123,distribution_shift_sensitivity,self_only,main,validation,P3_intersection,1,0.06666666666666667,0.13333333333333333,0,,
UA,123,distribution_shift_sensitivity,self_only,main,validation,P3_intersection,2,0.13333333333333333,0.2,0,,
UA,123,distribution_shift_sensitivity,self_only,main,validation,P3_intersection,3,0.2,0.26666666666666666,0,,
UA,123,distribution_shift_sensitivity,self_only,main,validation,P3_intersection,4,0.26666666666666666,0.3333333333333333,0,,
UA,123,distribution_shift_sensitivity,self_only,main,validation,P3_intersection,5,0.3333333333333333,0.4,3828,0.36389759665621735,0.37695535205897074
UA,123,distribution_shift_sensitivity,self_only,main,validation,P3_intersection,6,0.4,0.4666666666666667,9114,0.412881281544876,0.4346320282306375
UA,123,distribution_shift_sensitivity,self_only,main,validation,P3_intersection,7,0.4666666666666667,0.5333333333333333,8571,0.42608797106521995,0.4973860022142926
UA,123,distribution_shift_sensitivity,self_only,main,validation,P3_intersection,8,0.5333333333333333,0.6,5422,0.4900405754334194,0.5647003712745253
UA,123,distribution_shift_sensitivity,self_only,main,validation,P3_intersection,9,0.6,0.6666666666666666,4171,0.5555022776312635,0.6326232464500205
UA,123,distribution_shift_sensitivity,self_only,main,validation,P3_intersection,10,0.6666666666666666,0.7333333333333333,3632,0.6236233480176211,0.6997765926044104
UA,123,distribution_shift_sensitivity,self_only,main,validation,P3_intersection,11,0.7333333333333333,0.8,3186,0.677338355304457,0.7657085918819801
UA,123,distribution_shift_sensitivity,self_only,main,validation,P3_intersection,12,0.8,0.8666666666666667,2570,0.7478599221789883,0.8319019418074853
UA,123,distribution_shift_sensitivity,self_only,main,validation,P3_intersection,13,0.8666666666666667,0.9333333333333333,1983,0.8245083207261724,0.8985490930988544
UA,123,distribution_shift_sensitivity,self_only,main,validation,P3_intersection,14,0.9333333333333333,1.0,573,0.9144851657940664,0.9475306676100367
