model,seed,family,condition,fold,split,population,date,loss_sum,rows
UA,123,distribution_shift_sensitivity,self_only,main,development_holdout,P0_legacy,2017-02-06,876.9405862174228,885
UA,123,distribution_shift_sensitivity,self_only,main,development_holdout,P0_legacy,2017-02-07,850.6230678962745,887
UA,123,distribution_shift_sensitivity,self_only,main,development_holdout,P0_legacy,2017-02-08,923.5402893553673,883
UA,123,distribution_shift_sensitivity,self_only,main,development_holdout,P0_legacy,2017-02-09,887.323145705417,871
UA,123,distribution_shift_sensitivity,self_only,main,development_holdout,P0_legacy,2017-02-10,858.9250809139154,871
UA,123,distribution_shift_sensitivity,self_only,main,development_holdout,P0_legacy,2017-02-13,789.9093603474598,885
UA,123,distribution_shift_sensitivity,self_only,main,development_holdout,P0_legacy,2017-02-14,856.320120137683,884
UA,123,distribution_shift_sensitivity,self_only,main,development_holdout,P0_legacy,2017-02-15,920.629863854449,884
UA,123,distribution_shift_sensitivity,self_only,main,development_holdout,P0_legacy,2017-02-16,908.2753085530153,878
UA,123,distribution_shift_sensitivity,self_only,main,development_holdout,P0_legacy,2017-02-17,838.2321464513386,883
UA,123,distribution_shift_sensitivity,self_only,main,development_holdout,P0_legacy,2017-02-20,821.1591995484039,868
UA,123,distribution_shift_sensitivity,self_only,main,development_holdout,P0_legacy,2017-02-21,881.6083750665969,876
UA,123,distribution_shift_sensitivity,self_only,main,development_holdout,P0_legacy,2017-02-22,837.3063289738813,875
UA,123,distribution_shift_sensitivity,self_only,main,development_holdout,P0_legacy,2017-02-23,888.722507188231,882
UA,123,distribution_shift_sensitivity,self_only,main,development_holdout,P0_legacy,2017-02-24,923.3646904275402,885
UA,123,distribution_shift_sensitivity,self_only,main,development_holdout,P0_legacy,2017-02-27,861.3815445419975,875
UA,123,distribution_shift_sensitivity,self_only,main,development_holdout,P0_legacy,2017-02-28,891.2877433284312,891
UA,123,distribution_shift_sensitivity,self_only,main,development_holdout,P0_legacy,2017-03-02,919.3731304983442,891
UA,123,distribution_shift_sensitivity,self_only,main,development_holdout,P0_legacy,2017-03-03,973.2921142111452,883
UA,123,distribution_shift_sensitivity,self_only,main,development_holdout,P0_legacy,2017-03-06,939.6492583949953,883
UA,123,distribution_shift_sensitivity,self_only,main,development_holdout,P0_legacy,2017-03-07,813.0373877211705,884
UA,123,distribution_shift_sensitivity,self_only,main,development_holdout,P0_legacy,2017-03-08,909.2143886279273,883
UA,123,distribution_shift_sensitivity,self_only,main,development_holdout,P0_legacy,2017-03-09,932.8283477724046,885
UA,123,distribution_shift_sensitivity,self_only,main,development_holdout,P0_legacy,2017-03-10,943.7750105646319,881
UA,123,distribution_shift_sensitivity,self_only,main,development_holdout,P0_legacy,2017-03-13,856.2277265986502,871
UA,123,distribution_shift_sensitivity,self_only,main,development_holdout,P0_legacy,2017-03-14,847.8133550023176,861
UA,123,distribution_shift_sensitivity,self_only,main,development_holdout,P0_legacy,2017-03-15,890.9884831822558,884
UA,123,distribution_shift_sensitivity,self_only,main,development_holdout,P0_legacy,2017-03-16,927.028654701768,873
UA,123,distribution_shift_sensitivity,self_only,main,development_holdout,P0_legacy,2017-03-17,903.1175717664296,876
UA,123,distribution_shift_sensitivity,self_only,main,development_holdout,P0_legacy,2017-03-20,844.5180301367709,871
UA,123,distribution_shift_sensitivity,self_only,main,development_holdout,P0_legacy,2017-03-21,918.1629396914476,879
UA,123,distribution_shift_sensitivity,self_only,main,development_holdout,P0_legacy,2017-03-22,921.1287502088903,875
UA,123,distribution_shift_sensitivity,self_only,main,development_holdout,P0_legacy,2017-03-23,919.3826046964865,878
UA,123,distribution_shift_sensitivity,self_only,main,development_holdout,P0_legacy,2017-03-24,890.7066146982943,869
UA,123,distribution_shift_sensitivity,self_only,main,development_holdout,P0_legacy,2017-03-27,925.5777228421985,881
UA,123,distribution_shift_sensitivity,self_only,main,development_holdout,P0_legacy,2017-03-28,872.6740837286684,879
UA,123,distribution_shift_sensitivity,self_only,main,development_holdout,P0_legacy,2017-03-29,911.1322602203634,881
UA,123,distribution_shift_sensitivity,self_only,main,development_holdout,P0_legacy,2017-03-30,836.494953706989,879
UA,123,distribution_shift_sensitivity,self_only,main,development_holdout,P0_legacy,2017-03-31,890.620473844752,884
UA,123,distribution_shift_sensitivity,self_only,main,development_holdout,P0_legacy,2017-04-03,900.7200176505721,865
UA,123,distribution_shift_sensitivity,self_only,main,development_holdout,P0_legacy,2017-04-04,855.6894019643755,865
UA,123,distribution_shift_sensitivity,self_only,main,development_holdout,P0_legacy,2017-04-05,966.0129067812701,873
UA,123,distribution_shift_sensitivity,self_only,main,development_holdout,P0_legacy,2017-04-06,851.8187130105357,877
UA,123,distribution_shift_sensitivity,self_only,main,development_holdout,P0_legacy,2017-04-07,931.8836474233597,879
UA,123,distribution_shift_sensitivity,self_only,main,development_holdout,P0_legacy,2017-04-10,834.5456228715652,860
UA,123,distribution_shift_sensitivity,self_only,main,development_holdout,P0_legacy,2017-04-11,906.7892052205764,871
UA,123,distribution_shift_sensitivity,self_only,main,development_holdout,P0_legacy,2017-04-12,874.5146301083548,879
UA,123,distribution_shift_sensitivity,self_only,main,development_holdout,P0_legacy,2017-04-13,909.5603967677582,879
UA,123,distribution_shift_sensitivity,self_only,main,development_holdout,P0_legacy,2017-04-14,932.5965247876263,876
UA,123,distribution_shift_sensitivity,self_only,main,development_holdout,P0_legacy,2017-04-17,843.9281484100056,884
UA,123,distribution_shift_sensitivity,self_only,main,development_holdout,P0_legacy,2017-04-18,824.0610988151413,877
UA,123,distribution_shift_sensitivity,self_only,main,development_holdout,P0_legacy,2017-04-19,841.4071250392269,883
UA,123,distribution_shift_sensitivity,self_only,main,development_holdout,P0_legacy,2017-04-20,864.6991362914571,885
UA,123,distribution_shift_sensitivity,self_only,main,development_holdout,P0_legacy,2017-04-21,796.545480320908,886
UA,123,distribution_shift_sensitivity,self_only,main,development_holdout,P0_legacy,2017-04-24,879.812377968451,889
UA,123,distribution_shift_sensitivity,self_only,main,development_holdout,P0_legacy,2017-04-25,899.0436824097429,887
UA,123,distribution_shift_sensitivity,self_only,main,development_holdout,P0_legacy,2017-04-26,820.5231452974986,885
UA,123,distribution_shift_sensitivity,self_only,main,development_holdout,P0_legacy,2017-04-27,838.7351163733874,891
UA,123,distribution_shift_sensitivity,self_only,main,development_holdout,P0_legacy,2017-04-28,850.7247234839983,891
UA,123,distribution_shift_sensitivity,self_only,main,development_holdout,P0_legacy,2017-05-02,837.9735901516137,891
UA,123,distribution_shift_sensitivity,self_only,main,development_holdout,P0_legacy,2017-05-04,802.0832959986592,884
UA,123,distribution_shift_sensitivity,self_only,main,development_holdout,P0_legacy,2017-05-08,853.2653299110927,882
UA,123,distribution_shift_sensitivity,self_only,main,development_holdout,P0_legacy,2017-05-10,960.117329389954,889
UA,123,distribution_shift_sensitivity,self_only,main,development_holdout,P0_legacy,2017-05-11,917.7833481276953,881
UA,123,distribution_shift_sensitivity,self_only,main,development_holdout,P0_legacy,2017-05-12,890.9001171609558,879
UA,123,distribution_shift_sensitivity,self_only,main,development_holdout,P0_legacy,2017-05-15,858.1711962239658,866
UA,123,distribution_shift_sensitivity,self_only,main,development_holdout,P0_legacy,2017-05-16,874.7020036695126,875
UA,123,distribution_shift_sensitivity,self_only,main,development_holdout,P0_legacy,2017-05-17,919.7517692014874,887
UA,123,distribution_shift_sensitivity,self_only,main,development_holdout,P0_legacy,2017-05-18,897.7535609100066,860
UA,123,distribution_shift_sensitivity,self_only,main,development_holdout,P0_legacy,2017-05-19,861.8347064689658,856
UA,123,distribution_shift_sensitivity,self_only,main,development_holdout,P0_legacy,2017-05-22,857.595450198911,867
UA,123,distribution_shift_sensitivity,self_only,main,development_holdout,P0_legacy,2017-05-23,900.4906644290475,857
UA,123,distribution_shift_sensitivity,self_only,main,development_holdout,P0_legacy,2017-05-24,905.4114574247682,871
UA,123,distribution_shift_sensitivity,self_only,main,development_holdout,P0_legacy,2017-05-25,914.8975579319622,883
UA,123,distribution_shift_sensitivity,self_only,main,development_holdout,P0_legacy,2017-05-26,893.0278675074887,870
UA,123,distribution_shift_sensitivity,self_only,main,development_holdout,P0_legacy,2017-05-29,890.1349665004187,862
UA,123,distribution_shift_sensitivity,self_only,main,development_holdout,P0_legacy,2017-05-30,924.4901830347235,873
UA,123,distribution_shift_sensitivity,self_only,main,development_holdout,P0_legacy,2017-05-31,923.1251530409926,874
UA,123,distribution_shift_sensitivity,self_only,main,development_holdout,P0_legacy,2017-06-01,838.327666671817,865
UA,123,distribution_shift_sensitivity,self_only,main,development_holdout,P0_legacy,2017-06-02,881.3933431120975,869
UA,123,distribution_shift_sensitivity,self_only,main,development_holdout,P0_legacy,2017-06-05,854.5107282133721,872
UA,123,distribution_shift_sensitivity,self_only,main,development_holdout,P0_legacy,2017-06-07,931.2435927139055,882
UA,123,distribution_shift_sensitivity,self_only,main,development_holdout,P0_legacy,2017-06-08,854.0154330705503,853
UA,123,distribution_shift_sensitivity,self_only,main,development_holdout,P0_legacy,2017-06-09,871.9890483393473,867
UA,123,distribution_shift_sensitivity,self_only,main,development_holdout,P0_legacy,2017-06-12,918.5254848534178,879
UA,123,distribution_shift_sensitivity,self_only,main,development_holdout,P0_legacy,2017-06-13,859.0689249807067,860
UA,123,distribution_shift_sensitivity,self_only,main,development_holdout,P0_legacy,2017-06-14,913.0884443231926,871
UA,123,distribution_shift_sensitivity,self_only,main,development_holdout,P0_legacy,2017-06-15,913.4139735229314,841
UA,123,distribution_shift_sensitivity,self_only,main,development_holdout,P0_legacy,2017-06-16,858.0629632816033,870
UA,123,distribution_shift_sensitivity,self_only,main,development_holdout,P0_legacy,2017-06-19,886.6040610369366,872
UA,123,distribution_shift_sensitivity,self_only,main,development_holdout,P0_legacy,2017-06-20,892.2123715658913,869
UA,123,distribution_shift_sensitivity,self_only,main,development_holdout,P0_legacy,2017-06-21,923.2664446674083,854
UA,123,distribution_shift_sensitivity,self_only,main,development_holdout,P0_legacy,2017-06-22,903.1527792647389,870
UA,123,distribution_shift_sensitivity,self_only,main,development_holdout,P0_legacy,2017-06-23,855.8041227480069,855
UA,123,distribution_shift_sensitivity,self_only,main,development_holdout,P0_legacy,2017-06-26,823.2791112380116,849
UA,123,distribution_shift_sensitivity,self_only,main,development_holdout,P0_legacy,2017-06-27,877.7011804622514,859
UA,123,distribution_shift_sensitivity,self_only,main,development_holdout,P0_legacy,2017-06-28,876.1064261108725,858
UA,123,distribution_shift_sensitivity,self_only,main,development_holdout,P0_legacy,2017-06-29,860.7807861066083,844
UA,123,distribution_shift_sensitivity,self_only,main,development_holdout,P0_legacy,2017-06-30,825.6146714301244,846
UA,123,distribution_shift_sensitivity,self_only,main,development_holdout,P1_valid_cache_endpoints,2017-02-06,876.9405862174228,885
UA,123,distribution_shift_sensitivity,self_only,main,development_holdout,P1_valid_cache_endpoints,2017-02-07,850.6230678962745,887
UA,123,distribution_shift_sensitivity,self_only,main,development_holdout,P1_valid_cache_endpoints,2017-02-08,923.5402893553673,883
UA,123,distribution_shift_sensitivity,self_only,main,development_holdout,P1_valid_cache_endpoints,2017-02-09,887.323145705417,871
UA,123,distribution_shift_sensitivity,self_only,main,development_holdout,P1_valid_cache_endpoints,2017-02-10,858.9250809139154,871
UA,123,distribution_shift_sensitivity,self_only,main,development_holdout,P1_valid_cache_endpoints,2017-02-13,789.9093603474598,885
UA,123,distribution_shift_sensitivity,self_only,main,development_holdout,P1_valid_cache_endpoints,2017-02-14,856.320120137683,884
UA,123,distribution_shift_sensitivity,self_only,main,development_holdout,P1_valid_cache_endpoints,2017-02-15,920.629863854449,884
UA,123,distribution_shift_sensitivity,self_only,main,development_holdout,P1_valid_cache_endpoints,2017-02-16,908.2753085530153,878
UA,123,distribution_shift_sensitivity,self_only,main,development_holdout,P1_valid_cache_endpoints,2017-02-17,838.2321464513386,883
UA,123,distribution_shift_sensitivity,self_only,main,development_holdout,P1_valid_cache_endpoints,2017-02-20,821.1591995484039,868
UA,123,distribution_shift_sensitivity,self_only,main,development_holdout,P1_valid_cache_endpoints,2017-02-21,881.6083750665969,876
UA,123,distribution_shift_sensitivity,self_only,main,development_holdout,P1_valid_cache_endpoints,2017-02-22,837.3063289738813,875
UA,123,distribution_shift_sensitivity,self_only,main,development_holdout,P1_valid_cache_endpoints,2017-02-23,888.722507188231,882
UA,123,distribution_shift_sensitivity,self_only,main,development_holdout,P1_valid_cache_endpoints,2017-02-24,923.3646904275402,885
UA,123,distribution_shift_sensitivity,self_only,main,development_holdout,P1_valid_cache_endpoints,2017-02-27,861.3815445419975,875
UA,123,distribution_shift_sensitivity,self_only,main,development_holdout,P1_valid_cache_endpoints,2017-02-28,891.2877433284312,891
UA,123,distribution_shift_sensitivity,self_only,main,development_holdout,P1_valid_cache_endpoints,2017-03-02,919.3731304983442,891
UA,123,distribution_shift_sensitivity,self_only,main,development_holdout,P1_valid_cache_endpoints,2017-03-03,973.2921142111452,883
UA,123,distribution_shift_sensitivity,self_only,main,development_holdout,P1_valid_cache_endpoints,2017-03-06,939.6492583949953,883
UA,123,distribution_shift_sensitivity,self_only,main,development_holdout,P1_valid_cache_endpoints,2017-03-07,813.0373877211705,884
UA,123,distribution_shift_sensitivity,self_only,main,development_holdout,P1_valid_cache_endpoints,2017-03-08,909.2143886279273,883
UA,123,distribution_shift_sensitivity,self_only,main,development_holdout,P1_valid_cache_endpoints,2017-03-09,932.8283477724046,885
UA,123,distribution_shift_sensitivity,self_only,main,development_holdout,P1_valid_cache_endpoints,2017-03-10,943.7750105646319,881
UA,123,distribution_shift_sensitivity,self_only,main,development_holdout,P1_valid_cache_endpoints,2017-03-13,856.2277265986502,871
UA,123,distribution_shift_sensitivity,self_only,main,development_holdout,P1_valid_cache_endpoints,2017-03-14,847.8133550023176,861
UA,123,distribution_shift_sensitivity,self_only,main,development_holdout,P1_valid_cache_endpoints,2017-03-15,890.9884831822558,884
UA,123,distribution_shift_sensitivity,self_only,main,development_holdout,P1_valid_cache_endpoints,2017-03-16,927.028654701768,873
UA,123,distribution_shift_sensitivity,self_only,main,development_holdout,P1_valid_cache_endpoints,2017-03-17,903.1175717664296,876
UA,123,distribution_shift_sensitivity,self_only,main,development_holdout,P1_valid_cache_endpoints,2017-03-20,844.5180301367709,871
UA,123,distribution_shift_sensitivity,self_only,main,development_holdout,P1_valid_cache_endpoints,2017-03-21,918.1629396914476,879
UA,123,distribution_shift_sensitivity,self_only,main,development_holdout,P1_valid_cache_endpoints,2017-03-22,921.1287502088903,875
UA,123,distribution_shift_sensitivity,self_only,main,development_holdout,P1_valid_cache_endpoints,2017-03-23,919.3826046964865,878
UA,123,distribution_shift_sensitivity,self_only,main,development_holdout,P1_valid_cache_endpoints,2017-03-24,890.7066146982943,869
UA,123,distribution_shift_sensitivity,self_only,main,development_holdout,P1_valid_cache_endpoints,2017-03-27,925.5777228421985,881
UA,123,distribution_shift_sensitivity,self_only,main,development_holdout,P1_valid_cache_endpoints,2017-03-28,872.6740837286684,879
UA,123,distribution_shift_sensitivity,self_only,main,development_holdout,P1_valid_cache_endpoints,2017-03-29,911.1322602203634,881
UA,123,distribution_shift_sensitivity,self_only,main,development_holdout,P1_valid_cache_endpoints,2017-03-30,836.494953706989,879
UA,123,distribution_shift_sensitivity,self_only,main,development_holdout,P1_valid_cache_endpoints,2017-03-31,890.620473844752,884
UA,123,distribution_shift_sensitivity,self_only,main,development_holdout,P1_valid_cache_endpoints,2017-04-03,900.7200176505721,865
UA,123,distribution_shift_sensitivity,self_only,main,development_holdout,P1_valid_cache_endpoints,2017-04-04,855.6894019643755,865
UA,123,distribution_shift_sensitivity,self_only,main,development_holdout,P1_valid_cache_endpoints,2017-04-05,966.0129067812701,873
UA,123,distribution_shift_sensitivity,self_only,main,development_holdout,P1_valid_cache_endpoints,2017-04-06,851.8187130105357,877
UA,123,distribution_shift_sensitivity,self_only,main,development_holdout,P1_valid_cache_endpoints,2017-04-07,931.8836474233597,879
UA,123,distribution_shift_sensitivity,self_only,main,development_holdout,P1_valid_cache_endpoints,2017-04-10,834.5456228715652,860
UA,123,distribution_shift_sensitivity,self_only,main,development_holdout,P1_valid_cache_endpoints,2017-04-11,906.7892052205764,871
UA,123,distribution_shift_sensitivity,self_only,main,development_holdout,P1_valid_cache_endpoints,2017-04-12,874.5146301083548,879
UA,123,distribution_shift_sensitivity,self_only,main,development_holdout,P1_valid_cache_endpoints,2017-04-13,909.5603967677582,879
UA,123,distribution_shift_sensitivity,self_only,main,development_holdout,P1_valid_cache_endpoints,2017-04-14,932.5965247876263,876
UA,123,distribution_shift_sensitivity,self_only,main,development_holdout,P1_valid_cache_endpoints,2017-04-17,843.9281484100056,884
UA,123,distribution_shift_sensitivity,self_only,main,development_holdout,P1_valid_cache_endpoints,2017-04-18,824.0610988151413,877
UA,123,distribution_shift_sensitivity,self_only,main,development_holdout,P1_valid_cache_endpoints,2017-04-19,841.4071250392269,883
UA,123,distribution_shift_sensitivity,self_only,main,development_holdout,P1_valid_cache_endpoints,2017-04-20,864.6991362914571,885
UA,123,distribution_shift_sensitivity,self_only,main,development_holdout,P1_valid_cache_endpoints,2017-04-21,796.545480320908,886
UA,123,distribution_shift_sensitivity,self_only,main,development_holdout,P1_valid_cache_endpoints,2017-04-24,879.812377968451,889
UA,123,distribution_shift_sensitivity,self_only,main,development_holdout,P1_valid_cache_endpoints,2017-04-25,899.0436824097429,887
UA,123,distribution_shift_sensitivity,self_only,main,development_holdout,P1_valid_cache_endpoints,2017-04-26,820.5231452974986,885
UA,123,distribution_shift_sensitivity,self_only,main,development_holdout,P1_valid_cache_endpoints,2017-04-27,838.7351163733874,891
UA,123,distribution_shift_sensitivity,self_only,main,development_holdout,P1_valid_cache_endpoints,2017-04-28,850.7247234839983,891
UA,123,distribution_shift_sensitivity,self_only,main,development_holdout,P1_valid_cache_endpoints,2017-05-02,837.9735901516137,891
UA,123,distribution_shift_sensitivity,self_only,main,development_holdout,P1_valid_cache_endpoints,2017-05-04,802.0832959986592,884
UA,123,distribution_shift_sensitivity,self_only,main,development_holdout,P1_valid_cache_endpoints,2017-05-08,853.2653299110927,882
UA,123,distribution_shift_sensitivity,self_only,main,development_holdout,P1_valid_cache_endpoints,2017-05-10,960.117329389954,889
UA,123,distribution_shift_sensitivity,self_only,main,development_holdout,P1_valid_cache_endpoints,2017-05-11,917.7833481276953,881
UA,123,distribution_shift_sensitivity,self_only,main,development_holdout,P1_valid_cache_endpoints,2017-05-12,890.9001171609558,879
UA,123,distribution_shift_sensitivity,self_only,main,development_holdout,P1_valid_cache_endpoints,2017-05-15,858.1711962239658,866
UA,123,distribution_shift_sensitivity,self_only,main,development_holdout,P1_valid_cache_endpoints,2017-05-16,874.7020036695126,875
UA,123,distribution_shift_sensitivity,self_only,main,development_holdout,P1_valid_cache_endpoints,2017-05-17,919.7517692014874,887
UA,123,distribution_shift_sensitivity,self_only,main,development_holdout,P1_valid_cache_endpoints,2017-05-18,897.7535609100066,860
UA,123,distribution_shift_sensitivity,self_only,main,development_holdout,P1_valid_cache_endpoints,2017-05-19,861.8347064689658,856
UA,123,distribution_shift_sensitivity,self_only,main,development_holdout,P1_valid_cache_endpoints,2017-05-22,857.595450198911,867
UA,123,distribution_shift_sensitivity,self_only,main,development_holdout,P1_valid_cache_endpoints,2017-05-23,900.4906644290475,857
UA,123,distribution_shift_sensitivity,self_only,main,development_holdout,P1_valid_cache_endpoints,2017-05-24,905.4114574247682,871
UA,123,distribution_shift_sensitivity,self_only,main,development_holdout,P1_valid_cache_endpoints,2017-05-25,914.8975579319622,883
UA,123,distribution_shift_sensitivity,self_only,main,development_holdout,P1_valid_cache_endpoints,2017-05-26,893.0278675074887,870
UA,123,distribution_shift_sensitivity,self_only,main,development_holdout,P1_valid_cache_endpoints,2017-05-29,890.1349665004187,862
UA,123,distribution_shift_sensitivity,self_only,main,development_holdout,P1_valid_cache_endpoints,2017-05-30,924.4901830347235,873
UA,123,distribution_shift_sensitivity,self_only,main,development_holdout,P1_valid_cache_endpoints,2017-05-31,923.1251530409926,874
UA,123,distribution_shift_sensitivity,self_only,main,development_holdout,P1_valid_cache_endpoints,2017-06-01,838.327666671817,865
UA,123,distribution_shift_sensitivity,self_only,main,development_holdout,P1_valid_cache_endpoints,2017-06-02,881.3933431120975,869
UA,123,distribution_shift_sensitivity,self_only,main,development_holdout,P1_valid_cache_endpoints,2017-06-05,854.5107282133721,872
UA,123,distribution_shift_sensitivity,self_only,main,development_holdout,P1_valid_cache_endpoints,2017-06-07,931.2435927139055,882
UA,123,distribution_shift_sensitivity,self_only,main,development_holdout,P1_valid_cache_endpoints,2017-06-08,854.0154330705503,853
UA,123,distribution_shift_sensitivity,self_only,main,development_holdout,P1_valid_cache_endpoints,2017-06-09,871.9890483393473,867
UA,123,distribution_shift_sensitivity,self_only,main,development_holdout,P1_valid_cache_endpoints,2017-06-12,918.5254848534178,879
UA,123,distribution_shift_sensitivity,self_only,main,development_holdout,P1_valid_cache_endpoints,2017-06-13,859.0689249807067,860
UA,123,distribution_shift_sensitivity,self_only,main,development_holdout,P1_valid_cache_endpoints,2017-06-14,913.0884443231926,871
UA,123,distribution_shift_sensitivity,self_only,main,development_holdout,P1_valid_cache_endpoints,2017-06-15,913.4139735229314,841
UA,123,distribution_shift_sensitivity,self_only,main,development_holdout,P1_valid_cache_endpoints,2017-06-16,858.0629632816033,870
UA,123,distribution_shift_sensitivity,self_only,main,development_holdout,P1_valid_cache_endpoints,2017-06-19,886.6040610369366,872
UA,123,distribution_shift_sensitivity,self_only,main,development_holdout,P1_valid_cache_endpoints,2017-06-20,892.2123715658913,869
UA,123,distribution_shift_sensitivity,self_only,main,development_holdout,P1_valid_cache_endpoints,2017-06-21,923.2664446674083,854
UA,123,distribution_shift_sensitivity,self_only,main,development_holdout,P1_valid_cache_endpoints,2017-06-22,903.1527792647389,870
UA,123,distribution_shift_sensitivity,self_only,main,development_holdout,P1_valid_cache_endpoints,2017-06-23,855.8041227480069,855
UA,123,distribution_shift_sensitivity,self_only,main,development_holdout,P1_valid_cache_endpoints,2017-06-26,823.2791112380116,849
UA,123,distribution_shift_sensitivity,self_only,main,development_holdout,P1_valid_cache_endpoints,2017-06-27,877.7011804622514,859
UA,123,distribution_shift_sensitivity,self_only,main,development_holdout,P1_valid_cache_endpoints,2017-06-28,876.1064261108725,858
UA,123,distribution_shift_sensitivity,self_only,main,development_holdout,P1_valid_cache_endpoints,2017-06-29,860.7807861066083,844
UA,123,distribution_shift_sensitivity,self_only,main,development_holdout,P1_valid_cache_endpoints,2017-06-30,825.6146714301244,846
UA,123,distribution_shift_sensitivity,self_only,main,development_holdout,P2_candidate_clock,2017-02-06,876.9405862174228,885
UA,123,distribution_shift_sensitivity,self_only,main,development_holdout,P2_candidate_clock,2017-02-07,850.6230678962745,887
UA,123,distribution_shift_sensitivity,self_only,main,development_holdout,P2_candidate_clock,2017-02-08,923.5402893553673,883
UA,123,distribution_shift_sensitivity,self_only,main,development_holdout,P2_candidate_clock,2017-02-09,887.323145705417,871
UA,123,distribution_shift_sensitivity,self_only,main,development_holdout,P2_candidate_clock,2017-02-10,858.9250809139154,871
UA,123,distribution_shift_sensitivity,self_only,main,development_holdout,P2_candidate_clock,2017-02-13,789.9093603474598,885
UA,123,distribution_shift_sensitivity,self_only,main,development_holdout,P2_candidate_clock,2017-02-14,856.320120137683,884
UA,123,distribution_shift_sensitivity,self_only,main,development_holdout,P2_candidate_clock,2017-02-15,920.629863854449,884
UA,123,distribution_shift_sensitivity,self_only,main,development_holdout,P2_candidate_clock,2017-02-16,908.2753085530153,878
UA,123,distribution_shift_sensitivity,self_only,main,development_holdout,P2_candidate_clock,2017-02-17,838.2321464513386,883
UA,123,distribution_shift_sensitivity,self_only,main,development_holdout,P2_candidate_clock,2017-02-20,821.1591995484039,868
UA,123,distribution_shift_sensitivity,self_only,main,development_holdout,P2_candidate_clock,2017-02-21,881.6083750665969,876
UA,123,distribution_shift_sensitivity,self_only,main,development_holdout,P2_candidate_clock,2017-02-22,837.3063289738813,875
UA,123,distribution_shift_sensitivity,self_only,main,development_holdout,P2_candidate_clock,2017-02-23,888.722507188231,882
UA,123,distribution_shift_sensitivity,self_only,main,development_holdout,P2_candidate_clock,2017-02-24,923.3646904275402,885
UA,123,distribution_shift_sensitivity,self_only,main,development_holdout,P2_candidate_clock,2017-02-27,861.3815445419975,875
UA,123,distribution_shift_sensitivity,self_only,main,development_holdout,P2_candidate_clock,2017-02-28,891.2877433284312,891
UA,123,distribution_shift_sensitivity,self_only,main,development_holdout,P2_candidate_clock,2017-03-02,919.3731304983442,891
UA,123,distribution_shift_sensitivity,self_only,main,development_holdout,P2_candidate_clock,2017-03-03,973.2921142111452,883
UA,123,distribution_shift_sensitivity,self_only,main,development_holdout,P2_candidate_clock,2017-03-06,939.6492583949953,883
UA,123,distribution_shift_sensitivity,self_only,main,development_holdout,P2_candidate_clock,2017-03-07,813.0373877211705,884
UA,123,distribution_shift_sensitivity,self_only,main,development_holdout,P2_candidate_clock,2017-03-08,909.2143886279273,883
UA,123,distribution_shift_sensitivity,self_only,main,development_holdout,P2_candidate_clock,2017-03-09,932.8283477724046,885
UA,123,distribution_shift_sensitivity,self_only,main,development_holdout,P2_candidate_clock,2017-03-10,943.7750105646319,881
UA,123,distribution_shift_sensitivity,self_only,main,development_holdout,P2_candidate_clock,2017-03-13,856.2277265986502,871
UA,123,distribution_shift_sensitivity,self_only,main,development_holdout,P2_candidate_clock,2017-03-14,847.8133550023176,861
UA,123,distribution_shift_sensitivity,self_only,main,development_holdout,P2_candidate_clock,2017-03-15,890.9884831822558,884
UA,123,distribution_shift_sensitivity,self_only,main,development_holdout,P2_candidate_clock,2017-03-16,927.028654701768,873
UA,123,distribution_shift_sensitivity,self_only,main,development_holdout,P2_candidate_clock,2017-03-17,903.1175717664296,876
UA,123,distribution_shift_sensitivity,self_only,main,development_holdout,P2_candidate_clock,2017-03-20,844.5180301367709,871
UA,123,distribution_shift_sensitivity,self_only,main,development_holdout,P2_candidate_clock,2017-03-21,918.1629396914476,879
UA,123,distribution_shift_sensitivity,self_only,main,development_holdout,P2_candidate_clock,2017-03-22,921.1287502088903,875
UA,123,distribution_shift_sensitivity,self_only,main,development_holdout,P2_candidate_clock,2017-03-23,919.3826046964865,878
UA,123,distribution_shift_sensitivity,self_only,main,development_holdout,P2_candidate_clock,2017-03-24,890.7066146982943,869
UA,123,distribution_shift_sensitivity,self_only,main,development_holdout,P2_candidate_clock,2017-03-27,925.5777228421985,881
UA,123,distribution_shift_sensitivity,self_only,main,development_holdout,P2_candidate_clock,2017-03-28,872.6740837286684,879
UA,123,distribution_shift_sensitivity,self_only,main,development_holdout,P2_candidate_clock,2017-03-29,911.1322602203634,881
UA,123,distribution_shift_sensitivity,self_only,main,development_holdout,P2_candidate_clock,2017-03-30,836.494953706989,879
UA,123,distribution_shift_sensitivity,self_only,main,development_holdout,P2_candidate_clock,2017-03-31,890.620473844752,884
UA,123,distribution_shift_sensitivity,self_only,main,development_holdout,P2_candidate_clock,2017-04-03,900.7200176505721,865
UA,123,distribution_shift_sensitivity,self_only,main,development_holdout,P2_candidate_clock,2017-04-04,855.6894019643755,865
UA,123,distribution_shift_sensitivity,self_only,main,development_holdout,P2_candidate_clock,2017-04-05,966.0129067812701,873
UA,123,distribution_shift_sensitivity,self_only,main,development_holdout,P2_candidate_clock,2017-04-06,851.8187130105357,877
UA,123,distribution_shift_sensitivity,self_only,main,development_holdout,P2_candidate_clock,2017-04-07,931.8836474233597,879
UA,123,distribution_shift_sensitivity,self_only,main,development_holdout,P2_candidate_clock,2017-04-10,834.5456228715652,860
UA,123,distribution_shift_sensitivity,self_only,main,development_holdout,P2_candidate_clock,2017-04-11,906.7892052205764,871
UA,123,distribution_shift_sensitivity,self_only,main,development_holdout,P2_candidate_clock,2017-04-12,874.5146301083548,879
UA,123,distribution_shift_sensitivity,self_only,main,development_holdout,P2_candidate_clock,2017-04-13,909.5603967677582,879
UA,123,distribution_shift_sensitivity,self_only,main,development_holdout,P2_candidate_clock,2017-04-14,932.5965247876263,876
UA,123,distribution_shift_sensitivity,self_only,main,development_holdout,P2_candidate_clock,2017-04-17,843.9281484100056,884
UA,123,distribution_shift_sensitivity,self_only,main,development_holdout,P2_candidate_clock,2017-04-18,824.0610988151413,877
UA,123,distribution_shift_sensitivity,self_only,main,development_holdout,P2_candidate_clock,2017-04-19,841.4071250392269,883
UA,123,distribution_shift_sensitivity,self_only,main,development_holdout,P2_candidate_clock,2017-04-20,864.6991362914571,885
UA,123,distribution_shift_sensitivity,self_only,main,development_holdout,P2_candidate_clock,2017-04-21,796.545480320908,886
UA,123,distribution_shift_sensitivity,self_only,main,development_holdout,P2_candidate_clock,2017-04-24,879.812377968451,889
UA,123,distribution_shift_sensitivity,self_only,main,development_holdout,P2_candidate_clock,2017-04-25,899.0436824097429,887
UA,123,distribution_shift_sensitivity,self_only,main,development_holdout,P2_candidate_clock,2017-04-26,820.5231452974986,885
UA,123,distribution_shift_sensitivity,self_only,main,development_holdout,P2_candidate_clock,2017-04-27,838.7351163733874,891
UA,123,distribution_shift_sensitivity,self_only,main,development_holdout,P2_candidate_clock,2017-04-28,850.7247234839983,891
UA,123,distribution_shift_sensitivity,self_only,main,development_holdout,P2_candidate_clock,2017-05-02,837.9735901516137,891
UA,123,distribution_shift_sensitivity,self_only,main,development_holdout,P2_candidate_clock,2017-05-04,802.0832959986592,884
UA,123,distribution_shift_sensitivity,self_only,main,development_holdout,P2_candidate_clock,2017-05-08,853.2653299110927,882
UA,123,distribution_shift_sensitivity,self_only,main,development_holdout,P2_candidate_clock,2017-05-10,960.117329389954,889
UA,123,distribution_shift_sensitivity,self_only,main,development_holdout,P2_candidate_clock,2017-05-11,917.7833481276953,881
UA,123,distribution_shift_sensitivity,self_only,main,development_holdout,P2_candidate_clock,2017-05-12,890.9001171609558,879
UA,123,distribution_shift_sensitivity,self_only,main,development_holdout,P2_candidate_clock,2017-05-15,858.1711962239658,866
UA,123,distribution_shift_sensitivity,self_only,main,development_holdout,P2_candidate_clock,2017-05-16,874.7020036695126,875
UA,123,distribution_shift_sensitivity,self_only,main,development_holdout,P2_candidate_clock,2017-05-17,919.7517692014874,887
UA,123,distribution_shift_sensitivity,self_only,main,development_holdout,P2_candidate_clock,2017-05-18,897.7535609100066,860
UA,123,distribution_shift_sensitivity,self_only,main,development_holdout,P2_candidate_clock,2017-05-19,861.8347064689658,856
UA,123,distribution_shift_sensitivity,self_only,main,development_holdout,P2_candidate_clock,2017-05-22,857.595450198911,867
UA,123,distribution_shift_sensitivity,self_only,main,development_holdout,P2_candidate_clock,2017-05-23,900.4906644290475,857
UA,123,distribution_shift_sensitivity,self_only,main,development_holdout,P2_candidate_clock,2017-05-24,905.4114574247682,871
UA,123,distribution_shift_sensitivity,self_only,main,development_holdout,P2_candidate_clock,2017-05-25,914.8975579319622,883
UA,123,distribution_shift_sensitivity,self_only,main,development_holdout,P2_candidate_clock,2017-05-26,893.0278675074887,870
UA,123,distribution_shift_sensitivity,self_only,main,development_holdout,P2_candidate_clock,2017-05-29,890.1349665004187,862
UA,123,distribution_shift_sensitivity,self_only,main,development_holdout,P2_candidate_clock,2017-05-30,924.4901830347235,873
UA,123,distribution_shift_sensitivity,self_only,main,development_holdout,P2_candidate_clock,2017-05-31,923.1251530409926,874
UA,123,distribution_shift_sensitivity,self_only,main,development_holdout,P2_candidate_clock,2017-06-01,838.327666671817,865
UA,123,distribution_shift_sensitivity,self_only,main,development_holdout,P2_candidate_clock,2017-06-02,881.3933431120975,869
UA,123,distribution_shift_sensitivity,self_only,main,development_holdout,P2_candidate_clock,2017-06-05,854.5107282133721,872
UA,123,distribution_shift_sensitivity,self_only,main,development_holdout,P2_candidate_clock,2017-06-07,931.2435927139055,882
UA,123,distribution_shift_sensitivity,self_only,main,development_holdout,P2_candidate_clock,2017-06-08,854.0154330705503,853
UA,123,distribution_shift_sensitivity,self_only,main,development_holdout,P2_candidate_clock,2017-06-09,871.9890483393473,867
UA,123,distribution_shift_sensitivity,self_only,main,development_holdout,P2_candidate_clock,2017-06-12,918.5254848534178,879
UA,123,distribution_shift_sensitivity,self_only,main,development_holdout,P2_candidate_clock,2017-06-13,859.0689249807067,860
UA,123,distribution_shift_sensitivity,self_only,main,development_holdout,P2_candidate_clock,2017-06-14,913.0884443231926,871
UA,123,distribution_shift_sensitivity,self_only,main,development_holdout,P2_candidate_clock,2017-06-15,913.4139735229314,841
UA,123,distribution_shift_sensitivity,self_only,main,development_holdout,P2_candidate_clock,2017-06-16,858.0629632816033,870
UA,123,distribution_shift_sensitivity,self_only,main,development_holdout,P2_candidate_clock,2017-06-19,886.6040610369366,872
UA,123,distribution_shift_sensitivity,self_only,main,development_holdout,P2_candidate_clock,2017-06-20,892.2123715658913,869
UA,123,distribution_shift_sensitivity,self_only,main,development_holdout,P2_candidate_clock,2017-06-21,923.2664446674083,854
UA,123,distribution_shift_sensitivity,self_only,main,development_holdout,P2_candidate_clock,2017-06-22,903.1527792647389,870
UA,123,distribution_shift_sensitivity,self_only,main,development_holdout,P2_candidate_clock,2017-06-23,855.8041227480069,855
UA,123,distribution_shift_sensitivity,self_only,main,development_holdout,P2_candidate_clock,2017-06-26,823.2791112380116,849
UA,123,distribution_shift_sensitivity,self_only,main,development_holdout,P2_candidate_clock,2017-06-27,877.7011804622514,859
UA,123,distribution_shift_sensitivity,self_only,main,development_holdout,P2_candidate_clock,2017-06-28,876.1064261108725,858
UA,123,distribution_shift_sensitivity,self_only,main,development_holdout,P2_candidate_clock,2017-06-29,860.7807861066083,844
UA,123,distribution_shift_sensitivity,self_only,main,development_holdout,P2_candidate_clock,2017-06-30,825.6146714301244,846
UA,123,distribution_shift_sensitivity,self_only,main,development_holdout,P3_intersection,2017-02-06,876.9405862174228,885
UA,123,distribution_shift_sensitivity,self_only,main,development_holdout,P3_intersection,2017-02-07,850.6230678962745,887
UA,123,distribution_shift_sensitivity,self_only,main,development_holdout,P3_intersection,2017-02-08,923.5402893553673,883
UA,123,distribution_shift_sensitivity,self_only,main,development_holdout,P3_intersection,2017-02-09,887.323145705417,871
UA,123,distribution_shift_sensitivity,self_only,main,development_holdout,P3_intersection,2017-02-10,858.9250809139154,871
UA,123,distribution_shift_sensitivity,self_only,main,development_holdout,P3_intersection,2017-02-13,789.9093603474598,885
UA,123,distribution_shift_sensitivity,self_only,main,development_holdout,P3_intersection,2017-02-14,856.320120137683,884
UA,123,distribution_shift_sensitivity,self_only,main,development_holdout,P3_intersection,2017-02-15,920.629863854449,884
UA,123,distribution_shift_sensitivity,self_only,main,development_holdout,P3_intersection,2017-02-16,908.2753085530153,878
UA,123,distribution_shift_sensitivity,self_only,main,development_holdout,P3_intersection,2017-02-17,838.2321464513386,883
UA,123,distribution_shift_sensitivity,self_only,main,development_holdout,P3_intersection,2017-02-20,821.1591995484039,868
UA,123,distribution_shift_sensitivity,self_only,main,development_holdout,P3_intersection,2017-02-21,881.6083750665969,876
UA,123,distribution_shift_sensitivity,self_only,main,development_holdout,P3_intersection,2017-02-22,837.3063289738813,875
UA,123,distribution_shift_sensitivity,self_only,main,development_holdout,P3_intersection,2017-02-23,888.722507188231,882
UA,123,distribution_shift_sensitivity,self_only,main,development_holdout,P3_intersection,2017-02-24,923.3646904275402,885
UA,123,distribution_shift_sensitivity,self_only,main,development_holdout,P3_intersection,2017-02-27,861.3815445419975,875
UA,123,distribution_shift_sensitivity,self_only,main,development_holdout,P3_intersection,2017-02-28,891.2877433284312,891
UA,123,distribution_shift_sensitivity,self_only,main,development_holdout,P3_intersection,2017-03-02,919.3731304983442,891
UA,123,distribution_shift_sensitivity,self_only,main,development_holdout,P3_intersection,2017-03-03,973.2921142111452,883
UA,123,distribution_shift_sensitivity,self_only,main,development_holdout,P3_intersection,2017-03-06,939.6492583949953,883
UA,123,distribution_shift_sensitivity,self_only,main,development_holdout,P3_intersection,2017-03-07,813.0373877211705,884
UA,123,distribution_shift_sensitivity,self_only,main,development_holdout,P3_intersection,2017-03-08,909.2143886279273,883
UA,123,distribution_shift_sensitivity,self_only,main,development_holdout,P3_intersection,2017-03-09,932.8283477724046,885
UA,123,distribution_shift_sensitivity,self_only,main,development_holdout,P3_intersection,2017-03-10,943.7750105646319,881
UA,123,distribution_shift_sensitivity,self_only,main,development_holdout,P3_intersection,2017-03-13,856.2277265986502,871
UA,123,distribution_shift_sensitivity,self_only,main,development_holdout,P3_intersection,2017-03-14,847.8133550023176,861
UA,123,distribution_shift_sensitivity,self_only,main,development_holdout,P3_intersection,2017-03-15,890.9884831822558,884
UA,123,distribution_shift_sensitivity,self_only,main,development_holdout,P3_intersection,2017-03-16,927.028654701768,873
UA,123,distribution_shift_sensitivity,self_only,main,development_holdout,P3_intersection,2017-03-17,903.1175717664296,876
UA,123,distribution_shift_sensitivity,self_only,main,development_holdout,P3_intersection,2017-03-20,844.5180301367709,871
UA,123,distribution_shift_sensitivity,self_only,main,development_holdout,P3_intersection,2017-03-21,918.1629396914476,879
UA,123,distribution_shift_sensitivity,self_only,main,development_holdout,P3_intersection,2017-03-22,921.1287502088903,875
UA,123,distribution_shift_sensitivity,self_only,main,development_holdout,P3_intersection,2017-03-23,919.3826046964865,878
UA,123,distribution_shift_sensitivity,self_only,main,development_holdout,P3_intersection,2017-03-24,890.7066146982943,869
UA,123,distribution_shift_sensitivity,self_only,main,development_holdout,P3_intersection,2017-03-27,925.5777228421985,881
UA,123,distribution_shift_sensitivity,self_only,main,development_holdout,P3_intersection,2017-03-28,872.6740837286684,879
UA,123,distribution_shift_sensitivity,self_only,main,development_holdout,P3_intersection,2017-03-29,911.1322602203634,881
UA,123,distribution_shift_sensitivity,self_only,main,development_holdout,P3_intersection,2017-03-30,836.494953706989,879
UA,123,distribution_shift_sensitivity,self_only,main,development_holdout,P3_intersection,2017-03-31,890.620473844752,884
UA,123,distribution_shift_sensitivity,self_only,main,development_holdout,P3_intersection,2017-04-03,900.7200176505721,865
UA,123,distribution_shift_sensitivity,self_only,main,development_holdout,P3_intersection,2017-04-04,855.6894019643755,865
UA,123,distribution_shift_sensitivity,self_only,main,development_holdout,P3_intersection,2017-04-05,966.0129067812701,873
UA,123,distribution_shift_sensitivity,self_only,main,development_holdout,P3_intersection,2017-04-06,851.8187130105357,877
UA,123,distribution_shift_sensitivity,self_only,main,development_holdout,P3_intersection,2017-04-07,931.8836474233597,879
UA,123,distribution_shift_sensitivity,self_only,main,development_holdout,P3_intersection,2017-04-10,834.5456228715652,860
UA,123,distribution_shift_sensitivity,self_only,main,development_holdout,P3_intersection,2017-04-11,906.7892052205764,871
UA,123,distribution_shift_sensitivity,self_only,main,development_holdout,P3_intersection,2017-04-12,874.5146301083548,879
UA,123,distribution_shift_sensitivity,self_only,main,development_holdout,P3_intersection,2017-04-13,909.5603967677582,879
UA,123,distribution_shift_sensitivity,self_only,main,development_holdout,P3_intersection,2017-04-14,932.5965247876263,876
UA,123,distribution_shift_sensitivity,self_only,main,development_holdout,P3_intersection,2017-04-17,843.9281484100056,884
UA,123,distribution_shift_sensitivity,self_only,main,development_holdout,P3_intersection,2017-04-18,824.0610988151413,877
UA,123,distribution_shift_sensitivity,self_only,main,development_holdout,P3_intersection,2017-04-19,841.4071250392269,883
UA,123,distribution_shift_sensitivity,self_only,main,development_holdout,P3_intersection,2017-04-20,864.6991362914571,885
UA,123,distribution_shift_sensitivity,self_only,main,development_holdout,P3_intersection,2017-04-21,796.545480320908,886
UA,123,distribution_shift_sensitivity,self_only,main,development_holdout,P3_intersection,2017-04-24,879.812377968451,889
UA,123,distribution_shift_sensitivity,self_only,main,development_holdout,P3_intersection,2017-04-25,899.0436824097429,887
UA,123,distribution_shift_sensitivity,self_only,main,development_holdout,P3_intersection,2017-04-26,820.5231452974986,885
UA,123,distribution_shift_sensitivity,self_only,main,development_holdout,P3_intersection,2017-04-27,838.7351163733874,891
UA,123,distribution_shift_sensitivity,self_only,main,development_holdout,P3_intersection,2017-04-28,850.7247234839983,891
UA,123,distribution_shift_sensitivity,self_only,main,development_holdout,P3_intersection,2017-05-02,837.9735901516137,891
UA,123,distribution_shift_sensitivity,self_only,main,development_holdout,P3_intersection,2017-05-04,802.0832959986592,884
UA,123,distribution_shift_sensitivity,self_only,main,development_holdout,P3_intersection,2017-05-08,853.2653299110927,882
UA,123,distribution_shift_sensitivity,self_only,main,development_holdout,P3_intersection,2017-05-10,960.117329389954,889
UA,123,distribution_shift_sensitivity,self_only,main,development_holdout,P3_intersection,2017-05-11,917.7833481276953,881
UA,123,distribution_shift_sensitivity,self_only,main,development_holdout,P3_intersection,2017-05-12,890.9001171609558,879
UA,123,distribution_shift_sensitivity,self_only,main,development_holdout,P3_intersection,2017-05-15,858.1711962239658,866
UA,123,distribution_shift_sensitivity,self_only,main,development_holdout,P3_intersection,2017-05-16,874.7020036695126,875
UA,123,distribution_shift_sensitivity,self_only,main,development_holdout,P3_intersection,2017-05-17,919.7517692014874,887
UA,123,distribution_shift_sensitivity,self_only,main,development_holdout,P3_intersection,2017-05-18,897.7535609100066,860
UA,123,distribution_shift_sensitivity,self_only,main,development_holdout,P3_intersection,2017-05-19,861.8347064689658,856
UA,123,distribution_shift_sensitivity,self_only,main,development_holdout,P3_intersection,2017-05-22,857.595450198911,867
UA,123,distribution_shift_sensitivity,self_only,main,development_holdout,P3_intersection,2017-05-23,900.4906644290475,857
UA,123,distribution_shift_sensitivity,self_only,main,development_holdout,P3_intersection,2017-05-24,905.4114574247682,871
UA,123,distribution_shift_sensitivity,self_only,main,development_holdout,P3_intersection,2017-05-25,914.8975579319622,883
UA,123,distribution_shift_sensitivity,self_only,main,development_holdout,P3_intersection,2017-05-26,893.0278675074887,870
UA,123,distribution_shift_sensitivity,self_only,main,development_holdout,P3_intersection,2017-05-29,890.1349665004187,862
UA,123,distribution_shift_sensitivity,self_only,main,development_holdout,P3_intersection,2017-05-30,924.4901830347235,873
UA,123,distribution_shift_sensitivity,self_only,main,development_holdout,P3_intersection,2017-05-31,923.1251530409926,874
UA,123,distribution_shift_sensitivity,self_only,main,development_holdout,P3_intersection,2017-06-01,838.327666671817,865
UA,123,distribution_shift_sensitivity,self_only,main,development_holdout,P3_intersection,2017-06-02,881.3933431120975,869
UA,123,distribution_shift_sensitivity,self_only,main,development_holdout,P3_intersection,2017-06-05,854.5107282133721,872
UA,123,distribution_shift_sensitivity,self_only,main,development_holdout,P3_intersection,2017-06-07,931.2435927139055,882
UA,123,distribution_shift_sensitivity,self_only,main,development_holdout,P3_intersection,2017-06-08,854.0154330705503,853
UA,123,distribution_shift_sensitivity,self_only,main,development_holdout,P3_intersection,2017-06-09,871.9890483393473,867
UA,123,distribution_shift_sensitivity,self_only,main,development_holdout,P3_intersection,2017-06-12,918.5254848534178,879
UA,123,distribution_shift_sensitivity,self_only,main,development_holdout,P3_intersection,2017-06-13,859.0689249807067,860
UA,123,distribution_shift_sensitivity,self_only,main,development_holdout,P3_intersection,2017-06-14,913.0884443231926,871
UA,123,distribution_shift_sensitivity,self_only,main,development_holdout,P3_intersection,2017-06-15,913.4139735229314,841
UA,123,distribution_shift_sensitivity,self_only,main,development_holdout,P3_intersection,2017-06-16,858.0629632816033,870
UA,123,distribution_shift_sensitivity,self_only,main,development_holdout,P3_intersection,2017-06-19,886.6040610369366,872
UA,123,distribution_shift_sensitivity,self_only,main,development_holdout,P3_intersection,2017-06-20,892.2123715658913,869
UA,123,distribution_shift_sensitivity,self_only,main,development_holdout,P3_intersection,2017-06-21,923.2664446674083,854
UA,123,distribution_shift_sensitivity,self_only,main,development_holdout,P3_intersection,2017-06-22,903.1527792647389,870
UA,123,distribution_shift_sensitivity,self_only,main,development_holdout,P3_intersection,2017-06-23,855.8041227480069,855
UA,123,distribution_shift_sensitivity,self_only,main,development_holdout,P3_intersection,2017-06-26,823.2791112380116,849
UA,123,distribution_shift_sensitivity,self_only,main,development_holdout,P3_intersection,2017-06-27,877.7011804622514,859
UA,123,distribution_shift_sensitivity,self_only,main,development_holdout,P3_intersection,2017-06-28,876.1064261108725,858
UA,123,distribution_shift_sensitivity,self_only,main,development_holdout,P3_intersection,2017-06-29,860.7807861066083,844
UA,123,distribution_shift_sensitivity,self_only,main,development_holdout,P3_intersection,2017-06-30,825.6146714301244,846
UA,123,distribution_shift_sensitivity,self_only,main,validation,P0_legacy,2016-11-24,919.6975531938484,874
UA,123,distribution_shift_sensitivity,self_only,main,validation,P0_legacy,2016-11-25,859.3127703896383,863
UA,123,distribution_shift_sensitivity,self_only,main,validation,P0_legacy,2016-11-28,897.9794612915098,887
UA,123,distribution_shift_sensitivity,self_only,main,validation,P0_legacy,2016-11-29,873.675471419668,876
UA,123,distribution_shift_sensitivity,self_only,main,validation,P0_legacy,2016-11-30,885.7379801858183,879
UA,123,distribution_shift_sensitivity,self_only,main,validation,P0_legacy,2016-12-01,881.3655547838446,887
UA,123,distribution_shift_sensitivity,self_only,main,validation,P0_legacy,2016-12-02,920.697591196586,888
UA,123,distribution_shift_sensitivity,self_only,main,validation,P0_legacy,2016-12-05,891.9208583138327,875
UA,123,distribution_shift_sensitivity,self_only,main,validation,P0_legacy,2016-12-06,899.1594438682016,872
UA,123,distribution_shift_sensitivity,self_only,main,validation,P0_legacy,2016-12-07,897.89503900042,887
UA,123,distribution_shift_sensitivity,self_only,main,validation,P0_legacy,2016-12-08,902.7437423407407,884
UA,123,distribution_shift_sensitivity,self_only,main,validation,P0_legacy,2016-12-09,879.957563248125,870
UA,123,distribution_shift_sensitivity,self_only,main,validation,P0_legacy,2016-12-12,824.8301160037886,873
UA,123,distribution_shift_sensitivity,self_only,main,validation,P0_legacy,2016-12-13,911.7454445917804,888
UA,123,distribution_shift_sensitivity,self_only,main,validation,P0_legacy,2016-12-14,929.4666298682506,889
UA,123,distribution_shift_sensitivity,self_only,main,validation,P0_legacy,2016-12-15,880.570408739439,883
UA,123,distribution_shift_sensitivity,self_only,main,validation,P0_legacy,2016-12-16,864.2553856228366,887
UA,123,distribution_shift_sensitivity,self_only,main,validation,P0_legacy,2016-12-19,873.6017134336174,874
UA,123,distribution_shift_sensitivity,self_only,main,validation,P0_legacy,2016-12-20,875.0025284233968,891
UA,123,distribution_shift_sensitivity,self_only,main,validation,P0_legacy,2016-12-21,876.058165686961,889
UA,123,distribution_shift_sensitivity,self_only,main,validation,P0_legacy,2016-12-22,860.2114512991412,887
UA,123,distribution_shift_sensitivity,self_only,main,validation,P0_legacy,2016-12-23,763.1031313561621,872
UA,123,distribution_shift_sensitivity,self_only,main,validation,P0_legacy,2016-12-26,815.7649081590253,875
UA,123,distribution_shift_sensitivity,self_only,main,validation,P0_legacy,2016-12-27,831.357687103017,887
UA,123,distribution_shift_sensitivity,self_only,main,validation,P0_legacy,2016-12-28,845.1837337617585,880
UA,123,distribution_shift_sensitivity,self_only,main,validation,P0_legacy,2016-12-29,834.9924768976168,872
UA,123,distribution_shift_sensitivity,self_only,main,validation,P0_legacy,2017-01-02,817.9957885814796,750
UA,123,distribution_shift_sensitivity,self_only,main,validation,P0_legacy,2017-01-03,886.1190383322439,885
UA,123,distribution_shift_sensitivity,self_only,main,validation,P0_legacy,2017-01-04,840.8177686425875,885
UA,123,distribution_shift_sensitivity,self_only,main,validation,P0_legacy,2017-01-05,864.7568661825221,875
UA,123,distribution_shift_sensitivity,self_only,main,validation,P0_legacy,2017-01-06,811.5761132141857,868
UA,123,distribution_shift_sensitivity,self_only,main,validation,P0_legacy,2017-01-09,868.8718737587658,888
UA,123,distribution_shift_sensitivity,self_only,main,validation,P0_legacy,2017-01-10,847.6046274482826,884
UA,123,distribution_shift_sensitivity,self_only,main,validation,P0_legacy,2017-01-11,895.9238325323037,889
UA,123,distribution_shift_sensitivity,self_only,main,validation,P0_legacy,2017-01-12,865.8247629549726,877
UA,123,distribution_shift_sensitivity,self_only,main,validation,P0_legacy,2017-01-13,824.8846749628507,884
UA,123,distribution_shift_sensitivity,self_only,main,validation,P0_legacy,2017-01-16,875.9609291881574,887
UA,123,distribution_shift_sensitivity,self_only,main,validation,P0_legacy,2017-01-17,846.5999477508672,885
UA,123,distribution_shift_sensitivity,self_only,main,validation,P0_legacy,2017-01-18,876.7310240800389,884
UA,123,distribution_shift_sensitivity,self_only,main,validation,P0_legacy,2017-01-19,878.049417759353,883
UA,123,distribution_shift_sensitivity,self_only,main,validation,P0_legacy,2017-01-20,837.1154002998228,885
UA,123,distribution_shift_sensitivity,self_only,main,validation,P0_legacy,2017-01-23,852.1259686554924,878
UA,123,distribution_shift_sensitivity,self_only,main,validation,P0_legacy,2017-01-24,814.6116793750658,875
UA,123,distribution_shift_sensitivity,self_only,main,validation,P0_legacy,2017-01-25,862.245090459812,881
UA,123,distribution_shift_sensitivity,self_only,main,validation,P0_legacy,2017-01-26,875.7151917169238,874
UA,123,distribution_shift_sensitivity,self_only,main,validation,P0_legacy,2017-01-31,879.0985202726243,885
UA,123,distribution_shift_sensitivity,self_only,main,validation,P0_legacy,2017-02-01,823.6098054304027,889
UA,123,distribution_shift_sensitivity,self_only,main,validation,P0_legacy,2017-02-02,864.2170718176387,887
UA,123,distribution_shift_sensitivity,self_only,main,validation,P0_legacy,2017-02-03,886.6218663581855,883
UA,123,distribution_shift_sensitivity,self_only,main,validation,P1_valid_cache_endpoints,2016-11-24,919.6975531938484,874
UA,123,distribution_shift_sensitivity,self_only,main,validation,P1_valid_cache_endpoints,2016-11-25,859.3127703896383,863
UA,123,distribution_shift_sensitivity,self_only,main,validation,P1_valid_cache_endpoints,2016-11-28,897.9794612915098,887
UA,123,distribution_shift_sensitivity,self_only,main,validation,P1_valid_cache_endpoints,2016-11-29,873.675471419668,876
UA,123,distribution_shift_sensitivity,self_only,main,validation,P1_valid_cache_endpoints,2016-11-30,885.7379801858183,879
UA,123,distribution_shift_sensitivity,self_only,main,validation,P1_valid_cache_endpoints,2016-12-01,881.3655547838446,887
UA,123,distribution_shift_sensitivity,self_only,main,validation,P1_valid_cache_endpoints,2016-12-02,920.697591196586,888
UA,123,distribution_shift_sensitivity,self_only,main,validation,P1_valid_cache_endpoints,2016-12-05,891.9208583138327,875
UA,123,distribution_shift_sensitivity,self_only,main,validation,P1_valid_cache_endpoints,2016-12-06,899.1594438682016,872
UA,123,distribution_shift_sensitivity,self_only,main,validation,P1_valid_cache_endpoints,2016-12-07,897.89503900042,887
UA,123,distribution_shift_sensitivity,self_only,main,validation,P1_valid_cache_endpoints,2016-12-08,902.7437423407407,884
UA,123,distribution_shift_sensitivity,self_only,main,validation,P1_valid_cache_endpoints,2016-12-09,879.957563248125,870
UA,123,distribution_shift_sensitivity,self_only,main,validation,P1_valid_cache_endpoints,2016-12-12,824.8301160037886,873
UA,123,distribution_shift_sensitivity,self_only,main,validation,P1_valid_cache_endpoints,2016-12-13,911.7454445917804,888
UA,123,distribution_shift_sensitivity,self_only,main,validation,P1_valid_cache_endpoints,2016-12-14,929.4666298682506,889
UA,123,distribution_shift_sensitivity,self_only,main,validation,P1_valid_cache_endpoints,2016-12-15,880.570408739439,883
UA,123,distribution_shift_sensitivity,self_only,main,validation,P1_valid_cache_endpoints,2016-12-16,864.2553856228366,887
UA,123,distribution_shift_sensitivity,self_only,main,validation,P1_valid_cache_endpoints,2016-12-19,873.6017134336174,874
UA,123,distribution_shift_sensitivity,self_only,main,validation,P1_valid_cache_endpoints,2016-12-20,875.0025284233968,891
UA,123,distribution_shift_sensitivity,self_only,main,validation,P1_valid_cache_endpoints,2016-12-21,876.058165686961,889
UA,123,distribution_shift_sensitivity,self_only,main,validation,P1_valid_cache_endpoints,2016-12-22,860.2114512991412,887
UA,123,distribution_shift_sensitivity,self_only,main,validation,P1_valid_cache_endpoints,2016-12-23,763.1031313561621,872
UA,123,distribution_shift_sensitivity,self_only,main,validation,P1_valid_cache_endpoints,2016-12-26,815.7649081590253,875
UA,123,distribution_shift_sensitivity,self_only,main,validation,P1_valid_cache_endpoints,2016-12-27,831.357687103017,887
UA,123,distribution_shift_sensitivity,self_only,main,validation,P1_valid_cache_endpoints,2016-12-28,845.1837337617585,880
UA,123,distribution_shift_sensitivity,self_only,main,validation,P1_valid_cache_endpoints,2016-12-29,834.9924768976168,872
UA,123,distribution_shift_sensitivity,self_only,main,validation,P1_valid_cache_endpoints,2017-01-02,817.9957885814796,750
UA,123,distribution_shift_sensitivity,self_only,main,validation,P1_valid_cache_endpoints,2017-01-03,886.1190383322439,885
UA,123,distribution_shift_sensitivity,self_only,main,validation,P1_valid_cache_endpoints,2017-01-04,840.8177686425875,885
UA,123,distribution_shift_sensitivity,self_only,main,validation,P1_valid_cache_endpoints,2017-01-05,864.7568661825221,875
UA,123,distribution_shift_sensitivity,self_only,main,validation,P1_valid_cache_endpoints,2017-01-06,811.5761132141857,868
UA,123,distribution_shift_sensitivity,self_only,main,validation,P1_valid_cache_endpoints,2017-01-09,868.8718737587658,888
UA,123,distribution_shift_sensitivity,self_only,main,validation,P1_valid_cache_endpoints,2017-01-10,847.6046274482826,884
UA,123,distribution_shift_sensitivity,self_only,main,validation,P1_valid_cache_endpoints,2017-01-11,895.9238325323037,889
UA,123,distribution_shift_sensitivity,self_only,main,validation,P1_valid_cache_endpoints,2017-01-12,865.8247629549726,877
UA,123,distribution_shift_sensitivity,self_only,main,validation,P1_valid_cache_endpoints,2017-01-13,824.8846749628507,884
UA,123,distribution_shift_sensitivity,self_only,main,validation,P1_valid_cache_endpoints,2017-01-16,875.9609291881574,887
UA,123,distribution_shift_sensitivity,self_only,main,validation,P1_valid_cache_endpoints,2017-01-17,846.5999477508672,885
UA,123,distribution_shift_sensitivity,self_only,main,validation,P1_valid_cache_endpoints,2017-01-18,876.7310240800389,884
UA,123,distribution_shift_sensitivity,self_only,main,validation,P1_valid_cache_endpoints,2017-01-19,878.049417759353,883
UA,123,distribution_shift_sensitivity,self_only,main,validation,P1_valid_cache_endpoints,2017-01-20,837.1154002998228,885
UA,123,distribution_shift_sensitivity,self_only,main,validation,P1_valid_cache_endpoints,2017-01-23,852.1259686554924,878
UA,123,distribution_shift_sensitivity,self_only,main,validation,P1_valid_cache_endpoints,2017-01-24,814.6116793750658,875
UA,123,distribution_shift_sensitivity,self_only,main,validation,P1_valid_cache_endpoints,2017-01-25,862.245090459812,881
UA,123,distribution_shift_sensitivity,self_only,main,validation,P1_valid_cache_endpoints,2017-01-26,875.7151917169238,874
UA,123,distribution_shift_sensitivity,self_only,main,validation,P1_valid_cache_endpoints,2017-01-31,879.0985202726243,885
UA,123,distribution_shift_sensitivity,self_only,main,validation,P1_valid_cache_endpoints,2017-02-01,823.6098054304027,889
UA,123,distribution_shift_sensitivity,self_only,main,validation,P1_valid_cache_endpoints,2017-02-02,864.2170718176387,887
UA,123,distribution_shift_sensitivity,self_only,main,validation,P1_valid_cache_endpoints,2017-02-03,886.6218663581855,883
UA,123,distribution_shift_sensitivity,self_only,main,validation,P2_candidate_clock,2016-11-24,919.6975531938484,874
UA,123,distribution_shift_sensitivity,self_only,main,validation,P2_candidate_clock,2016-11-25,859.3127703896383,863
UA,123,distribution_shift_sensitivity,self_only,main,validation,P2_candidate_clock,2016-11-28,897.9794612915098,887
UA,123,distribution_shift_sensitivity,self_only,main,validation,P2_candidate_clock,2016-11-29,873.675471419668,876
UA,123,distribution_shift_sensitivity,self_only,main,validation,P2_candidate_clock,2016-11-30,885.7379801858183,879
UA,123,distribution_shift_sensitivity,self_only,main,validation,P2_candidate_clock,2016-12-01,881.3655547838446,887
UA,123,distribution_shift_sensitivity,self_only,main,validation,P2_candidate_clock,2016-12-02,920.697591196586,888
UA,123,distribution_shift_sensitivity,self_only,main,validation,P2_candidate_clock,2016-12-05,891.9208583138327,875
UA,123,distribution_shift_sensitivity,self_only,main,validation,P2_candidate_clock,2016-12-06,899.1594438682016,872
UA,123,distribution_shift_sensitivity,self_only,main,validation,P2_candidate_clock,2016-12-07,897.89503900042,887
UA,123,distribution_shift_sensitivity,self_only,main,validation,P2_candidate_clock,2016-12-08,902.7437423407407,884
UA,123,distribution_shift_sensitivity,self_only,main,validation,P2_candidate_clock,2016-12-09,879.957563248125,870
UA,123,distribution_shift_sensitivity,self_only,main,validation,P2_candidate_clock,2016-12-12,824.8301160037886,873
UA,123,distribution_shift_sensitivity,self_only,main,validation,P2_candidate_clock,2016-12-13,911.7454445917804,888
UA,123,distribution_shift_sensitivity,self_only,main,validation,P2_candidate_clock,2016-12-14,929.4666298682506,889
UA,123,distribution_shift_sensitivity,self_only,main,validation,P2_candidate_clock,2016-12-15,880.570408739439,883
UA,123,distribution_shift_sensitivity,self_only,main,validation,P2_candidate_clock,2016-12-16,864.2553856228366,887
UA,123,distribution_shift_sensitivity,self_only,main,validation,P2_candidate_clock,2016-12-19,873.6017134336174,874
UA,123,distribution_shift_sensitivity,self_only,main,validation,P2_candidate_clock,2016-12-20,875.0025284233968,891
UA,123,distribution_shift_sensitivity,self_only,main,validation,P2_candidate_clock,2016-12-21,876.058165686961,889
UA,123,distribution_shift_sensitivity,self_only,main,validation,P2_candidate_clock,2016-12-22,860.2114512991412,887
UA,123,distribution_shift_sensitivity,self_only,main,validation,P2_candidate_clock,2016-12-23,763.1031313561621,872
UA,123,distribution_shift_sensitivity,self_only,main,validation,P2_candidate_clock,2016-12-26,815.7649081590253,875
UA,123,distribution_shift_sensitivity,self_only,main,validation,P2_candidate_clock,2016-12-27,831.357687103017,887
UA,123,distribution_shift_sensitivity,self_only,main,validation,P2_candidate_clock,2016-12-28,845.1837337617585,880
UA,123,distribution_shift_sensitivity,self_only,main,validation,P2_candidate_clock,2016-12-29,834.9924768976168,872
UA,123,distribution_shift_sensitivity,self_only,main,validation,P2_candidate_clock,2017-01-02,817.9957885814796,750
UA,123,distribution_shift_sensitivity,self_only,main,validation,P2_candidate_clock,2017-01-03,886.1190383322439,885
UA,123,distribution_shift_sensitivity,self_only,main,validation,P2_candidate_clock,2017-01-04,840.8177686425875,885
UA,123,distribution_shift_sensitivity,self_only,main,validation,P2_candidate_clock,2017-01-05,864.7568661825221,875
UA,123,distribution_shift_sensitivity,self_only,main,validation,P2_candidate_clock,2017-01-06,811.5761132141857,868
UA,123,distribution_shift_sensitivity,self_only,main,validation,P2_candidate_clock,2017-01-09,868.8718737587658,888
UA,123,distribution_shift_sensitivity,self_only,main,validation,P2_candidate_clock,2017-01-10,847.6046274482826,884
UA,123,distribution_shift_sensitivity,self_only,main,validation,P2_candidate_clock,2017-01-11,895.9238325323037,889
UA,123,distribution_shift_sensitivity,self_only,main,validation,P2_candidate_clock,2017-01-12,865.8247629549726,877
UA,123,distribution_shift_sensitivity,self_only,main,validation,P2_candidate_clock,2017-01-13,824.8846749628507,884
UA,123,distribution_shift_sensitivity,self_only,main,validation,P2_candidate_clock,2017-01-16,875.9609291881574,887
UA,123,distribution_shift_sensitivity,self_only,main,validation,P2_candidate_clock,2017-01-17,846.5999477508672,885
UA,123,distribution_shift_sensitivity,self_only,main,validation,P2_candidate_clock,2017-01-18,876.7310240800389,884
UA,123,distribution_shift_sensitivity,self_only,main,validation,P2_candidate_clock,2017-01-19,878.049417759353,883
UA,123,distribution_shift_sensitivity,self_only,main,validation,P2_candidate_clock,2017-01-20,837.1154002998228,885
UA,123,distribution_shift_sensitivity,self_only,main,validation,P2_candidate_clock,2017-01-23,852.1259686554924,878
UA,123,distribution_shift_sensitivity,self_only,main,validation,P2_candidate_clock,2017-01-24,814.6116793750658,875
UA,123,distribution_shift_sensitivity,self_only,main,validation,P2_candidate_clock,2017-01-25,862.245090459812,881
UA,123,distribution_shift_sensitivity,self_only,main,validation,P2_candidate_clock,2017-01-26,875.7151917169238,874
UA,123,distribution_shift_sensitivity,self_only,main,validation,P2_candidate_clock,2017-01-31,879.0985202726243,885
UA,123,distribution_shift_sensitivity,self_only,main,validation,P2_candidate_clock,2017-02-01,823.6098054304027,889
UA,123,distribution_shift_sensitivity,self_only,main,validation,P2_candidate_clock,2017-02-02,864.2170718176387,887
UA,123,distribution_shift_sensitivity,self_only,main,validation,P2_candidate_clock,2017-02-03,886.6218663581855,883
UA,123,distribution_shift_sensitivity,self_only,main,validation,P3_intersection,2016-11-24,919.6975531938484,874
UA,123,distribution_shift_sensitivity,self_only,main,validation,P3_intersection,2016-11-25,859.3127703896383,863
UA,123,distribution_shift_sensitivity,self_only,main,validation,P3_intersection,2016-11-28,897.9794612915098,887
UA,123,distribution_shift_sensitivity,self_only,main,validation,P3_intersection,2016-11-29,873.675471419668,876
UA,123,distribution_shift_sensitivity,self_only,main,validation,P3_intersection,2016-11-30,885.7379801858183,879
UA,123,distribution_shift_sensitivity,self_only,main,validation,P3_intersection,2016-12-01,881.3655547838446,887
UA,123,distribution_shift_sensitivity,self_only,main,validation,P3_intersection,2016-12-02,920.697591196586,888
UA,123,distribution_shift_sensitivity,self_only,main,validation,P3_intersection,2016-12-05,891.9208583138327,875
UA,123,distribution_shift_sensitivity,self_only,main,validation,P3_intersection,2016-12-06,899.1594438682016,872
UA,123,distribution_shift_sensitivity,self_only,main,validation,P3_intersection,2016-12-07,897.89503900042,887
UA,123,distribution_shift_sensitivity,self_only,main,validation,P3_intersection,2016-12-08,902.7437423407407,884
UA,123,distribution_shift_sensitivity,self_only,main,validation,P3_intersection,2016-12-09,879.957563248125,870
UA,123,distribution_shift_sensitivity,self_only,main,validation,P3_intersection,2016-12-12,824.8301160037886,873
UA,123,distribution_shift_sensitivity,self_only,main,validation,P3_intersection,2016-12-13,911.7454445917804,888
UA,123,distribution_shift_sensitivity,self_only,main,validation,P3_intersection,2016-12-14,929.4666298682506,889
UA,123,distribution_shift_sensitivity,self_only,main,validation,P3_intersection,2016-12-15,880.570408739439,883
UA,123,distribution_shift_sensitivity,self_only,main,validation,P3_intersection,2016-12-16,864.2553856228366,887
UA,123,distribution_shift_sensitivity,self_only,main,validation,P3_intersection,2016-12-19,873.6017134336174,874
UA,123,distribution_shift_sensitivity,self_only,main,validation,P3_intersection,2016-12-20,875.0025284233968,891
UA,123,distribution_shift_sensitivity,self_only,main,validation,P3_intersection,2016-12-21,876.058165686961,889
UA,123,distribution_shift_sensitivity,self_only,main,validation,P3_intersection,2016-12-22,860.2114512991412,887
UA,123,distribution_shift_sensitivity,self_only,main,validation,P3_intersection,2016-12-23,763.1031313561621,872
UA,123,distribution_shift_sensitivity,self_only,main,validation,P3_intersection,2016-12-26,815.7649081590253,875
UA,123,distribution_shift_sensitivity,self_only,main,validation,P3_intersection,2016-12-27,831.357687103017,887
UA,123,distribution_shift_sensitivity,self_only,main,validation,P3_intersection,2016-12-28,845.1837337617585,880
UA,123,distribution_shift_sensitivity,self_only,main,validation,P3_intersection,2016-12-29,834.9924768976168,872
UA,123,distribution_shift_sensitivity,self_only,main,validation,P3_intersection,2017-01-02,817.9957885814796,750
UA,123,distribution_shift_sensitivity,self_only,main,validation,P3_intersection,2017-01-03,886.1190383322439,885
UA,123,distribution_shift_sensitivity,self_only,main,validation,P3_intersection,2017-01-04,840.8177686425875,885
UA,123,distribution_shift_sensitivity,self_only,main,validation,P3_intersection,2017-01-05,864.7568661825221,875
UA,123,distribution_shift_sensitivity,self_only,main,validation,P3_intersection,2017-01-06,811.5761132141857,868
UA,123,distribution_shift_sensitivity,self_only,main,validation,P3_intersection,2017-01-09,868.8718737587658,888
UA,123,distribution_shift_sensitivity,self_only,main,validation,P3_intersection,2017-01-10,847.6046274482826,884
UA,123,distribution_shift_sensitivity,self_only,main,validation,P3_intersection,2017-01-11,895.9238325323037,889
UA,123,distribution_shift_sensitivity,self_only,main,validation,P3_intersection,2017-01-12,865.8247629549726,877
UA,123,distribution_shift_sensitivity,self_only,main,validation,P3_intersection,2017-01-13,824.8846749628507,884
UA,123,distribution_shift_sensitivity,self_only,main,validation,P3_intersection,2017-01-16,875.9609291881574,887
UA,123,distribution_shift_sensitivity,self_only,main,validation,P3_intersection,2017-01-17,846.5999477508672,885
UA,123,distribution_shift_sensitivity,self_only,main,validation,P3_intersection,2017-01-18,876.7310240800389,884
UA,123,distribution_shift_sensitivity,self_only,main,validation,P3_intersection,2017-01-19,878.049417759353,883
UA,123,distribution_shift_sensitivity,self_only,main,validation,P3_intersection,2017-01-20,837.1154002998228,885
UA,123,distribution_shift_sensitivity,self_only,main,validation,P3_intersection,2017-01-23,852.1259686554924,878
UA,123,distribution_shift_sensitivity,self_only,main,validation,P3_intersection,2017-01-24,814.6116793750658,875
UA,123,distribution_shift_sensitivity,self_only,main,validation,P3_intersection,2017-01-25,862.245090459812,881
UA,123,distribution_shift_sensitivity,self_only,main,validation,P3_intersection,2017-01-26,875.7151917169238,874
UA,123,distribution_shift_sensitivity,self_only,main,validation,P3_intersection,2017-01-31,879.0985202726243,885
UA,123,distribution_shift_sensitivity,self_only,main,validation,P3_intersection,2017-02-01,823.6098054304027,889
UA,123,distribution_shift_sensitivity,self_only,main,validation,P3_intersection,2017-02-02,864.2170718176387,887
UA,123,distribution_shift_sensitivity,self_only,main,validation,P3_intersection,2017-02-03,886.6218663581855,883
