model,seed,family,source_job,fold,split,population,grouping,group,rows,nll,accuracy,macro_f1,mcc,brier,equal_asset_nll,down,flat,up,max_probability_sum_error
UC,42,new_P3_selected,R2_UC_42_selected,R2,rolling_evaluation,P0_legacy,origin_bucket,09:00–:59,5346,1.0338622462087974,0.45454545454545453,0.43773919157378494,0.17035071446445163,0.6246713970644043,1.0338622462087974,2014,1520,1812,1.1920928955078125e-07
UC,42,new_P3_selected,R2_UC_42_selected,R2,rolling_evaluation,P0_legacy,origin_bucket,10:00–:59,5346,0.979657311074657,0.5086045641601197,0.4759033605574352,0.22833115665237735,0.5883330880204318,0.9796573110746571,1512,2409,1425,1.043081285789782e-07
UC,42,new_P3_selected,R2_UC_42_selected,R2,rolling_evaluation,P0_legacy,origin_bucket,11:00–:59,5346,0.9000558837977732,0.5591096146651702,0.44707875338933195,0.20294775891227704,0.5379982492210896,0.9000558837977733,1280,2923,1143,1.1175870928692433e-07
UC,42,new_P3_selected,R2_UC_42_selected,R2,rolling_evaluation,P0_legacy,origin_bucket,12:00–:59,5346,0.7966965450430955,0.6391694725028059,0.4657432960434546,0.24551614275488765,0.46984522284584096,0.7966965450430955,1063,3319,964,1.043081285789782e-07
UC,42,new_P3_selected,R2_UC_42_selected,R2,rolling_evaluation,P0_legacy,origin_bucket,13:00–:59,5346,0.8434547048135467,0.602880658436214,0.4771234626972865,0.2523708293649593,0.5026390887387242,0.8434547048135466,1084,3059,1203,1.043081285789782e-07
UC,42,new_P3_selected,R2_UC_42_selected,R2,rolling_evaluation,P0_legacy,origin_bucket,14:00–:59,5346,0.901606211466646,0.5654695099139544,0.47190180099188633,0.23256087306171663,0.5381306675313129,0.9016062114666462,1155,2882,1309,1.1920928977282585e-07
UC,42,new_P3_selected,R2_UC_42_selected,R2,rolling_evaluation,P0_legacy,origin_bucket,15:00–:59,1782,0.8246942901095684,0.6285072951739619,0.45017706200893154,0.18011459839583063,0.488662910622432,0.8246942901095683,217,1320,245,1.043081283569336e-07
UC,42,new_P3_selected,R2_UC_42_selected,R2,rolling_evaluation,P0_legacy,relative_spread_bin,high,11646,0.8029254752414223,0.6380731581658938,0.4413257993661072,0.23552301821861762,0.47323273363027085,0.9961786258513291,2151,7204,2291,1.043081286900005e-07
UC,42,new_P3_selected,R2_UC_42_selected,R2,rolling_evaluation,P0_legacy,relative_spread_bin,invalid,231,1.1796348885268728,0.3593073593073593,0.34390039757271396,0.050113953998675874,0.6986220794889441,1.0838139573345809,63,109,59,1.043081284679559e-07
UC,42,new_P3_selected,R2_UC_42_selected,R2,rolling_evaluation,P0_legacy,relative_spread_bin,low,11680,0.9975222472272167,0.4901541095890411,0.47936770717099675,0.22746028247514435,0.600789447545777,0.998242728061851,3584,4754,3342,1.1920928977282585e-07
UC,42,new_P3_selected,R2_UC_42_selected,R2,rolling_evaluation,P0_legacy,relative_spread_bin,middle,10301,0.9085903630428687,0.5515969323366663,0.47638562141432744,0.23430160505292597,0.5453387767330726,0.9201556487108589,2527,5365,2409,1.043081285789782e-07
UC,42,new_P3_selected,R2_UC_42_selected,R2,rolling_evaluation,P0_legacy,l5_depth_bin,high,13115,0.8192929538736976,0.6131910026687,0.44703202052745716,0.2285645202315011,0.4855495762151765,0.8334792737079153,2750,7808,2557,1.1920928955078125e-07
UC,42,new_P3_selected,R2_UC_42_selected,R2,rolling_evaluation,P0_legacy,l5_depth_bin,invalid,230,1.1800950212109862,0.36086956521739133,0.345398428731762,0.05190724470132585,0.6981334220375278,1.084222467723034,63,108,59,1.043081284679559e-07
UC,42,new_P3_selected,R2_UC_42_selected,R2,rolling_evaluation,P0_legacy,l5_depth_bin,low,8190,1.0014164513284531,0.48595848595848595,0.48179743599674874,0.23087291137652982,0.6049486690541016,1.011748895914842,2556,3104,2530,1.1920928977282585e-07
UC,42,new_P3_selected,R2_UC_42_selected,R2,rolling_evaluation,P0_legacy,l5_depth_bin,middle,12323,0.9263787421827226,0.5531120668668343,0.47867937778889913,0.24070499036593587,0.5537874400712791,0.9560281737007503,2956,6412,2955,1.043081286900005e-07
UC,42,new_P3_selected,R2_UC_42_selected,R2,rolling_evaluation,P1_valid_cache_endpoints,origin_bucket,09:00–:59,5198,1.019782215184358,0.4611388995767603,0.4443814840193885,0.17815373292837158,0.6180686906799064,1.0188927739842797,1989,1422,1787,1.1920928955078125e-07
UC,42,new_P3_selected,R2_UC_42_selected,R2,rolling_evaluation,P1_valid_cache_endpoints,origin_bucket,10:00–:59,5281,0.9752520530122887,0.5108880893770119,0.47802318058683485,0.23229401407485611,0.5859753675237702,0.9747310856054897,1502,2365,1414,1.043081285789782e-07
UC,42,new_P3_selected,R2_UC_42_selected,R2,rolling_evaluation,P1_valid_cache_endpoints,origin_bucket,11:00–:59,5293,0.8975420222752694,0.5605516720196486,0.4477140244757631,0.20580718552469282,0.5365044163826169,0.8976646322519085,1272,2886,1135,1.1175870928692433e-07
UC,42,new_P3_selected,R2_UC_42_selected,R2,rolling_evaluation,P1_valid_cache_endpoints,origin_bucket,12:00–:59,5282,0.7938314694645051,0.6423703142748959,0.4687273787046891,0.2524822765883466,0.4679161865135706,0.7943827129787289,1055,3274,953,1.043081285789782e-07
UC,42,new_P3_selected,R2_UC_42_selected,R2,rolling_evaluation,P1_valid_cache_endpoints,origin_bucket,13:00–:59,5309,0.8422165016741993,0.6033151252589941,0.47748322702996476,0.25406487277949147,0.5018863516495119,0.8424661575186235,1077,3031,1201,1.043081285789782e-07
UC,42,new_P3_selected,R2_UC_42_selected,R2,rolling_evaluation,P1_valid_cache_endpoints,origin_bucket,14:00–:59,5314,0.9009095520039544,0.5660519382762514,0.4727307570344765,0.23448445131594975,0.537737812121932,0.900874730810201,1150,2856,1308,1.1920928977282585e-07
UC,42,new_P3_selected,R2_UC_42_selected,R2,rolling_evaluation,P1_valid_cache_endpoints,origin_bucket,15:00–:59,884,0.9103360673638831,0.5723981900452488,0.500322228504856,0.2931736401148723,0.5457768093009834,0.909883954714776,216,424,244,1.0430812813488899e-07
UC,42,new_P3_selected,R2_UC_42_selected,R2,rolling_evaluation,P1_valid_cache_endpoints,relative_spread_bin,high,11290,0.8085226722370398,0.6329495128432241,0.44184924638153616,0.241959499387886,0.4774737244304274,0.9856067047145314,2151,6848,2291,1.043081286900005e-07
UC,42,new_P3_selected,R2_UC_42_selected,R2,rolling_evaluation,P1_valid_cache_endpoints,relative_spread_bin,low,11254,0.9937415076225324,0.4921805580238138,0.48342672383095336,0.23278183860036258,0.5989204614623546,0.9947622451100493,3584,4328,3342,1.1920928977282585e-07
UC,42,new_P3_selected,R2_UC_42_selected,R2,rolling_evaluation,P1_valid_cache_endpoints,relative_spread_bin,middle,10017,0.9131028996753078,0.5477687930518119,0.4770847139827375,0.2372121833717058,0.5482778271891252,0.9191882826174975,2526,5082,2409,1.043081285789782e-07
UC,42,new_P3_selected,R2_UC_42_selected,R2,rolling_evaluation,P1_valid_cache_endpoints,l5_depth_bin,high,12714,0.8275175470719093,0.6059462010382256,0.4462901101996655,0.23023636063202574,0.4910260632189427,0.8445987796713171,2750,7407,2557,1.1920928955078125e-07
UC,42,new_P3_selected,R2_UC_42_selected,R2,rolling_evaluation,P1_valid_cache_endpoints,l5_depth_bin,low,7891,0.9889785525520144,0.4932201241921176,0.4899045844047097,0.24117246837455017,0.5985216295687287,1.0049268222118808,2556,2805,2530,1.1920928977282585e-07
UC,42,new_P3_selected,R2_UC_42_selected,R2,rolling_evaluation,P1_valid_cache_endpoints,l5_depth_bin,middle,11956,0.9311853287661022,0.5500167280026764,0.4801412840969954,0.24507667467921218,0.5568073494795795,0.9595238681047553,2955,6046,2955,1.043081286900005e-07
UC,42,new_P3_selected,R2_UC_42_selected,R2,rolling_evaluation,P2_candidate_clock,origin_bucket,09:00–:59,4455,1.0432619822604232,0.44399551066217735,0.4331329692304214,0.16349080364653373,0.6303796649937817,1.0432619822604234,1588,1392,1475,1.1920928955078125e-07
UC,42,new_P3_selected,R2_UC_42_selected,R2,rolling_evaluation,P2_candidate_clock,origin_bucket,10:00–:59,5346,0.979657311074657,0.5086045641601197,0.4759033605574352,0.22833115665237735,0.5883330880204318,0.9796573110746571,1512,2409,1425,1.043081285789782e-07
UC,42,new_P3_selected,R2_UC_42_selected,R2,rolling_evaluation,P2_candidate_clock,origin_bucket,11:00–:59,5346,0.9000558837977732,0.5591096146651702,0.44707875338933195,0.20294775891227704,0.5379982492210896,0.9000558837977733,1280,2923,1143,1.1175870928692433e-07
UC,42,new_P3_selected,R2_UC_42_selected,R2,rolling_evaluation,P2_candidate_clock,origin_bucket,12:00–:59,5346,0.7966965450430955,0.6391694725028059,0.4657432960434546,0.24551614275488765,0.46984522284584096,0.7966965450430955,1063,3319,964,1.043081285789782e-07
UC,42,new_P3_selected,R2_UC_42_selected,R2,rolling_evaluation,P2_candidate_clock,origin_bucket,13:00–:59,5346,0.8434547048135467,0.602880658436214,0.4771234626972865,0.2523708293649593,0.5026390887387242,0.8434547048135466,1084,3059,1203,1.043081285789782e-07
UC,42,new_P3_selected,R2_UC_42_selected,R2,rolling_evaluation,P2_candidate_clock,origin_bucket,14:00–:59,3564,0.8904325172461856,0.5729517396184063,0.47988119366120396,0.24095689203338455,0.5314773589850679,0.8904325172461854,753,1955,856,1.1920928977282585e-07
UC,42,new_P3_selected,R2_UC_42_selected,R2,rolling_evaluation,P2_candidate_clock,relative_spread_bin,high,9989,0.7983501618000666,0.6383021323455801,0.4208119148953012,0.20648734882764563,0.4706768178451349,1.0736655269574258,1787,6261,1941,1.043081286900005e-07
UC,42,new_P3_selected,R2_UC_42_selected,R2,rolling_evaluation,P2_candidate_clock,relative_spread_bin,invalid,214,1.1882308591223747,0.35046728971962615,0.3336158703511689,0.035743306220226465,0.7041029538995297,1.082019964980306,61,96,57,1.043081284679559e-07
UC,42,new_P3_selected,R2_UC_42_selected,R2,rolling_evaluation,P2_candidate_clock,relative_spread_bin,low,10198,0.9999181077514104,0.4879388115316729,0.47809587796544956,0.224928077866041,0.6021811067756045,0.9999362933317516,3184,4060,2954,1.1920928977282585e-07
UC,42,new_P3_selected,R2_UC_42_selected,R2,rolling_evaluation,P2_candidate_clock,relative_spread_bin,middle,9002,0.9122709299083845,0.5488780271050877,0.4750045231995592,0.2317733422306189,0.5475986981900877,0.937612615968117,2248,4640,2114,1.043081285789782e-07
UC,42,new_P3_selected,R2_UC_42_selected,R2,rolling_evaluation,P2_candidate_clock,l5_depth_bin,high,11450,0.8220032830288785,0.6076855895196507,0.4445013439553284,0.22793989964841777,0.4876814132791513,0.8525460616908085,2463,6718,2269,1.1920928955078125e-07
UC,42,new_P3_selected,R2_UC_42_selected,R2,rolling_evaluation,P2_candidate_clock,l5_depth_bin,invalid,213,1.1887680726807854,0.352112676056338,0.33520767731294043,0.0376645983824063,0.7036010274234022,1.0824284753687592,61,95,57,1.043081284679559e-07
UC,42,new_P3_selected,R2_UC_42_selected,R2,rolling_evaluation,P2_candidate_clock,l5_depth_bin,low,6926,1.0022101988708672,0.48469535085186255,0.4792128690729332,0.22643772880578292,0.6052106413096995,1.0012154778621685,2109,2700,2117,1.1920928977282585e-07
UC,42,new_P3_selected,R2_UC_42_selected,R2,rolling_evaluation,P2_candidate_clock,l5_depth_bin,middle,10814,0.927684105457363,0.5528019234325874,0.4798447675351584,0.24373227565124275,0.5545854513589691,1.0046988582800007,2647,5544,2623,1.043081286900005e-07
UC,42,new_P3_selected,R2_UC_42_selected,R2,rolling_evaluation,P3_intersection,origin_bucket,09:00–:59,4319,1.0310573630745083,0.4503357258624682,0.4396213905010041,0.17186441139445746,0.6245254177829902,1.0304561765124371,1563,1306,1450,1.1920928955078125e-07
UC,42,new_P3_selected,R2_UC_42_selected,R2,rolling_evaluation,P3_intersection,origin_bucket,10:00–:59,5281,0.9752520530122887,0.5108880893770119,0.47802318058683485,0.23229401407485611,0.5859753675237702,0.9747310856054897,1502,2365,1414,1.043081285789782e-07
UC,42,new_P3_selected,R2_UC_42_selected,R2,rolling_evaluation,P3_intersection,origin_bucket,11:00–:59,5293,0.8975420222752694,0.5605516720196486,0.4477140244757631,0.20580718552469282,0.5365044163826169,0.8976646322519085,1272,2886,1135,1.1175870928692433e-07
UC,42,new_P3_selected,R2_UC_42_selected,R2,rolling_evaluation,P3_intersection,origin_bucket,12:00–:59,5282,0.7938314694645051,0.6423703142748959,0.4687273787046891,0.2524822765883466,0.4679161865135706,0.7943827129787289,1055,3274,953,1.043081285789782e-07
UC,42,new_P3_selected,R2_UC_42_selected,R2,rolling_evaluation,P3_intersection,origin_bucket,13:00–:59,5309,0.8422165016741993,0.6033151252589941,0.47748322702996476,0.25406487277949147,0.5018863516495119,0.8424661575186235,1077,3031,1201,1.043081285789782e-07
UC,42,new_P3_selected,R2_UC_42_selected,R2,rolling_evaluation,P3_intersection,origin_bucket,14:00–:59,3543,0.8891997469434352,0.5740897544453852,0.4811140060662247,0.24358851277049431,0.530741048725185,0.8891203916702713,749,1938,856,1.1920928977282585e-07
UC,42,new_P3_selected,R2_UC_42_selected,R2,rolling_evaluation,P3_intersection,relative_spread_bin,high,9948,0.7970058911928524,0.6392239646160032,0.4218208020945251,0.21080466371814713,0.4699995549957056,1.063367597449459,1787,6220,1941,1.043081286900005e-07
UC,42,new_P3_selected,R2_UC_42_selected,R2,rolling_evaluation,P3_intersection,relative_spread_bin,low,10097,0.9954111674558002,0.49004654847974644,0.48050267555948994,0.22855408607530522,0.599832176573637,0.9956284572381249,3184,3959,2954,1.1920928977282585e-07
UC,42,new_P3_selected,R2_UC_42_selected,R2,rolling_evaluation,P3_intersection,relative_spread_bin,middle,8982,0.9117826248176821,0.549209530171454,0.47549284913349416,0.23291810757726866,0.547314794584161,0.9327781939436218,2247,4621,2114,1.043081285789782e-07
UC,42,new_P3_selected,R2_UC_42_selected,R2,rolling_evaluation,P3_intersection,l5_depth_bin,high,11444,0.8221660046966087,0.6074799021321217,0.4444380346626215,0.22782177925473973,0.4877939733604168,0.8526311307083295,2463,6712,2269,1.1920928955078125e-07
UC,42,new_P3_selected,R2_UC_42_selected,R2,rolling_evaluation,P3_intersection,l5_depth_bin,low,6796,0.9932407544721955,0.4892583872866392,0.4841851513089826,0.23334769966343258,0.6005462532423301,0.993533611919247,2109,2570,2117,1.1920928977282585e-07
UC,42,new_P3_selected,R2_UC_42_selected,R2,rolling_evaluation,P3_intersection,l5_depth_bin,middle,10787,0.9279670690979049,0.5527950310559007,0.4801343547337617,0.24444926654287094,0.5547803816394493,1.004711423469453,2646,5518,2623,1.043081286900005e-07
UC,42,new_P3_selected,R2_UC_42_selected,R2,validation,P0_legacy,origin_bucket,09:00–:59,7938,1.0388090438237036,0.4503653313177123,0.4376688434452432,0.16591626516046604,0.6280124601801047,1.0388090438237039,2957,2124,2857,1.1920928977282585e-07
UC,42,new_P3_selected,R2_UC_42_selected,R2,validation,P0_legacy,origin_bucket,10:00–:59,7938,0.9864320336966628,0.5050390526581002,0.4708170493658355,0.22478363591690803,0.5925877131070477,0.9864320336966627,2314,3479,2145,1.1920928955078125e-07
UC,42,new_P3_selected,R2_UC_42_selected,R2,validation,P0_legacy,origin_bucket,11:00–:59,7938,0.9002194249271905,0.5675233056185437,0.47444888144114244,0.2506720199478328,0.5381137897849433,0.9002194249271904,1923,4109,1906,1.043081285789782e-07
UC,42,new_P3_selected,R2_UC_42_selected,R2,validation,P0_legacy,origin_bucket,12:00–:59,7938,0.8277713191304706,0.610103300579491,0.46140599035868574,0.23292173143708308,0.492849970964849,0.8277713191304706,1669,4663,1606,1.1175870917590203e-07
UC,42,new_P3_selected,R2_UC_42_selected,R2,validation,P0_legacy,origin_bucket,13:00–:59,7938,0.8603399871948799,0.5870496346686823,0.4640812351533105,0.23292789940568887,0.5154279691606388,0.86033998719488,1730,4456,1752,1.1175870873181282e-07
UC,42,new_P3_selected,R2_UC_42_selected,R2,validation,P0_legacy,origin_bucket,14:00–:59,7938,0.9066636433195624,0.5616024187452758,0.4705345066739594,0.23683514831020264,0.5445939522777354,0.9066636433195626,1888,4156,1894,1.043081286900005e-07
UC,42,new_P3_selected,R2_UC_42_selected,R2,validation,P0_legacy,origin_bucket,15:00–:59,2646,0.8296654824929037,0.6107331821617535,0.4166887548939772,0.1335631646467254,0.4929881180908325,0.8296654824929036,318,1989,339,1.043081283569336e-07
UC,42,new_P3_selected,R2_UC_42_selected,R2,validation,P0_legacy,relative_spread_bin,high,18514,0.7822799433103544,0.6529113103597278,0.4367675388038099,0.2342546118131034,0.46170451816122976,0.9795385556898827,3484,11728,3302,1.1175870895385742e-07
UC,42,new_P3_selected,R2_UC_42_selected,R2,validation,P0_legacy,relative_spread_bin,invalid,310,1.130161808403924,0.432258064516129,0.41640946894098785,0.1539615098761373,0.669437661551273,1.0581265664892303,100,124,86,8.940696749615284e-08
UC,42,new_P3_selected,R2_UC_42_selected,R2,validation,P0_legacy,relative_spread_bin,low,13701,1.0190757736056513,0.4628859207357127,0.45991917124513143,0.19458966405574973,0.6167054658957233,1.0065235249136304,4557,4743,4401,1.1920928977282585e-07
UC,42,new_P3_selected,R2_UC_42_selected,R2,validation,P0_legacy,relative_spread_bin,middle,17749,0.9701439900930816,0.5128176235280861,0.46263033931016545,0.21035520766641988,0.5852053844541225,0.9826941100217104,4658,8381,4710,1.1920928955078125e-07
UC,42,new_P3_selected,R2_UC_42_selected,R2,validation,P0_legacy,l5_depth_bin,high,18658,0.8561942547079291,0.5952942437560296,0.46171130998733423,0.2518385145181034,0.5099248636791631,0.8387285436899313,4219,10377,4062,1.1920928977282585e-07
UC,42,new_P3_selected,R2_UC_42_selected,R2,validation,P0_legacy,l5_depth_bin,invalid,308,1.1309985453388436,0.43506493506493504,0.4191125158141649,0.15735355908618348,0.66880698588975,1.082288328993639,100,122,86,8.940696749615284e-08
UC,42,new_P3_selected,R2_UC_42_selected,R2,validation,P0_legacy,l5_depth_bin,low,10887,1.013199280679674,0.47451088454119594,0.4708252794464474,0.2120654841473374,0.6116068923268567,1.0279848514847436,3533,3955,3399,1.1175870917590203e-07
UC,42,new_P3_selected,R2_UC_42_selected,R2,validation,P0_legacy,l5_depth_bin,middle,20421,0.9138143754136299,0.5513442044953724,0.4732886275793202,0.2367656434588086,0.5490955480284545,0.9308108873164354,4947,10522,4952,1.1920928955078125e-07
UC,42,new_P3_selected,R2_UC_42_selected,R2,validation,P1_valid_cache_endpoints,origin_bucket,09:00–:59,7751,1.025194821108883,0.4547800283834344,0.44239703505775746,0.1708296531881765,0.6221339041683651,1.0237299744463886,2924,2004,2823,1.1920928977282585e-07
UC,42,new_P3_selected,R2_UC_42_selected,R2,validation,P1_valid_cache_endpoints,origin_bucket,10:00–:59,7833,0.9819374704765919,0.5068300778756543,0.4722204209165565,0.22802531898464032,0.5902708961767833,0.9821378632846518,2290,3415,2128,1.1920928955078125e-07
UC,42,new_P3_selected,R2_UC_42_selected,R2,validation,P1_valid_cache_endpoints,origin_bucket,11:00–:59,7851,0.8973778957174073,0.569354222392052,0.47595428697236475,0.25485683943033277,0.5364676343788533,0.8985820126039997,1907,4050,1894,1.043081285789782e-07
UC,42,new_P3_selected,R2_UC_42_selected,R2,validation,P1_valid_cache_endpoints,origin_bucket,12:00–:59,7857,0.8248431515827703,0.6124474990454372,0.46251628336713396,0.23749623523715385,0.49089963760937616,0.8260359693149342,1652,4608,1597,1.1175870917590203e-07
UC,42,new_P3_selected,R2_UC_42_selected,R2,validation,P1_valid_cache_endpoints,origin_bucket,13:00–:59,7883,0.8582743619302359,0.5881009767854878,0.4645383402515988,0.23527624989961768,0.5142595978333651,0.8591314464434111,1722,4417,1744,1.1175870873181282e-07
UC,42,new_P3_selected,R2_UC_42_selected,R2,validation,P1_valid_cache_endpoints,origin_bucket,14:00–:59,7909,0.9058509883702679,0.5623972689341257,0.4711181085475227,0.2383142446228852,0.5441038339684502,0.9062983293147439,1884,4137,1888,1.043081286900005e-07
UC,42,new_P3_selected,R2_UC_42_selected,R2,validation,P1_valid_cache_endpoints,origin_bucket,15:00–:59,1316,0.9264307355358662,0.5455927051671733,0.4588284805795961,0.22505573725156042,0.5571758708338759,0.9271757691290374,317,660,339,1.043081283569336e-07
UC,42,new_P3_selected,R2_UC_42_selected,R2,validation,P1_valid_cache_endpoints,relative_spread_bin,high,17962,0.7878192811768665,0.6480347400066808,0.43733539772258134,0.24120264047122378,0.46631543586946256,0.9661197670808095,3482,11178,3302,1.1175870895385742e-07
UC,42,new_P3_selected,R2_UC_42_selected,R2,validation,P1_valid_cache_endpoints,relative_spread_bin,low,13177,1.0115861467254594,0.46755710708051906,0.46516515662633345,0.2013349769046859,0.6125926380310508,1.0005899615548763,4556,4220,4401,1.1920928977282585e-07
UC,42,new_P3_selected,R2_UC_42_selected,R2,validation,P1_valid_cache_endpoints,relative_spread_bin,middle,17261,0.9751904462141667,0.5085452754765077,0.462628751632358,0.21208330706981274,0.5884326342239045,0.9767752329935259,4658,7893,4710,1.1920928955078125e-07
UC,42,new_P3_selected,R2_UC_42_selected,R2,validation,P1_valid_cache_endpoints,l5_depth_bin,high,18060,0.8649012518775705,0.5886489479512735,0.4614758635978329,0.2550619474116251,0.5156524445630507,0.8496253418642136,4218,9780,4062,1.1920928977282585e-07
UC,42,new_P3_selected,R2_UC_42_selected,R2,validation,P1_valid_cache_endpoints,l5_depth_bin,low,10484,0.996200991668185,0.4834986646318199,0.48057958972777076,0.2253482380992997,0.6029993757536242,1.0193217260585132,3533,3552,3399,1.1175870917590203e-07
UC,42,new_P3_selected,R2_UC_42_selected,R2,validation,P1_valid_cache_endpoints,l5_depth_bin,middle,19856,0.9190650216783245,0.5478948428686543,0.47428306906486534,0.24055243919773045,0.5525029283617833,0.9337811696532496,4945,9959,4952,1.1920928955078125e-07
UC,42,new_P3_selected,R2_UC_42_selected,R2,validation,P2_candidate_clock,origin_bucket,09:00–:59,6615,1.0443565170876021,0.44232804232804235,0.4346890494512663,0.1614332972678011,0.631990571817705,1.044356517087602,2368,1932,2315,1.1920928977282585e-07
UC,42,new_P3_selected,R2_UC_42_selected,R2,validation,P2_candidate_clock,origin_bucket,10:00–:59,7938,0.9864320336966628,0.5050390526581002,0.4708170493658355,0.22478363591690803,0.5925877131070477,0.9864320336966627,2314,3479,2145,1.1920928955078125e-07
UC,42,new_P3_selected,R2_UC_42_selected,R2,validation,P2_candidate_clock,origin_bucket,11:00–:59,7938,0.9002194249271905,0.5675233056185437,0.47444888144114244,0.2506720199478328,0.5381137897849433,0.9002194249271904,1923,4109,1906,1.043081285789782e-07
UC,42,new_P3_selected,R2_UC_42_selected,R2,validation,P2_candidate_clock,origin_bucket,12:00–:59,7938,0.8277713191304706,0.610103300579491,0.46140599035868574,0.23292173143708308,0.492849970964849,0.8277713191304706,1669,4663,1606,1.1175870917590203e-07
UC,42,new_P3_selected,R2_UC_42_selected,R2,validation,P2_candidate_clock,origin_bucket,13:00–:59,7938,0.8603399871948799,0.5870496346686823,0.4640812351533105,0.23292789940568887,0.5154279691606388,0.86033998719488,1730,4456,1752,1.1175870873181282e-07
UC,42,new_P3_selected,R2_UC_42_selected,R2,validation,P2_candidate_clock,origin_bucket,14:00–:59,5292,0.9088030268977322,0.5602796674225246,0.47190502888879376,0.23664132555283982,0.5453554881751604,0.9088030268977322,1260,2776,1256,1.043081286900005e-07
UC,42,new_P3_selected,R2_UC_42_selected,R2,validation,P2_candidate_clock,relative_spread_bin,high,15944,0.7841223429908237,0.6500250878073256,0.41510493776892643,0.20524927529263692,0.46379840001837386,1.0256453445257665,2964,10154,2826,1.043081285789782e-07
UC,42,new_P3_selected,R2_UC_42_selected,R2,validation,P2_candidate_clock,relative_spread_bin,invalid,297,1.1278118624591356,0.43434343434343436,0.41869382494382495,0.15304593646559372,0.6684002943397758,1.0580369930156783,100,113,84,8.940696749615284e-08
UC,42,new_P3_selected,R2_UC_42_selected,R2,validation,P2_candidate_clock,relative_spread_bin,low,11934,1.0187055643873717,0.46430367018602314,0.46159056726254616,0.19627672082261058,0.615775468638951,1.0069358364207828,4069,3975,3890,1.1920928977282585e-07
UC,42,new_P3_selected,R2_UC_42_selected,R2,validation,P2_candidate_clock,relative_spread_bin,middle,15484,0.9752022631005631,0.5085249289589253,0.4604305879299749,0.2076647287696113,0.5879538022875684,0.9902903125294302,4131,7173,4180,1.1920928955078125e-07
UC,42,new_P3_selected,R2_UC_42_selected,R2,validation,P2_candidate_clock,l5_depth_bin,high,16237,0.8629170448891956,0.5900104699143931,0.462899991857205,0.25669348799611064,0.51410978001185,0.844756074710751,3772,8814,3651,1.1920928977282585e-07
UC,42,new_P3_selected,R2_UC_42_selected,R2,validation,P2_candidate_clock,l5_depth_bin,invalid,295,1.1286695407102056,0.43728813559322033,0.4215274247221821,0.15664011336678046,0.6677347931934297,1.082198755520087,100,111,84,8.940696749615284e-08
UC,42,new_P3_selected,R2_UC_42_selected,R2,validation,P2_candidate_clock,l5_depth_bin,low,9117,1.0084664552992655,0.4752659866184052,0.4696336163802522,0.21039660835919005,0.6093519808249271,1.0049061695380879,2908,3418,2791,1.1175870917590203e-07
UC,42,new_P3_selected,R2_UC_42_selected,R2,validation,P2_candidate_clock,l5_depth_bin,middle,18010,0.9192637735538747,0.5478067740144364,0.4731024500161931,0.23809297517475542,0.5522383910852018,0.9336908772482471,4484,9072,4454,1.1920928955078125e-07
UC,42,new_P3_selected,R2_UC_42_selected,R2,validation,P3_intersection,origin_bucket,09:00–:59,6454,1.0348787555263785,0.44561512240471024,0.4382886940585385,0.16556431332722163,0.6277975747537248,1.0336521094666746,2335,1838,2281,1.1920928977282585e-07
UC,42,new_P3_selected,R2_UC_42_selected,R2,validation,P3_intersection,origin_bucket,10:00–:59,7833,0.9819374704765919,0.5068300778756543,0.4722204209165565,0.22802531898464032,0.5902708961767833,0.9821378632846518,2290,3415,2128,1.1920928955078125e-07
UC,42,new_P3_selected,R2_UC_42_selected,R2,validation,P3_intersection,origin_bucket,11:00–:59,7851,0.8973778957174073,0.569354222392052,0.47595428697236475,0.25485683943033277,0.5364676343788533,0.8985820126039997,1907,4050,1894,1.043081285789782e-07
UC,42,new_P3_selected,R2_UC_42_selected,R2,validation,P3_intersection,origin_bucket,12:00–:59,7857,0.8248431515827703,0.6124474990454372,0.46251628336713396,0.23749623523715385,0.49089963760937616,0.8260359693149342,1652,4608,1597,1.1175870917590203e-07
UC,42,new_P3_selected,R2_UC_42_selected,R2,validation,P3_intersection,origin_bucket,13:00–:59,7883,0.8582743619302359,0.5881009767854878,0.4645383402515988,0.23527624989961768,0.5142595978333651,0.8591314464434111,1722,4417,1744,1.1175870873181282e-07
UC,42,new_P3_selected,R2_UC_42_selected,R2,validation,P3_intersection,origin_bucket,14:00–:59,5269,0.9075094114082218,0.5613968494970583,0.4725970783118369,0.23850932005442996,0.5445653416175089,0.908066074718785,1256,2761,1252,1.043081286900005e-07
UC,42,new_P3_selected,R2_UC_42_selected,R2,validation,P3_intersection,relative_spread_bin,high,15893,0.7823078727647469,0.6506008934751148,0.4157921823999004,0.2085205364408402,0.4629586117927683,1.0145173931295295,2963,10104,2826,1.043081285789782e-07
UC,42,new_P3_selected,R2_UC_42_selected,R2,validation,P3_intersection,relative_spread_bin,low,11787,1.0121736558426397,0.46788835157376774,0.46529125704271923,0.20154902152985799,0.6123192448561273,1.0017801091921292,4068,3829,3890,1.1920928977282585e-07
UC,42,new_P3_selected,R2_UC_42_selected,R2,validation,P3_intersection,relative_spread_bin,middle,15467,0.9750089982680699,0.5086312794982867,0.46062324870287624,0.2081454567694259,0.5878462769625629,0.9864402878107604,4131,7156,4180,1.1920928955078125e-07
UC,42,new_P3_selected,R2_UC_42_selected,R2,validation,P3_intersection,l5_depth_bin,high,16233,0.8630008577006146,0.5899094437257438,0.46286613334011406,0.2566301481264352,0.5141684548643704,0.8448248530261534,3772,8810,3651,1.1920928977282585e-07
UC,42,new_P3_selected,R2_UC_42_selected,R2,validation,P3_intersection,l5_depth_bin,low,8928,0.9968380497033115,0.4814068100358423,0.4761365863506531,0.22018360426519937,0.6033380157749466,1.0011556089666498,2908,3229,2791,1.1175870917590203e-07
UC,42,new_P3_selected,R2_UC_42_selected,R2,validation,P3_intersection,l5_depth_bin,middle,17986,0.9193434364880637,0.5475369732013788,0.4730784254042299,0.238073937028302,0.5523367168614229,0.9336472304182898,4482,9050,4454,1.1920928955078125e-07
