asset_id,workbook_rows,cache_rows,schema_equal,key_order_equal,cache_keys_without_workbook,workbook_keys_without_cache,cache_key_duplicates,workbook_key_duplicates,exact_unequal_cells,numeric_exact_mismatches,numeric_outside_tolerance,missingness_mismatches,float32_value_mismatches,full_row_exact_matches,full_row_tolerance_matches,atol,rtol,forecast_rows,workbook_cache_label_mismatches,forecast_origin_history_conflicts,forecast_file_conflict_any_endpoint
KR7000030007_t,26346,26346,True,True,0,0,0,0,2,2,0,0,0,26344,26346,1e-12,1e-12,18734,0,0,0
KR7000100008_t,24438,24438,True,True,0,0,0,0,0,0,0,0,0,24438,24438,1e-12,1e-12,18734,0,0,0
KR7000120006_t,23933,23933,True,True,0,0,0,0,0,0,0,0,0,23933,23933,1e-12,1e-12,18734,0,0,0
KR7000150003_t,24906,24906,True,True,0,0,0,0,4,4,0,0,0,24903,24906,1e-12,1e-12,18734,0,0,0
KR7000270009_t,26776,26776,True,True,0,0,0,0,13,13,0,0,0,26765,26776,1e-12,1e-12,18734,0,0,0
KR7000660001_t,26977,26977,True,True,0,0,0,0,13,13,0,0,0,26966,26977,1e-12,1e-12,18734,0,0,0
KR7000720003_t,26613,26613,True,True,0,0,0,0,7,7,0,0,0,26607,26613,1e-12,1e-12,18734,0,0,0
KR7000810002_t,23839,23839,True,True,0,0,0,0,1,1,0,0,0,23838,23839,1e-12,1e-12,18734,0,0,0
KR7001040005_t,25595,25595,True,True,0,0,0,0,0,0,0,0,0,25595,25595,1e-12,1e-12,18734,0,0,0
KR7001450006_t,23741,23741,True,True,0,0,0,0,2,2,0,0,0,23739,23741,1e-12,1e-12,18734,0,0,0
KR7002380004_t,24549,24549,True,True,0,0,0,0,1,1,0,0,0,24548,24549,1e-12,1e-12,18734,0,0,0
KR7002550002_t,23291,23291,True,True,0,0,0,0,0,0,0,0,0,23291,23291,1e-12,1e-12,18734,0,0,0
KR7002790004_t,25618,25618,True,True,0,0,0,0,0,0,0,0,0,25618,25618,1e-12,1e-12,18734,0,0,0
KR7003550001_t,25220,25220,True,True,0,0,0,0,5,5,0,0,0,25215,25220,1e-12,1e-12,18734,0,0,0
KR7004020004_t,26632,26632,True,True,0,0,0,0,9,9,0,0,0,26623,26632,1e-12,1e-12,18734,0,0,0
KR7004170007_t,25302,25302,True,True,0,0,0,0,0,0,0,0,0,25302,25302,1e-12,1e-12,18734,0,0,0
KR7005300009_t,23615,23615,True,True,0,0,0,0,1,1,0,0,0,23614,23615,1e-12,1e-12,18734,0,0,0
KR7005380001_t,26754,26754,True,True,0,0,0,0,1,1,0,0,0,26753,26754,1e-12,1e-12,18734,0,0,0
KR7005440003_t,24653,24653,True,True,0,0,0,0,0,0,0,0,0,24653,24653,1e-12,1e-12,18734,0,0,0
KR7005490008_t,26763,26763,True,True,0,0,0,0,0,0,0,0,0,26763,26763,1e-12,1e-12,18734,0,0,0
KR7005830005_t,23523,23523,True,True,0,0,0,0,2,2,0,0,0,23521,23523,1e-12,1e-12,18734,0,0,0
KR7005930003_t,26680,26680,True,True,0,0,0,0,4,4,0,0,0,26676,26680,1e-12,1e-12,18734,0,0,0
KR7006400006_t,26613,26613,True,True,0,0,0,0,1,1,0,0,0,26612,26613,1e-12,1e-12,18734,0,0,0
KR7006800007_t,26774,26774,True,True,0,0,0,0,2,2,0,0,0,26772,26774,1e-12,1e-12,18734,0,0,0
KR7007070006_t,25824,25824,True,True,0,0,0,0,4,4,0,0,0,25820,25824,1e-12,1e-12,18734,0,0,0
KR7008770000_t,26744,26744,True,True,0,0,0,0,10,10,0,0,0,26735,26744,1e-12,1e-12,18734,0,0,0
KR7009150004_t,26633,26633,True,True,0,0,0,0,9,9,0,0,0,26624,26633,1e-12,1e-12,18734,0,0,0
