epoch,train_p3_nll,train_valid_rows,validation_p3_nll,validation_valid_rows,accepted,selected_epoch,epoch_seconds,microbatch
1,1.163998572684604,302922,1.0481103288960276,43050,True,1,0.9416652657091618,8
2,1.0889208028596393,302922,1.0245033536621166,43050,True,2,0.21092554740607738,8
3,1.0768189195471782,302922,1.0314267557786718,43050,False,2,0.2058320753276348,8
4,1.06866459571308,302922,1.0362604161978308,43050,False,2,0.20021347887814045,8
5,1.0635737268774275,302922,1.0114667113741425,43050,True,5,0.20379038341343403,8
6,1.0589102872881415,302922,1.014964077130997,43050,False,5,0.20262821204960346,8
7,1.0556896655836476,302922,1.0097828537940456,43050,True,7,0.20581630617380142,8
8,1.0518999125358204,302922,1.010046407002082,43050,False,7,0.20834727212786674,8
9,1.0490036156317288,302922,1.0024245824204208,43050,True,9,0.2113637924194336,8
10,1.0465334822262156,302922,0.9952741184468129,43050,True,10,0.20949686132371426,8
11,1.043851249023315,302922,0.9891083514375574,43050,True,11,0.21139533817768097,8
12,1.0415723235245995,302922,0.9866172521287262,43050,True,12,0.21004326082766056,8
13,1.039586688028395,302922,0.980219030820197,43050,True,13,0.21031402237713337,8
14,1.03817815877165,302922,0.9788938640835202,43050,True,14,0.2138090915977955,8
15,1.036534018684059,302922,0.974608393186021,43050,True,15,0.21064778789877892,8
16,1.0359937875744545,302922,0.9681876795809442,43050,True,16,0.212726429104805,8
17,1.0359417903651635,302922,0.9787607697842116,43050,False,16,0.20738243497908115,8
18,1.0346467911493873,302922,0.9826453709008635,43050,False,16,0.20131810754537582,8
19,1.0331551241042456,302922,0.9690931289892409,43050,False,16,0.20103787444531918,8
20,1.0317825328565398,302922,0.9648790903809678,43050,True,20,0.20771084539592266,8
21,1.0300975682722677,302922,0.9625996769940016,43050,True,21,0.20685830526053905,8
22,1.0293637706370162,302922,0.9613546751649993,43050,True,22,0.21398763172328472,8
23,1.0272698629299193,302922,0.9616290838782302,43050,False,22,0.20465865544974804,8
24,1.0269567648409181,302922,0.964348212378779,43050,False,22,0.20099816657602787,8
25,1.0265463180129446,302922,0.9603111258470861,43050,True,25,0.20450433902442455,8
26,1.02510734008698,302922,0.9568434271629099,43050,True,26,0.20559199340641499,8
27,1.0228210248133698,302922,0.9584808408156306,43050,False,26,0.20324411615729332,8
28,1.0225224441382341,302922,0.951589369500956,43050,True,28,0.20541799813508987,8
29,1.021269738871323,302922,0.964222655239708,43050,False,28,0.26808856800198555,8
30,1.02149215646762,302922,0.9536619045573238,43050,False,28,0.28393026627600193,8
31,1.0208271742473103,302922,0.9478176373526013,43050,True,31,0.2800172232091427,8
32,1.0195258791351405,302922,0.954979266748866,43050,False,31,0.2250653225928545,8
33,1.0176407019426361,302922,0.9507087337790459,43050,False,31,0.20791982859373093,8
34,1.0168349319780288,302922,0.9478831103346316,43050,False,31,0.21967591904103756,8
35,1.0171643294410102,302922,0.9539241990821764,43050,False,31,0.22586197592318058,8
36,1.0152663777060777,302922,0.9449286443747222,43050,True,36,0.26091357693076134,8
37,1.014829884722284,302922,0.9524919268622513,43050,False,36,0.24445841647684574,8
38,1.0136695212168634,302922,0.9488272153856714,43050,False,36,0.23572169989347458,8
39,1.0128276494334505,302922,0.9435217275728002,43050,True,39,0.24263579957187176,8
40,1.011730355710381,302922,0.9429292410581516,43050,True,40,0.23562240414321423,8
41,1.010816862992732,302922,0.9386137418485697,43050,True,41,0.2257508635520935,8
42,1.0104740599268205,302922,0.9411569924028034,43050,False,41,0.21202109940350056,8
43,1.009831834771771,302922,0.9330391262687682,43050,True,43,0.2122867926955223,8
44,1.0092176029528384,302922,0.9449564967335499,43050,False,43,0.21610164269804955,8
45,1.008100848710126,302922,0.9405802567153597,43050,False,43,0.21620258875191212,8
46,1.0069114390936447,302922,0.9367619382342367,43050,False,43,0.2258062046021223,8
47,1.0063231788799618,302922,0.934152986286026,43050,False,43,0.21914729103446007,8
48,1.0066766718931695,302922,0.9386219049239702,43050,False,43,0.2178642749786377,8
49,1.006154984935659,302922,0.934149008466858,43050,False,43,0.21637726202607155,8
50,1.0045377715065678,302922,0.9380040318983833,43050,False,43,0.2244978453963995,8
51,1.0043474251625755,302922,0.9326155109119579,43050,True,51,0.23061970993876457,8
52,1.0030354143126416,302922,0.9255220646601434,43050,True,52,0.22766448184847832,8
53,1.004141485660139,302922,0.9411522901248939,43050,False,52,0.22222269885241985,8
54,1.0029519370169186,302922,0.929545377433422,43050,False,52,0.21601143665611744,8
55,1.0024476691023572,302922,0.9339389073282784,43050,False,52,0.22445673495531082,8
56,1.002099054315782,302922,0.9348791022613535,43050,False,52,0.22751559130847454,8
57,1.0017406349203033,302922,0.931598575129191,43050,False,52,0.22278697788715363,8
58,1.0017250445826917,302922,0.9298861494582215,43050,False,52,0.2172805517911911,8
59,1.0002189703376354,302922,0.9359366353790028,43050,False,52,0.22195863910019398,8
60,1.0003731896768187,302922,0.9264571938154335,43050,False,52,0.2185422107577324,8
61,0.9998692661052959,302922,0.9263045255103476,43050,False,52,0.2103013452142477,8
62,0.9992165706248999,302922,0.92433348830408,43050,True,62,0.21582099795341492,8
63,0.9989982299373503,302922,0.9246994654458789,43050,False,62,0.2125989869236946,8
64,0.9991079202209799,302922,0.9286024626105771,43050,False,62,0.21021053194999695,8
65,0.9980548930145642,302922,0.9299791694743799,43050,False,62,0.22245678678154945,8
66,0.9973802373540569,302922,0.9250444435177904,43050,False,62,0.21548784710466862,8
67,0.9978220260476759,302922,0.9208613583304565,43050,True,67,0.22532089054584503,8
68,0.997439783110808,302922,0.9318379671181787,43050,False,67,0.21168732456862926,8
69,0.9974220237545809,302922,0.9216048828147843,43050,False,67,0.21582246012985706,8
70,0.9964792951241497,302922,0.9258422220966738,43050,False,67,0.21392684429883957,8
71,0.99660907638346,302922,0.923996836805592,43050,False,67,0.21573766320943832,8
72,0.9968084240035905,302922,0.9297065938791819,43050,False,67,0.21114483661949635,8
73,0.996175575093898,302922,0.9207401599200264,43050,True,73,0.22432854399085045,8
74,0.9953533163565647,302922,0.9250586629631674,43050,False,73,0.22380798310041428,8
75,0.9963427219049221,302922,0.9237501481481197,43050,False,73,0.24109931103885174,8
76,0.996576613236942,302922,0.9201673616998106,43050,True,76,0.21307031624019146,8
77,0.9954749145826164,302922,0.9218485154195022,43050,False,76,0.21583653055131435,8
78,0.995643702110648,302922,0.9222728576416072,43050,False,76,0.21732511557638645,8
79,0.9949171759768192,302922,0.9213624085404076,43050,False,76,0.21306320652365685,8
80,0.9956324645188933,302922,0.9176950697979076,43050,True,80,0.2176436260342598,8
81,0.9946698478112249,302922,0.9284809656035828,43050,False,80,0.21858015097677708,8
82,0.9938010689136508,302922,0.9187508982009971,43050,False,80,0.21822189539670944,8
83,0.9939385403665048,302922,0.9230552770503248,43050,False,80,0.21910859271883965,8
84,0.9935260039061984,302922,0.9212215390127837,43050,False,80,0.21647032722830772,8
85,0.9920804300681673,302922,0.9286909893038938,43050,False,80,0.21535468474030495,8
86,0.9924700083781623,302922,0.9193535360152668,43050,False,80,0.21393268555402756,8
87,0.9927748654053529,302922,0.9166944169009884,43050,True,87,0.22308948077261448,8
88,0.9926139522309219,302922,0.9209165257762288,43050,False,87,0.21853454783558846,8
89,0.99217798513088,302922,0.9165714265494259,43050,True,89,0.2172328494489193,8
90,0.9920109461159504,302922,0.9221934212648626,43050,False,89,0.21711056306958199,8
91,0.9917802372873241,302922,0.9190190619200538,43050,False,89,0.21295518428087234,8
92,0.9915831747429129,302922,0.9185758999027399,43050,False,89,0.21581018529832363,8
93,0.991625578905729,302922,0.9211209999061696,43050,False,89,0.2229646798223257,8
94,0.9909451020546208,302922,0.9214023933008214,43050,False,89,0.21922067925333977,8
95,0.9915388419366981,302922,0.9172445689899128,43050,False,89,0.217202790081501,8
96,0.9906836247952753,302922,0.9189004400336722,43050,False,89,0.22480327636003494,8
97,0.9904087866633418,302922,0.9185980867238818,43050,False,89,0.22585893981158733,8
98,0.9901045502192757,302922,0.9177058231046678,43050,False,89,0.22084465622901917,8
99,0.9899416036276717,302922,0.9229582172178135,43050,False,89,0.2234679851680994,8
100,0.990706307108477,302922,0.9161894415151147,43050,True,100,0.23312123864889145,8
101,0.9904950771349039,302922,0.923084690313114,43050,False,100,0.22654352709650993,8
102,0.990429454499245,302922,0.9163468932792087,43050,False,100,0.22825634479522705,8
103,0.9906378247532446,302922,0.915641406112065,43050,True,103,0.22102755308151245,8
104,0.9896338993731653,302922,0.9187408948480802,43050,False,103,0.21929054334759712,8
105,0.9893765856624189,302922,0.9178448770567841,43050,False,103,0.21894381195306778,8
106,0.9892694718061962,302922,0.9164907799002524,43050,False,103,0.2132994644343853,8
107,0.9891102263481684,302922,0.9151752760952855,43050,True,107,0.22643567062914371,8
108,0.9889054284768954,302922,0.9169605598484846,43050,False,107,0.21949288435280323,8
109,0.98862564260496,302922,0.9176293451995738,43050,False,107,0.209067115560174,8
110,0.9886987061934724,302922,0.9174942082778677,43050,False,107,0.21021496504545212,8
111,0.9887145846589633,302922,0.9217165193905557,43050,False,107,0.21200121194124222,8
112,0.9887427019102174,302922,0.9162777994802356,43050,False,107,0.20922104455530643,8
113,0.987905950743534,302922,0.9178897830802164,43050,False,107,0.20954950340092182,8
114,0.9884700481099894,302922,0.9174324338993424,43050,False,107,0.20875454135239124,8
115,0.9882593176252364,302922,0.9183923001382145,43050,False,107,0.20968245342373848,8
116,0.9880074970825823,302922,0.914599962133655,43050,True,116,0.2807832397520542,8
117,0.9878876288327343,302922,0.9233416430181925,43050,False,116,0.21680688858032227,8
118,0.9882215353962819,302922,0.9141762777605907,43050,True,118,0.22068972513079643,8
119,0.9872580160222506,302922,0.9180101912403311,43050,False,118,0.2142690923064947,8
120,0.9879531938428173,302922,0.9129344955728125,43050,True,120,0.21409612894058228,8
121,0.9878671356869507,302922,0.9141237198332823,43050,False,120,0.2146431840956211,8
122,0.9866657153691534,302922,0.9168387836774725,43050,False,120,0.2105725035071373,8
123,0.9864892900344654,302922,0.91814087508178,43050,False,120,0.21040064468979836,8
124,0.9868954673311374,302922,0.9147588503206661,43050,False,120,0.21027321368455887,8
125,0.9867966390655794,302922,0.9156468181016131,43050,False,120,0.21637358330190182,8
126,0.9862070407699063,302922,0.9208435605514791,43050,False,120,0.2163980957120657,8
127,0.9864010664867678,302922,0.9143546032533203,43050,False,120,0.20913271233439445,8
128,0.9866905741560276,302922,0.9122673963768897,43050,True,128,0.212711276486516,8
129,0.9866888927384385,302922,0.9227961617791846,43050,False,128,0.20912091806530952,8
130,0.9874541706616101,302922,0.9190785295888788,43050,False,128,0.21362856589257717,8
131,0.9873845754880021,302922,0.9135843946585179,43050,False,128,0.2162431925535202,8
132,0.9866959593265371,302922,0.9152243911178501,43050,False,128,0.21099444292485714,8
133,0.9858051604069076,302922,0.9177234909028649,43050,False,128,0.21313980408012867,8
134,0.9854015164192046,302922,0.9138183327062899,43050,False,128,0.21957898698747158,8
135,0.9860375776525186,302922,0.9139011851736688,43050,False,128,0.22009124793112278,8
136,0.9859333900069186,302922,0.9137156432862589,43050,False,128,0.21862380392849445,8
137,0.9855295135020319,302922,0.9144926996484999,43050,False,128,0.2296816185116768,8
138,0.9848626485775939,302922,0.9154894804845437,43050,False,128,0.22283673845231533,8
139,0.985301194119923,302922,0.9133043409410542,43050,False,128,0.22258995287120342,8
140,0.9849222350349265,302922,0.9172712783232417,43050,False,128,0.22441846318542957,8
141,0.9848421556332984,302922,0.91478884885937,43050,False,128,0.21534555219113827,8
142,0.984983471679204,302922,0.9166721787119958,43050,False,128,0.21212414279580116,8
143,0.984863398314544,302922,0.9154675619523397,43050,False,128,0.21355733834207058,8
144,0.9839365020088453,302922,0.9167249181041588,43050,False,128,0.21082079224288464,8
145,0.9843915413611012,302922,0.9124460728853308,43050,False,128,0.2124763671308756,8
146,0.9847267801634862,302922,0.9169011959961919,43050,False,128,0.2208646610379219,8
147,0.985119644944697,302922,0.9130712027468508,43050,False,128,0.22074280865490437,8
148,0.9840752688282276,302922,0.9157434150756594,43050,False,128,0.20949851907789707,8
149,0.98427341195293,302922,0.9146997928528632,43050,False,128,0.2091270573437214,8
150,0.9843681542427795,302922,0.9188006302102673,43050,False,128,0.21260149590671062,8
151,0.9845585944801926,302922,0.9121785487482175,43050,False,128,0.21230639703571796,8
152,0.9834600021667861,302922,0.9161499272649323,43050,False,128,0.21423856355249882,8
153,0.9834253055254839,302922,0.9154191671613455,43050,False,128,0.20982016436755657,8
154,0.9835669248108707,302922,0.9139280096833163,43050,False,128,0.20749561302363873,8
155,0.9839064200478357,302922,0.9119276223309264,43050,True,155,0.21000607311725616,8
156,0.9842780189766775,302922,0.919219275859682,43050,False,155,0.21402149461209774,8
157,0.9843498349513241,302922,0.9161161066229874,43050,False,155,0.2111769337207079,8
158,0.9842319821862145,302922,0.912656207444393,43050,False,155,0.2153566163033247,8
159,0.9826538272112437,302922,0.9136753288897893,43050,False,155,0.20941845141351223,8
160,0.9831857179254401,302922,0.912588385759057,43050,False,155,0.21049406193196774,8
161,0.9825837609586275,302922,0.9128981774680669,43050,False,155,0.2237119060009718,8
162,0.9836531332768058,302922,0.9149321866666376,43050,False,155,0.21676409617066383,8
163,0.9835544504856035,302922,0.9130228789722441,43050,False,155,0.20827767997980118,8
164,0.9827504294370746,302922,0.9175340792504589,43050,False,155,0.2118637729436159,8
165,0.9832292657343,302922,0.9154558376547176,43050,False,155,0.2113063856959343,8
166,0.9833394140002161,302922,0.911449603307777,43050,True,166,0.214995838701725,8
167,0.9825660602354164,302922,0.9138540534590691,43050,False,166,0.2187355849891901,8
168,0.9829011245491698,302922,0.9179513906266371,43050,False,166,0.21274464018642902,8
169,0.9830793594478323,302922,0.910758505416013,43050,True,169,0.21370251663029194,8
170,0.9830150924236221,302922,0.9181788719313267,43050,False,169,0.21083753928542137,8
171,0.9828347364604946,302922,0.9150899105548792,43050,False,169,0.21336662024259567,8
172,0.9825480399521938,302922,0.9106672811655678,43050,False,169,0.21571413055062294,8
173,0.9834751812673338,302922,0.9140726067313691,43050,False,169,0.21657029539346695,8
174,0.9816513589925789,302922,0.916393263475846,43050,False,169,0.22625352814793587,8
175,0.9822375205069679,302922,0.9151768590408491,43050,False,169,0.21828617341816425,8
176,0.9818065011469279,302922,0.9124093218883982,43050,False,169,0.21312183886766434,8
177,0.9826171457113831,302922,0.9115464564547577,43050,False,169,0.21642950363457203,8
178,0.9820214783948353,302922,0.912839079268804,43050,False,169,0.21449757926166058,8
179,0.9820152481835387,302922,0.9172038186506581,43050,False,169,0.21715707331895828,8
180,0.9821026438169315,302922,0.9128717750922646,43050,False,169,0.21783328242599964,8
181,0.9818662282429037,302922,0.9131772362680575,43050,False,169,0.21903260983526707,8
182,0.9818491166706849,302922,0.9138410563353484,43050,False,169,0.21811161935329437,8
183,0.9812338572628123,302922,0.9112088313875303,43050,False,169,0.20503502897918224,8
184,0.9814674632877853,302922,0.9112756921089238,43050,False,169,0.20524590276181698,8
185,0.9813476165971562,302922,0.9150988064652211,43050,False,169,0.20613261125981808,8
186,0.9813913652895795,302922,0.9163917592769129,43050,False,169,0.20645050518214703,8
187,0.9821209909137346,302922,0.9104223491812745,43050,True,187,0.21064217202365398,8
188,0.9828518701963965,302922,0.912844899982204,43050,False,187,0.20744923874735832,8
189,0.9809694441214188,302922,0.915151143387043,43050,False,187,0.20469625294208527,8
190,0.9811580357061801,302922,0.911985013297273,43050,False,187,0.20488343201577663,8
191,0.9809995327315334,302922,0.9113221560466328,43050,False,187,0.2082695420831442,8
192,0.9805089019296453,302922,0.9128009054528071,43050,False,187,0.2097242083400488,8
193,0.9804545980854162,302922,0.9139480942188287,43050,False,187,0.2085840217769146,8
194,0.9806642796234983,302922,0.9116808790822203,43050,False,187,0.21137091517448425,8
195,0.9807540240028271,302922,0.9113900688476448,43050,False,187,0.2062257956713438,8
196,0.980340952994784,302922,0.9145593213851105,43050,False,187,0.20931129530072212,8
197,0.9799676617679994,302922,0.9145377955030146,43050,False,187,0.21459869481623173,8
198,0.980080787221009,302922,0.9103581079179033,43050,False,187,0.20921507105231285,8
199,0.9810357504059548,302922,0.9140193706516878,43050,False,187,0.21102170459926128,8
200,0.9802387197830501,302922,0.9124202439251552,43050,False,187,0.21519548632204533,8
