model,seed,family,fold,split,population,grouping,group,rows,nll,accuracy,macro_f1,mcc,brier,equal_asset_nll,down,flat,up,max_probability_sum_error
S,123,fixed,main,development_holdout,P0_legacy,origin_bucket,09:00–:59,594,1.1075054728121707,0.3956228956228956,0.389711858271696,0.0821441965909392,0.6632231536929074,1.1075054728121707,222,174,198,1.043081283569336e-07
S,123,fixed,main,development_holdout,P0_legacy,origin_bucket,10:00–:59,594,1.0144685433504435,0.47474747474747475,0.3879841932630536,0.09529915253749709,0.6136806584953585,1.0144685433504435,150,297,147,9.313225746154785e-08
S,123,fixed,main,development_holdout,P0_legacy,origin_bucket,11:00–:59,594,0.9367254086523972,0.5606060606060606,0.3786591559700803,0.12592469690096392,0.5614052369952811,0.9367254086523972,144,335,115,8.940696716308594e-08
S,123,fixed,main,development_holdout,P0_legacy,origin_bucket,12:00–:59,594,0.8229526385519836,0.6397306397306397,0.38475346210408734,0.1494471510734026,0.4915739393958491,0.8229526385519838,108,378,108,1.043081283569336e-07
S,123,fixed,main,development_holdout,P0_legacy,origin_bucket,13:00–:59,594,0.8902648592603151,0.5892255892255892,0.3943383909985436,0.1412139244827192,0.5306063361906014,0.8902648592603151,128,353,113,9.313225746154785e-08
S,123,fixed,main,development_holdout,P0_legacy,origin_bucket,14:00–:59,594,0.9398759501188142,0.5336700336700336,0.34839073969508755,0.06831936374148025,0.5682527694915647,0.9398759501188142,119,331,144,8.940696716308594e-08
S,123,fixed,main,development_holdout,P0_legacy,origin_bucket,15:00–:59,198,0.6942302416980943,0.7222222222222222,0.36110656110656114,0.023443224380721182,0.40474545923110683,0.6942302416980946,17,157,24,7.450580596923828e-08
S,123,fixed,main,development_holdout,P0_legacy,relative_spread_bin,high,3758,0.9385049807210287,0.542309739222991,0.4150165603077338,0.16669932435542573,0.562694501978448,0.9385049807210287,884,2025,849,1.043081283569336e-07
S,123,fixed,main,development_holdout,P0_legacy,relative_spread_bin,invalid,4,0.8402091794486228,0.5,0.2222222222222222,0.0,0.5516166210298982,0.8402091794486228,4,0,0,5.960464477539063e-08
S,123,fixed,main,development_holdout,P0_legacy,l5_depth_bin,high,37,0.973793832020302,0.5405405405405406,0.5051282051282051,0.31994677027231766,0.5967873019385552,0.9737938320203022,10,14,13,5.960464477539063e-08
S,123,fixed,main,development_holdout,P0_legacy,l5_depth_bin,invalid,4,0.8402091794486228,0.5,0.2222222222222222,0.0,0.5516166210298982,0.8402091794486228,4,0,0,5.960464477539063e-08
S,123,fixed,main,development_holdout,P0_legacy,l5_depth_bin,low,549,1.056862522495145,0.4262295081967213,0.4208992293267991,0.1361819045855528,0.6340162064482636,1.056862522495145,187,196,166,9.685754776000977e-08
S,123,fixed,main,development_holdout,P0_legacy,l5_depth_bin,middle,3172,0.9176083924700632,0.562421185372005,0.3934807704647885,0.1372651034174916,0.5499526831409786,0.9176083924700632,687,1815,670,1.043081283569336e-07
S,123,fixed,main,development_holdout,P1_valid_cache_endpoints,origin_bucket,09:00–:59,586,1.1007743060978368,0.39761092150170646,0.39225978692097785,0.08564405283169144,0.66066941479618,1.1007743060978368,218,170,198,1.043081283569336e-07
S,123,fixed,main,development_holdout,P1_valid_cache_endpoints,origin_bucket,10:00–:59,594,1.0144685433504435,0.47474747474747475,0.3879841932630536,0.09529915253749709,0.6136806584953585,1.0144685433504435,150,297,147,9.313225746154785e-08
S,123,fixed,main,development_holdout,P1_valid_cache_endpoints,origin_bucket,11:00–:59,594,0.9367254086523972,0.5606060606060606,0.3786591559700803,0.12592469690096392,0.5614052369952811,0.9367254086523972,144,335,115,8.940696716308594e-08
S,123,fixed,main,development_holdout,P1_valid_cache_endpoints,origin_bucket,12:00–:59,594,0.8229526385519836,0.6397306397306397,0.38475346210408734,0.1494471510734026,0.4915739393958491,0.8229526385519838,108,378,108,1.043081283569336e-07
S,123,fixed,main,development_holdout,P1_valid_cache_endpoints,origin_bucket,13:00–:59,594,0.8902648592603151,0.5892255892255892,0.3943383909985436,0.1412139244827192,0.5306063361906014,0.8902648592603151,128,353,113,9.313225746154785e-08
S,123,fixed,main,development_holdout,P1_valid_cache_endpoints,origin_bucket,14:00–:59,594,0.9398759501188142,0.5336700336700336,0.34839073969508755,0.06831936374148025,0.5682527694915647,0.9398759501188142,119,331,144,8.940696716308594e-08
S,123,fixed,main,development_holdout,P1_valid_cache_endpoints,origin_bucket,15:00–:59,99,0.8921877759683495,0.5454545454545454,0.32662835249042144,0.017591325351716428,0.5454771729883208,0.8921877759683495,17,58,24,7.450580596923828e-08
S,123,fixed,main,development_holdout,P1_valid_cache_endpoints,relative_spread_bin,high,3655,0.9489266891258461,0.5332421340629275,0.4126735181928242,0.1644978181873611,0.5701430281516241,0.9489266891258461,884,1922,849,1.043081283569336e-07
S,123,fixed,main,development_holdout,P1_valid_cache_endpoints,l5_depth_bin,high,37,0.973793832020302,0.5405405405405406,0.5051282051282051,0.31994677027231766,0.5967873019385552,0.9737938320203022,10,14,13,5.960464477539063e-08
S,123,fixed,main,development_holdout,P1_valid_cache_endpoints,l5_depth_bin,low,543,1.0485967463809112,0.427255985267035,0.4223240931866054,0.13816297047539614,0.6310452715578947,1.0485967463809112,187,190,166,9.685754776000977e-08
S,123,fixed,main,development_holdout,P1_valid_cache_endpoints,l5_depth_bin,middle,3075,0.9310272011984981,0.551869918699187,0.39079330114723176,0.13525282123546575,0.5590679854525277,0.9310272011984981,687,1718,670,1.043081283569336e-07
S,123,fixed,main,development_holdout,P2_candidate_clock,origin_bucket,09:00–:59,495,1.091758421639247,0.40606060606060607,0.39379946780042113,0.10508284508590084,0.6593560380988738,1.091758421639247,176,157,162,1.043081283569336e-07
S,123,fixed,main,development_holdout,P2_candidate_clock,origin_bucket,10:00–:59,594,1.0144685433504435,0.47474747474747475,0.3879841932630536,0.09529915253749709,0.6136806584953585,1.0144685433504435,150,297,147,9.313225746154785e-08
S,123,fixed,main,development_holdout,P2_candidate_clock,origin_bucket,11:00–:59,594,0.9367254086523972,0.5606060606060606,0.3786591559700803,0.12592469690096392,0.5614052369952811,0.9367254086523972,144,335,115,8.940696716308594e-08
S,123,fixed,main,development_holdout,P2_candidate_clock,origin_bucket,12:00–:59,594,0.8229526385519836,0.6397306397306397,0.38475346210408734,0.1494471510734026,0.4915739393958491,0.8229526385519838,108,378,108,1.043081283569336e-07
S,123,fixed,main,development_holdout,P2_candidate_clock,origin_bucket,13:00–:59,594,0.8902648592603151,0.5892255892255892,0.3943383909985436,0.1412139244827192,0.5306063361906014,0.8902648592603151,128,353,113,9.313225746154785e-08
S,123,fixed,main,development_holdout,P2_candidate_clock,origin_bucket,14:00–:59,396,0.9267302733444125,0.5277777777777778,0.3381463643524221,0.035851571641306146,0.5583582403141296,0.9267302733444125,76,227,93,8.940696716308594e-08
S,123,fixed,main,development_holdout,P2_candidate_clock,relative_spread_bin,high,3263,0.9441327525063478,0.53723567269384,0.41065222040313776,0.15869869300287895,0.567104119264177,0.9441327525063478,778,1747,738,1.043081283569336e-07
S,123,fixed,main,development_holdout,P2_candidate_clock,relative_spread_bin,invalid,4,0.8402091794486228,0.5,0.2222222222222222,0.0,0.5516166210298982,0.8402091794486228,4,0,0,5.960464477539063e-08
S,123,fixed,main,development_holdout,P2_candidate_clock,l5_depth_bin,high,32,0.9289272832115504,0.59375,0.5675381263616558,0.38362434323159883,0.5694079947668255,0.9289272832115505,8,13,11,5.960464477539063e-08
S,123,fixed,main,development_holdout,P2_candidate_clock,l5_depth_bin,invalid,4,0.8402091794486228,0.5,0.2222222222222222,0.0,0.5516166210298982,0.8402091794486228,4,0,0,5.960464477539063e-08
S,123,fixed,main,development_holdout,P2_candidate_clock,l5_depth_bin,low,435,1.029195886828609,0.4413793103448276,0.4207503823037803,0.14811471291598077,0.6237810506180186,1.029195886828609,136,173,126,9.313225746154785e-08
S,123,fixed,main,development_holdout,P2_candidate_clock,l5_depth_bin,middle,2796,0.9310727065790412,0.5515021459227468,0.39432354281418047,0.1390282312220478,0.5582599886651048,0.931072706579041,634,1561,601,1.043081283569336e-07
S,123,fixed,main,development_holdout,P3_intersection,origin_bucket,09:00–:59,489,1.0920381108573125,0.4069529652351738,0.39527809503505057,0.1082470760616981,0.6591904888106,1.0920381108573125,172,155,162,1.043081283569336e-07
S,123,fixed,main,development_holdout,P3_intersection,origin_bucket,10:00–:59,594,1.0144685433504435,0.47474747474747475,0.3879841932630536,0.09529915253749709,0.6136806584953585,1.0144685433504435,150,297,147,9.313225746154785e-08
S,123,fixed,main,development_holdout,P3_intersection,origin_bucket,11:00–:59,594,0.9367254086523972,0.5606060606060606,0.3786591559700803,0.12592469690096392,0.5614052369952811,0.9367254086523972,144,335,115,8.940696716308594e-08
S,123,fixed,main,development_holdout,P3_intersection,origin_bucket,12:00–:59,594,0.8229526385519836,0.6397306397306397,0.38475346210408734,0.1494471510734026,0.4915739393958491,0.8229526385519838,108,378,108,1.043081283569336e-07
S,123,fixed,main,development_holdout,P3_intersection,origin_bucket,13:00–:59,594,0.8902648592603151,0.5892255892255892,0.3943383909985436,0.1412139244827192,0.5306063361906014,0.8902648592603151,128,353,113,9.313225746154785e-08
S,123,fixed,main,development_holdout,P3_intersection,origin_bucket,14:00–:59,396,0.9267302733444125,0.5277777777777778,0.3381463643524221,0.035851571641306146,0.5583582403141296,0.9267302733444125,76,227,93,8.940696716308594e-08
S,123,fixed,main,development_holdout,P3_intersection,relative_spread_bin,high,3261,0.943775598173507,0.5375651640601042,0.41092631646555805,0.15951689382802797,0.5668905605067679,0.943775598173507,778,1745,738,1.043081283569336e-07
S,123,fixed,main,development_holdout,P3_intersection,l5_depth_bin,high,32,0.9289272832115504,0.59375,0.5675381263616558,0.38362434323159883,0.5694079947668255,0.9289272832115505,8,13,11,5.960464477539063e-08
S,123,fixed,main,development_holdout,P3_intersection,l5_depth_bin,low,433,1.0268989953488175,0.44341801385681295,0.42272051298020347,0.15164923745534512,0.622434488850805,1.0268989953488175,136,171,126,9.313225746154785e-08
S,123,fixed,main,development_holdout,P3_intersection,l5_depth_bin,middle,2796,0.9310727065790412,0.5515021459227468,0.39432354281418047,0.1390282312220478,0.5582599886651048,0.931072706579041,634,1561,601,1.043081283569336e-07
S,123,fixed,main,validation,P0_legacy,origin_bucket,09:00–:59,294,1.1179982712590226,0.3979591836734694,0.371559364242291,0.08135060287393639,0.6736115609038328,1.1179982712590224,105,86,103,1.043081283569336e-07
S,123,fixed,main,validation,P0_legacy,origin_bucket,10:00–:59,294,1.0555629391010228,0.46598639455782315,0.4308481121752687,0.143692382953385,0.6389321872059738,1.0555629391010228,86,135,73,8.940696716308594e-08
S,123,fixed,main,validation,P0_legacy,origin_bucket,11:00–:59,294,0.8914994360499753,0.5782312925170068,0.4236261373906482,0.15638464003772132,0.535647110654502,0.8914994360499753,62,175,57,8.940696716308594e-08
S,123,fixed,main,validation,P0_legacy,origin_bucket,12:00–:59,294,0.8404039900201598,0.6156462585034014,0.43183981323516213,0.18670006644027937,0.5082361893832618,0.8404039900201598,62,177,55,8.940696716308594e-08
S,123,fixed,main,validation,P0_legacy,origin_bucket,13:00–:59,294,0.9140512161834407,0.5510204081632653,0.3730779578237205,0.11813747125455905,0.5543440760410777,0.9140512161834407,62,163,69,8.940696716308594e-08
S,123,fixed,main,validation,P0_legacy,origin_bucket,14:00–:59,294,0.8958974625959822,0.5340136054421769,0.372025669581671,0.06569864182278601,0.5483034517707818,0.8958974625959822,58,171,65,1.043081283569336e-07
S,123,fixed,main,validation,P0_legacy,origin_bucket,15:00–:59,98,0.6875862434375761,0.7448979591836735,0.463686732554657,0.24934204599045642,0.3961582322209183,0.6875862434375761,12,73,13,1.043081283569336e-07
S,123,fixed,main,validation,P0_legacy,relative_spread_bin,high,1853,0.9365208383430931,0.5369670804101457,0.44660643614022405,0.19174797527010948,0.5652804973733128,0.9365208383430931,446,974,433,1.043081283569336e-07
S,123,fixed,main,validation,P0_legacy,relative_spread_bin,invalid,9,1.3713170087504798,0.2222222222222222,0.2962962962962963,0.31622776601683794,0.9251856063304261,1.3713170087504798,1,6,2,3.725290298461914e-08
S,123,fixed,main,validation,P0_legacy,l5_depth_bin,invalid,9,1.3713170087504798,0.2222222222222222,0.2962962962962963,0.31622776601683794,0.9251856063304261,1.3713170087504798,1,6,2,3.725290298461914e-08
S,123,fixed,main,validation,P0_legacy,l5_depth_bin,low,775,1.015577614435367,0.4761290322580645,0.45277339855756166,0.1873912234375353,0.6130776871984865,1.015577614435367,226,334,215,1.043081283569336e-07
S,123,fixed,main,validation,P0_legacy,l5_depth_bin,middle,1078,0.8796850299279612,0.5807050092764379,0.4113597484200597,0.1422051601162329,0.5309179536678306,0.8796850299279612,220,640,218,1.043081283569336e-07
S,123,fixed,main,validation,P1_valid_cache_endpoints,origin_bucket,09:00–:59,282,1.0996049376760715,0.4078014184397163,0.38144890938176124,0.08744796326376732,0.6614495829000715,1.0996049376760717,104,77,101,1.043081283569336e-07
S,123,fixed,main,validation,P1_valid_cache_endpoints,origin_bucket,10:00–:59,294,1.0555629391010228,0.46598639455782315,0.4308481121752687,0.143692382953385,0.6389321872059738,1.0555629391010228,86,135,73,8.940696716308594e-08
S,123,fixed,main,validation,P1_valid_cache_endpoints,origin_bucket,11:00–:59,294,0.8914994360499753,0.5782312925170068,0.4236261373906482,0.15638464003772132,0.535647110654502,0.8914994360499753,62,175,57,8.940696716308594e-08
S,123,fixed,main,validation,P1_valid_cache_endpoints,origin_bucket,12:00–:59,294,0.8404039900201598,0.6156462585034014,0.43183981323516213,0.18670006644027937,0.5082361893832618,0.8404039900201598,62,177,55,8.940696716308594e-08
S,123,fixed,main,validation,P1_valid_cache_endpoints,origin_bucket,13:00–:59,294,0.9140512161834407,0.5510204081632653,0.3730779578237205,0.11813747125455905,0.5543440760410777,0.9140512161834407,62,163,69,8.940696716308594e-08
S,123,fixed,main,validation,P1_valid_cache_endpoints,origin_bucket,14:00–:59,294,0.8958974625959822,0.5340136054421769,0.372025669581671,0.06569864182278601,0.5483034517707818,0.8958974625959822,58,171,65,1.043081283569336e-07
S,123,fixed,main,validation,P1_valid_cache_endpoints,origin_bucket,15:00–:59,49,0.8782788488822607,0.5918367346938775,0.4487734487734489,0.33792266766718726,0.5318773899037685,0.8782788488822608,12,24,13,7.450580596923828e-08
S,123,fixed,main,validation,P1_valid_cache_endpoints,relative_spread_bin,high,1801,0.9465653964138554,0.5280399777901166,0.44413189456401403,0.18852708231119727,0.5727467523095227,0.9465653964138555,446,922,433,1.043081283569336e-07
S,123,fixed,main,validation,P1_valid_cache_endpoints,l5_depth_bin,low,769,1.014424576306397,0.47464239271781533,0.4523243330349929,0.1866761482521777,0.6133992402710183,1.014424576306397,226,328,215,1.043081283569336e-07
S,123,fixed,main,validation,P1_valid_cache_endpoints,l5_depth_bin,middle,1032,0.8959997865908279,0.5678294573643411,0.40870963036859836,0.1421141741142208,0.5424543460668966,0.8959997865908278,220,594,218,8.940696716308594e-08
S,123,fixed,main,validation,P2_candidate_clock,origin_bucket,09:00–:59,245,1.095612261476686,0.40816326530612246,0.3837875870495646,0.10410109352944841,0.6669525734447456,1.095612261476686,88,76,81,1.043081283569336e-07
S,123,fixed,main,validation,P2_candidate_clock,origin_bucket,10:00–:59,294,1.0555629391010228,0.46598639455782315,0.4308481121752687,0.143692382953385,0.6389321872059738,1.0555629391010228,86,135,73,8.940696716308594e-08
S,123,fixed,main,validation,P2_candidate_clock,origin_bucket,11:00–:59,294,0.8914994360499753,0.5782312925170068,0.4236261373906482,0.15638464003772132,0.535647110654502,0.8914994360499753,62,175,57,8.940696716308594e-08
S,123,fixed,main,validation,P2_candidate_clock,origin_bucket,12:00–:59,294,0.8404039900201598,0.6156462585034014,0.43183981323516213,0.18670006644027937,0.5082361893832618,0.8404039900201598,62,177,55,8.940696716308594e-08
S,123,fixed,main,validation,P2_candidate_clock,origin_bucket,13:00–:59,294,0.9140512161834407,0.5510204081632653,0.3730779578237205,0.11813747125455905,0.5543440760410777,0.9140512161834407,62,163,69,8.940696716308594e-08
S,123,fixed,main,validation,P2_candidate_clock,origin_bucket,14:00–:59,196,0.9195213163734917,0.5204081632653061,0.3695373037672227,0.06984962853258579,0.5631665509870107,0.9195213163734917,40,110,46,1.043081283569336e-07
S,123,fixed,main,validation,P2_candidate_clock,relative_spread_bin,high,1609,0.9485483602115711,0.5282784338098198,0.44267319660674587,0.18353707504981645,0.5744728721373008,0.9485483602115711,399,831,379,1.043081283569336e-07
S,123,fixed,main,validation,P2_candidate_clock,relative_spread_bin,invalid,8,1.335379926103308,0.25,0.3055555555555555,0.320844473959874,0.897760603029433,1.3353799261033081,1,5,2,3.725290298461914e-08
S,123,fixed,main,validation,P2_candidate_clock,l5_depth_bin,invalid,8,1.335379926103308,0.25,0.3055555555555555,0.320844473959874,0.897760603029433,1.3353799261033081,1,5,2,3.725290298461914e-08
S,123,fixed,main,validation,P2_candidate_clock,l5_depth_bin,low,696,1.0103514848843635,0.47844827586206895,0.449505369226243,0.18228372453365915,0.6128222053301948,1.0103514848843633,207,307,182,1.043081283569336e-07
S,123,fixed,main,validation,P2_candidate_clock,l5_depth_bin,middle,913,0.9014344776570655,0.5662650602409639,0.41169221462306943,0.14450589267502137,0.5452383311709763,0.9014344776570656,192,524,197,8.940696716308594e-08
S,123,fixed,main,validation,P3_intersection,origin_bucket,09:00–:59,235,1.0841446151289977,0.41702127659574467,0.3924412050671438,0.11027827736992829,0.6571319396640934,1.0841446151289977,87,69,79,1.043081283569336e-07
S,123,fixed,main,validation,P3_intersection,origin_bucket,10:00–:59,294,1.0555629391010228,0.46598639455782315,0.4308481121752687,0.143692382953385,0.6389321872059738,1.0555629391010228,86,135,73,8.940696716308594e-08
S,123,fixed,main,validation,P3_intersection,origin_bucket,11:00–:59,294,0.8914994360499753,0.5782312925170068,0.4236261373906482,0.15638464003772132,0.535647110654502,0.8914994360499753,62,175,57,8.940696716308594e-08
S,123,fixed,main,validation,P3_intersection,origin_bucket,12:00–:59,294,0.8404039900201598,0.6156462585034014,0.43183981323516213,0.18670006644027937,0.5082361893832618,0.8404039900201598,62,177,55,8.940696716308594e-08
S,123,fixed,main,validation,P3_intersection,origin_bucket,13:00–:59,294,0.9140512161834407,0.5510204081632653,0.3730779578237205,0.11813747125455905,0.5543440760410777,0.9140512161834407,62,163,69,8.940696716308594e-08
S,123,fixed,main,validation,P3_intersection,origin_bucket,14:00–:59,196,0.9195213163734917,0.5204081632653061,0.3695373037672227,0.06984962853258579,0.5631665509870107,0.9195213163734917,40,110,46,1.043081283569336e-07
S,123,fixed,main,validation,P3_intersection,relative_spread_bin,high,1607,0.9478819735424833,0.5289359054138145,0.44325599491783224,0.18498837410441366,0.574070666720754,0.9478819735424834,399,829,379,1.043081283569336e-07
S,123,fixed,main,validation,P3_intersection,l5_depth_bin,low,695,1.009477252195063,0.479136690647482,0.45014546081642043,0.18355361815773133,0.6123167697690826,1.009477252195063,207,306,182,1.043081283569336e-07
S,123,fixed,main,validation,P3_intersection,l5_depth_bin,middle,912,0.9009425890429846,0.5668859649122807,0.41220712904281115,0.1461516783592376,0.5449247877530036,0.9009425890429845,192,523,197,8.940696716308594e-08
